code,current_name,rubric,conf,from_web_override
10231,Туалетная вода soul,Парфюмерия,,False
10919,Мужская туалетная вода ascendant,Парфюмерия,,False
11037,Туалетная вода ascendant (пробник),Парфюмерия,,False
111249,Фильтр для воды,Товары для дома и подарки,high,True
11355,Туалетная вода divine,Парфюмерия,,False
11365,Парфюмерная вода amber elixir,Парфюмерия,,False
11367,Парфюмерная вода amber elixir,Парфюмерия,,False
114186,"Набор "" Восстановление упругости """,Наборы,,False
114784,"Набор "" Нежность """,Наборы,,False
115329,Набор для ухода за руками,Наборы,,False
115518,"Набор "" Эластичность+ """,Наборы,,False
115520,"Набор "" Эксперт - здоровое сияние """,Наборы,,False
115521,"Набор "" Эксперт - восстановление """,Наборы,,False
115537,Парфюмерный набор power woman,Наборы,,False
115538,Набор volare,Наборы,,False
115539,Набор eclat homme,Наборы,,False
115540,"Набор "" Восстановление упругости """,Наборы,,False
115541,Набор the one,Наборы,,False
115542,"Набор для укрепления волос "" Эксперт - красота и сила """,Наборы,,False
115543,"Набор "" Норд """,Наборы,,False
115544,"Набор "" Активный кислород """,Наборы,,False
115839,"Набор для волос "" Молоко и мёд - золотая серия """,Наборы,,False
115936,"Набор "" Эластичность + """,Наборы,,False
115937,"Набор "" Человек-паук """,Наборы,,False
115938,"Набор "" Холодное сердце """,Наборы,,False
116395,Набор giordani gold,Наборы,,False
116396,Парфюмерный набор divine,Наборы,,False
116397,Парфюмерный набор eclat homme,Наборы,,False
116398,Парфюмерный набор eclat femme,Наборы,,False
116399,"Набор "" Свежесть исландии """,Наборы,,False
116400,"Набор "" Бразильское приключение """,Наборы,,False
116401,"Набор "" Пляжи майами """,Наборы,,False
116402,"Набор для ног "" Актив-уход """,Наборы,,False
116403,"Набор "" Яблоко и корица """,Наборы,,False
116404,Набор для ногтей the one,Наборы,,False
116406,Набор для губ и ресниц the one,Наборы,,False
116408,"Набор для умывания "" Чайное дерево """,Наборы,,False
116409,"Набор "" Люцерна """,Наборы,,False
116410,"Набор "" Бузина и яблоко """,Наборы,,False
116411,"Набор "" Малина и мята """,Наборы,,False
116412,"Набор "" Ананас и шалфей """,Наборы,,False
116413,"Набор "" Эксперт - здоровое сияние """,Наборы,,False
116414,"Набор "" Эксперт - баланс """,Наборы,,False
116415,Парфюмерный набор paradise,Наборы,,False
116417,"Набор "" Оптифреш """,Наборы,,False
116418,Набор ascendant,Наборы,,False
116419,Набор s8 night,Наборы,,False
116420,Парфюмерный набор possess,Наборы,,False
116750,Набор «шведский spa-салон»,Наборы,,False
116866,"Набор "" Защита и осветление """,Наборы,,False
116867,Прафюмерный набор giordani gold originale,Наборы,,False
116868,"Набор для лица "" Молоко и мёд - золотая серия """,Наборы,,False
116869,"Набор "" Новая мечта """,Наборы,,False
117267,"Набор "" Весенний букет """,Наборы,,False
117268,Набор lucia,Наборы,,False
117269,Набор eclat femme,Наборы,,False
117278,Набор possess,Наборы,,False
117279,Набор the one,Наборы,,False
117280,Парфюмерный набор giordani gold man,Наборы,,False
117281,Парфюмерный набор signature,Наборы,,False
117285,Набор для ногтей the one,Наборы,,False
117577,"Набор "" Эластичность+ """,Наборы,,False
117578,"Набор "" Активный кислород """,Наборы,,False
117579,Набор tenderly,Наборы,,False
117580,"Набор "" Бриллианты и жемчуг """,Наборы,,False
117790,Набор для бритья «шелковая нежность»,Наборы,,False
117791,Набор «защита и осветление»,Наборы,,False
117792,Набор для жирной кожи «активный кислород»,Наборы,,False
117973,Набор amber elixir,Наборы,,False
117974,"Набор "" Шёлковая нежность """,Наборы,,False
118057,Монопод для селфи,Аксессуары,high,True
118319,"Набор для детей "" Оптифреш """,Наборы,,False
118320,Набор для душа «шведский spa салон»,Наборы,,False
118321,Парфюмерный набор s8 night,Наборы,,False
118322,Набор volare,Наборы,,False
118323,"Набор "" Норд сенситив """,Наборы,,False
118501,"Набор "" Золотая мечта "" (32079, 32679, 31606)",Наборы,,False
118502,"Набор "" Киви """,Наборы,,False
118503,"Набор "" Абрикос и рисовое молочко """,Наборы,,False
118504,"Набор "" Ромашка """,Наборы,,False
118505,"Набор "" Шиповник """,Наборы,,False
118506,"Набор "" Малина """,Наборы,,False
118507,"Набор "" Уход за ногтями """,Наборы,,False
118509,"Набор "" Активное отбеливание """,Наборы,,False
118510,Набор miss giordani,Наборы,,False
118511,"Набор "" Норд """,Наборы,,False
119004,"Набор "" Зелёный чай и бергамот """,Наборы,,False
119092,Набор glacier,Наборы,,False
119093,Набор для волос и тела «норд ориджинал»,Наборы,,False
119094,Набор «норд ориджинал»,Наборы,,False
119095,Набор «шведский спа-салон»,Наборы,,False
119152,Парфюмерный набор love potion,Наборы,,False
119153,Парфюмерный набор divine,Наборы,,False
119154,Парфюмерный набор eclat femme,Наборы,,False
119155,Парфюмерный набор eclat homme,Наборы,,False
119157,"Парфюмерный набор "" Звёздные войны """,Наборы,,False
119158,"Парфюмерный набор "" В поисках дори """,Наборы,,False
119159,"Набор "" Японские церемонии """,Наборы,,False
119160,"Набор "" Японская философия """,Наборы,,False
119161,"Набор "" Кубинские ритмы """,Наборы,,False
119162,"Набор "" Зимние грёзы """,Наборы,,False
119163,Набор для тела si magnifique!,Наборы,,False
119553,"Набор essense & co. "" Нероли и жасмин "" (жидкое мыло для рук, лосьон для рук и тела, мыло)",Наборы,,False
119554,"Набор для ухода за телом "" Молоко и мёд - золотая серия """,Наборы,,False
119555,"Набор для ухода за волосами "" Молоко и мёд - золотая серия """,Наборы,,False
119556,Набор для ухода за кожей рук и ногтями,Наборы,,False
119557,Набор the one,Наборы,,False
119558,"Набор "" Знойная танзания """,Наборы,,False
119559,"Набор "" Пляжи майами """,Наборы,,False
119560,"Набор для детей "" Оптифреш """,Наборы,,False
119561,Набор для ухода за кожей ног,Наборы,,False
119562,"Набор "" Эксперт-питание """,Наборы,,False
119564,"Набор "" Чайное дерево """,Наборы,,False
119565,"Набор "" Шиповник """,Наборы,,False
119566,"Набор "" В поисках дори """,Наборы,,False
119567,"Набор "" Звёздные войны """,Наборы,,False
119568,"Набор "" Абрикос и рисовое молочко """,Наборы,,False
119569,"Набор "" Пряный цитрус """,Наборы,,False
119570,"Набор "" Эксперт-здоровое сияние """,Наборы,,False
119571,"Набор "" Эксперт-максимальный объём """,Наборы,,False
119659,Набор «мечта шопоголика»,Наборы,,False
120259,"Набор "" Пралине """,Наборы,,False
120260,"Набор "" Японские церемонии """,Наборы,,False
120261,Набор s8 night,Наборы,,False
120262,Набор glacier,Наборы,,False
120263,Набор «норд анлимитед»,Наборы,,False
120524,"Набор "" Цветочный """,Наборы,,False
120525,"Набор для сухих и повреждённых волос "" Эксперт - восстановление """,Наборы,,False
120526,"Набор для тонких волос "" Эксперт - максимальный объём """,Наборы,,False
120527,"Набор для детей "" Оптифреш """,Наборы,,False
120528,Набор для ног feet up comfort,Наборы,,False
120529,"Набор для рук "" Нежность """,Наборы,,False
121315,Набор «кружево»,Наборы,,False
121316,Набор «звездные войны»,Наборы,,False
121317,Набор «в поисках дори»,Наборы,,False
121397,"Набор "" Весенняя мечта """,Наборы,,False
121581,Набор northern beauty,Наборы,,False
121605,"Набор "" Пралине """,Наборы,,False
121687,"Набор "" Клубника и лайм """,Наборы,,False
121688,"Набор "" Авокадо """,Наборы,,False
121887,"Набор "" Летняя свежесть """,Наборы,,False
12190,Туалетная вода signature,Парфюмерия,,False
121907,"Набор "" Тачки 3 """,Наборы,,False
121908,"Набор "" Моана """,Наборы,,False
121961,Декоративные наклейки,Товары для дома и подарки,,False
121962,Подарочный пакет,Товары для дома и подарки,,False
122131,"Набор "" Тачки 3 """,Наборы,,False
122132,"Набор "" Моана """,Наборы,,False
122134,Набор volare,Наборы,,False
122257,Набор «оптифреш»,Наборы,,False
122269,Набор loving care,Наборы,,False
122369,"Набор "" Золотое сияние """,Наборы,,False
122682,Колготки innamore fleur 40 ден размер 3,Одежда и текстиль,,False
122683,Колготки innamore fleur 40 ден размер 4,Одежда и текстиль,,False
122714,"Набор essense & co. "" Магнолия и инжир """,Наборы,,False
122715,"Набор "" Тачки 3 """,Наборы,,False
122716,"Набор "" Моана """,Наборы,,False
122717,"Набор для бритья "" Норд ориджинал """,Наборы,,False
122718,"Набор для тела "" Норд энергетик """,Наборы,,False
122719,"Набор "" Чайное дерево """,Наборы,,False
122720,"Набор "" Алоэ вера """,Наборы,,False
122721,"Набор "" Авокадо """,Наборы,,False
122722,"Набор "" Малина и мята """,Наборы,,False
122723,"Набор "" Пляжи майами """,Наборы,,False
122724,"Набор "" Кубинские ритмы """,Наборы,,False
122725,"Набор "" Зимние грёзы """,Наборы,,False
122726,"Набор "" Пряный цитрус """,Наборы,,False
122732,"Набор "" Рождественский пирог """,Наборы,,False
122733,Парфюмерный набор possess,Наборы,,False
122734,Парфюмерный набор divine,Наборы,,False
122735,Парфюмерный набор giordani gold essenza,Наборы,,False
122736,Набор для укладки волос «эксперт-стайлинг»,Наборы,,False
122737,Набор для жирных волос «эксперт-баланс»,Наборы,,False
122738,Набор для тонких волос «эксперт – максимальный объем»,Наборы,,False
122739,"Набор "" Свежесть исландии """,Наборы,,False
122740,"Набор "" Японские традиции """,Наборы,,False
122741,"Набор "" Тосканский закат """,Наборы,,False
122742,"Набор для тела "" Норд ориджинал """,Наборы,,False
122743,"Набор для бритья "" Норд сенситив """,Наборы,,False
122744,Набор для лица «норд антиэйдж»,Наборы,,False
122745,Набор northern glow,Наборы,,False
122746,"Набор "" Моана """,Наборы,,False
122747,"Набор "" Тачки 3 """,Наборы,,False
122988,"Чулки Innamore Flirt 40 ден, размер S-M",Одежда и текстиль,high,True
122989,"Чулки Innamore Flirt 40 ден, размер M-L",Одежда и текстиль,high,True
123253,"Набор "" Макарун """,Наборы,,False
123256,"Набор "" Свежесть исландии """,Наборы,,False
123257,"Набор "" Японские церемонии """,Наборы,,False
123258,Мужской набор с шариковым дезодорантом,Наборы,,False
123259,Набор s8,Наборы,,False
123262,Мужской набор со спреем-дезодорантом-антиперспирантом,Наборы,,False
123263,Набор giordani gold notte,Наборы,,False
123264,"Набор "" Норд экстрим """,Наборы,,False
123671,"Набор "" Японские церемонии """,Наборы,,False
123672,"Набор "" Тосканский закат """,Наборы,,False
123673,"Набор "" Пляжи майами """,Наборы,,False
123674,"Набор "" Весенний микс """,Наборы,,False
124084,"Набор "" Чистая мечта """,Наборы,,False
124085,"Набор "" Пряный цитрус """,Наборы,,False
124086,"Набор "" Миндаль """,Наборы,,False
124087,"Набор "" Elvie summer joy """,Наборы,,False
124088,"Набор "" Молоко и мёд """,Наборы,,False
124089,Набор leader,Наборы,,False
124229,"Набор "" Лиловая мечта """,Наборы,,False
124230,"Набор "" Суперсемейка 2 """,Наборы,,False
124313,Набор «молоко и мед – золотая серия»,Наборы,,False
124470,"Набор "" Миндаль "" . мини-версия",Наборы,,False
127178,"Набор "" Приятные мечты """,Наборы,,False
127179,"Набор "" Суперсемейка 2 """,Наборы,,False
127180,"Набор "" Микк маус """,Наборы,,False
127181,"Набор "" Японские церемонии """,Наборы,,False
127182,"Набор "" Озёра новой зеландии """,Наборы,,False
1276,Специальный смягчающий крем,Уход за лицом,,False
12760,Специальное смягчающее средство,Уход за лицом,,False
128272,"Набор "" Золотые мечты """,Наборы,,False
128273,"Набор "" Счастливый момент """,Наборы,,False
128450,"Набор "" Каталог 01 2023 + пробники """,Наборы,,False
128813,"Набор "" Дачный """,Наборы,,False
128814,"Набор детский "" Оптифреш """,Наборы,,False
128815,"Набор "" Оптифреш """,Наборы,,False
13047,Дезодорант-антиперсперант 24-часового действия divine,Дезодоранты,,False
13063,Дезодорант-антиперсперант 24-часового действия elvie,Дезодоранты,,False
133453,Набор divine royal,Наборы,,False
133489,"Набор "" Интенсивная защита """,Наборы,,False
133490,"Набор "" Экстремальная свежесть """,Наборы,,False
133491,"Набор "" Детский """,Наборы,,False
133663,"Набор "" Каштан """,Наборы,,False
136046,"Набор novage "" Пилинг + защита """,Наборы,,False
136279,"Набор для бритья "" Норд сенситив """,Наборы,,False
136280,"Набор "" Чистая кожа без блеска """,Наборы,,False
136285,"Набор "" Глубокое очищение """,Наборы,,False
136292,"Набор "" Черничный десерт """,Наборы,,False
136300,Набор «шведский spa-салон»,Наборы,,False
136301,"Набор "" Мечта в руках """,Наборы,,False
136312,Набор festive wonderland,Наборы,,False
136313,"Набор "" Огни парижа """,Наборы,,False
136314,"Набор "" Здоровые зубы """,Наборы,,False
136321,"Набор "" Великолепные волосы """,Наборы,,False
136326,"Набор для него "" Новая зеландия """,Наборы,,False
136328,"Набор для него "" Коста-рика """,Наборы,,False
136329,"Набор для неё "" Калифорния """,Наборы,,False
136330,"Набор для неё "" Голливуд """,Наборы,,False
136474,Набор women´s collection,Наборы,,False
13659,Клеточный крем молодости diamond cellular,Уход за лицом,,False
137892,"Набор "" Персиковый поцелуй "" . цена 499 руб. при покупке одного любого продукта из этого каталога",Наборы,,False
137893,"Набор "" Голливудский соблазн "" . цена 499 руб. при покупке одного любого продукта из этого каталога",Наборы,,False
138195,Набор для бритья north for men sensitive,Наборы,,False
138196,"Набор "" Зелёный чай и личи """,Наборы,,False
138197,"Набор "" Гранат и овёс """,Наборы,,False
138198,"Набор "" Пшеница и кокос """,Наборы,,False
138434,Набор eclat homme,Наборы,,False
138435,Набор eclat femme,Наборы,,False
13850,Туалетная вода enigma,Парфюмерия,,False
13861,Муж. дезодорант-антиперспирант 24-часового действия glacier,Дезодоранты,,False
138838,Набор divine (41545 + 41542),Наборы,,False
138877,Набор giordani gold,Наборы,,False
138878,Набор eclat,Наборы,,False
138879,Набор против выпадения волос hairx,Наборы,,False
138880,Набор для сухих и поврежденных волос hairx,Наборы,,False
138881,Набор для сухих и повреждённых волос hairx,Наборы,,False
138885,Набор possess,Наборы,,False
138886,Набор для защиты волос hairx,Наборы,,False
139085,"Набор "" Вместе выгоднее """,Наборы,,False
139158,"Набор "" Баланс """,Наборы,,False
139159,"Набор "" Свежесть """,Наборы,,False
139160,Набор для волос beautanicals,Наборы,,False
139162,Набор для защиты кожи optimals,Наборы,,False
139164,Набор для увлажнения и сияния кожи optimals hydra radiance,Наборы,,False
139166,"Набор "" Очищение и обновление "" Pure skin",Наборы,,False
139167,"Набор "" Очищение и детокс "" Pure skin",Наборы,,False
139169,"Набор "" Ночное преображение """,Наборы,,False
139170,Набор be happy,Наборы,,False
139171,Набор mister giordani,Наборы,,False
139172,Набор miss giordani,Наборы,,False
139173,"Набор "" Мамины мечты """,Наборы,,False
139174,Универсальный крем для лица и тела cranberry bliss,Уход за лицом,,False
139239,"Набор "" Интенсивная свежесть """,Наборы,,False
139384,"Набор "" 5 дней красоты """,Наборы,,False
139488,Набор giordani gold,Наборы,,False
139676,"Набор "" Экспертный уход """,Наборы,,False
13984,Ароматизированный тальк для тела lucia,Уход за телом,,False
140368,"Набор "" Утренняя звезда """,Наборы,,False
140369,Набор wake up,Наборы,,False
140370,"Набор discover "" Джунгли коста-рики """,Наборы,,False
140371,"Набор discover "" Голливудская мечта """,Наборы,,False
140372,"Набор discover "" Пляжи калифорнии """,Наборы,,False
140373,Парфюмерный набор eclat femme,Наборы,,False
140374,"Набор "" Нежная роза """,Наборы,,False
140375,"Набор "" Мятная бирюза """,Наборы,,False
140376,"Набор "" Свежий драйв """,Наборы,,False
140379,"Набор "" Эффектный взгляд """,Наборы,,False
140383,"Набор "" Двойной эффект """,Наборы,,False
140386,Набор для бритья north for men subzero,Наборы,,False
140388,Набор для тела north for men,Наборы,,False
140389,Парфюмерный набор be the legend,Наборы,,False
140390,Набор giordani gold,Наборы,,False
140392,Набор антивозрастных средств optimals age revive,Наборы,,False
140393,Набор средств против пигментации optimals even out,Наборы,,False
140394,"Набор "" Гранат и овёс """,Наборы,,False
140395,"Набор "" Пшеница и кокос """,Наборы,,False
140396,"Набор "" Авокадо """,Наборы,,False
140397,"Набор "" Интенсивный уход """,Наборы,,False
140398,Набор loved up,Наборы,,False
140399,Набор с лимоном и вербеной essense & co.,Наборы,,False
141568,Подарочный набор giordani gold original,Наборы,,False
141744,"Набор "" Свежая энергия """,Наборы,,False
141866,Подарочный набор milk & honey gold,Наборы,,False
14652,Пена для бритья для чувствительной кожи «норд»,Уход за телом,,False
14654,Увлажняющий бальзам после бритья «норд»,Уход за телом,,False
147151,Подарочный набор nordic waters,Наборы,,False
148230,Набор карточка + ночная маска для интенсивного восстановления кожи novage+,Наборы,,False
150547,Набор для тела love nature,Наборы,,False
150548,Набор для волос love nature,Наборы,,False
150549,Набор amber eixir,Наборы,,False
150551,Набор eclat femme,Наборы,,False
150647,Парфюмерная вода giordani gold man + шариковый дезодорант-антиперспирант giordani gold man за 2199 руб.,Парфюмерия,,False
150838,Ночная маска для интенсивного восстановления кожи novage+. праздничный выпуск,Уход за лицом,,False
150839,Восстанавливающие капсулы для лица с концентратом масел novage+. праздничный выпуск,Уход за лицом,,False
151028,Набор giordani gold woman,Наборы,,False
151029,Набор glacier,Наборы,,False
151215,Набор средств для рук и тела с грушей и бобами тонка essense&co.,Наборы,,False
151518,Карандаш-подводка для глаз + тушь для ресниц за 539 руб.,Макияж,,False
15183,Мужская туалетная вода s8 night,Парфюмерия,,False
152468,Туалетная вода + шампунь для волос и тела за 1499 руб.,Парфюмерия,,False
15397,Комплекс «омега-3»,Wellness и питание,,False
15447,Сухая смесь для коктейля «нэчурал баланс – клубника»,Wellness и питание,,False
15448,Сухая смесь для коктейля «нэчурал баланс – ваниль»,Wellness и питание,,False
15537,"Шампунь против перхоти для мужчин "" Норд """,Уход за волосами,,False
15548,"Мужской шариковый дезодорант-антиперспирант "" Норд """,Дезодоранты,,False
16675,Носки для интенсивного ухода за кожей ног,Одежда и текстиль,,False
16686,Мужской бальзам для век «норд»,Макияж,,False
16687,Мужской крем против старения кожи «норд»,Уход за лицом,,False
17075,Губка для душа,Уход за телом,,False
17305,Концентрированный защитный крем для рук «интенсив-уход»,Уход за руками и ногами,,False
17328,Мужская туалетная вода giordani man,Парфюмерия,,False
17358,Пена для бритья для нормальной кожи «норд»,Уход за телом,,False
17540,Туалетная вода excite by dima bilan,Парфюмерия,,False
17964,Ватные диски,Аксессуары,,False
18174,Мужской восстанавливающий гель для душа «норд»,Уход за телом,,False
18437,Ночной восстанавливающий клеточный крем diamond cellular,Уход за лицом,,False
18481,Тонизирующий гель для душа «шведский spa салон»,Уход за телом,,False
18483,"Имбирный скраб для тела "" Шведский spa салон """,Уход за телом,,False
18484,Ночной крем для рук «шведский spa салон»,Уход за руками и ногами,,False
18765,Питательное масло 3-в-1 для тела и волос «шведский spa салон»,Уход за волосами,,False
18819,Щётка для тела,Уход за телом,,False
18909,Туалетная вода infinite rush,Парфюмерия,,False
18911,Гель для душа infinite rush,Уход за телом,,False
18950,Парфюмированный крем для тела amber elixir,Парфюмерия,,False
18957,Парфюмерная вода precious moments,Парфюмерия,,False
19639,Туалетная вода flamboyant,Парфюмерия,,False
19640,Мужской дезодорант-антиперспирант 24-часового действия flamboyant,Дезодоранты,,False
19854,Туалетная вода glacier ice,Парфюмерия,,False
20164,"Гель для умывания "" Код чистоты """,Уход за лицом,,False
20166,"Лосьон-тоник, предотвращающий появление чёрных точек "" Код чистоты актив """,Уход за лицом,,False
20167,"Матирующий крем "" Код чистоты """,Уход за лицом,,False
20194,"Гель-скраб для умывания "" Код чистоты актив """,Уход за лицом,,False
20357,Антивозрастной крем для рук,Уход за руками и ногами,,False
20371,"Выравнивающий скраб дл лица "" Шведский spa салон """,Уход за телом,,False
20372,"Очищающая маска для лица "" Шведский spa салон """,Уход за лицом,,False
20373,"Восстанавливающая сыворотка для лица "" Шведский spa салон """,Уход за лицом,,False
20376,Муж. дезодорант-антиперспирант 24-часового действия glacier ice,Дезодоранты,,False
20386,"Тон. основа "" Йогуртовый микс "" - молочный",Макияж,,False
20387,Ванильный,Макияж,medium,True
20388,Медовый,Макияж,medium,True
20389,Шоколадный,Макияж,medium,True
20396,"Бальзам для губ "" Нежный поцелуй """,Макияж,,False
20418,Коннектор clickit,Аксессуары,,False
20435,Объёмная тушь для ресниц clickit - чёрный,Макияж,,False
20437,Жидкая подводка для глаз clickit - чёрный,Макияж,,False
20440,Синий,Макияж,medium,True
20523,Блеск для губ clickit - коралловый,Макияж,,False
20529,"Увлажняющий тон. гель для лица "" Свежий персик "" - нежно-розовый",Уход за лицом,,False
20530,Золотисто-бежевый,Макияж,medium,True
20531,"Матирующая компакт. пудра "" Лучшая подруга "" - фарфоровая куколка",Макияж,,False
20532,Загорелая красотка,Макияж,medium,True
20533,"Тушь для ресниц "" Ультраобъём """,Макияж,,False
20548,Смягчающий крем для ног,Уход за руками и ногами,,False
20549,Освежающий дезодорант-спрей для ног,Дезодоранты,,False
20552,Дезодорирующий тальк для ног,Уход за руками и ногами,,False
20553,Скраб для ног,Уход за руками и ногами,,False
20554,Ночной увлажняющий крем для ног,Уход за руками и ногами,,False
20574,Повязка на голову,Аксессуары,,False
20575,Кисточка для нанесения масок,Аксессуары,,False
20620,"Сужающий поры лосьон-тоник "" Код чистоты """,Уход за лицом,,False
20779,"Лак для ногтей "" 100% цвета "" - розовый иней",Макияж,,False
20781,Серебристый беж,Макияж,medium,True
20782,Кремовая роза,Уход за лицом,,False
20783,Яркая фуксия,Макияж,medium,True
20788,Коралловый рассвет,Макияж,medium,True
21141,"Губная помада "" 100% цвета "" - серебристый розовый",Макияж,,False
21142,Прозрачный беж,Макияж,medium,True
21143,Цветущая сакура,Макияж,medium,True
21144,Нежный перламутр,Макияж,medium,True
21145,Изящная фуксия,Макияж,medium,True
21149,Винтажная роза,Макияж,medium,True
21150,Клюквенный шербет,Макияж,medium,True
21152,Летняя вишня,Макияж,medium,True
21153,Ослепительный красный,Макияж,medium,True
21155,Ореховое пралине,Макияж,medium,True
21156,Крем-карамель,Уход за лицом,,False
21278,"Стик-корректор "" Палочка-выручалочка "" - светлый",Макияж,,False
21279,Средний,Макияж,low,True
21339,Мицеллярный очищающий лосьон diamond cellular,Уход за лицом,,False
21441,Освежающий дезодорант-спрей для ног. большой объём,Дезодоранты,,False
21551,Подтягивающий дневной крем royal velvet (пробник),Уход за лицом,,False
21552,Подтягивающий дневной крем royal velvet (пробник),Уход за лицом,,False
21553,Подтягивающий дневной крем royal velvet (пробник),Уход за лицом,,False
21559,Туалетная вода architect,Парфюмерия,,False
21569,Туалетная вода glacier ice by evgeni plushenko,Парфюмерия,,False
21671,Туалетная вода muse,Парфюмерия,,False
21707,Туалетная вода voyager,Парфюмерия,,False
21854,"Шампунь и кондиционер 2-в-1 "" Жожоба и манго "" . большой объём",Уход за волосами,,False
21860,"Шампунь для сухих и повреждённых волос "" Пшеница и кокос """,Уход за волосами,,False
21862,"Кондиционер для сухих и повреждённых волос "" Пшеница и кокос """,Уход за волосами,,False
21876,"Освежающий гель для душа "" Шведский spa салон """,Уход за телом,,False
21878,Мини-крем для рук,Уход за руками и ногами,,False
21889,"Интенсивно смягчающий крем для загрубевшей кожи ступней "" Актив-уход """,Уход за лицом,,False
21905,"Стимулирующий мусс для снятия тяжести в ногах "" Актив-уход """,Уход за лицом,,False
22138,Сухая смесь для коктейля «нэчурал баланс – шоколад»,Wellness и питание,,False
22418,"Скраб и очищающая маска для кожи лица "" Код чистоты """,Уход за телом,,False
22419,Клеточный крем молодости для кожи вокруг глаз diamond cellular,Уход за лицом,,False
22421,"Очищающее молочко "" Королевский бархат """,Уход за лицом,,False
22423,"Смягчающий гель-тоник "" Королевский бархат """,Уход за лицом,,False
22424,"Подтягивающий дневной крем "" Королевский бархат """,Уход за лицом,,False
22434,Туалетная вода ice,Парфюмерия,,False
22435,Туалетная вода fire,Парфюмерия,,False
22436,Туалетная вода air,Парфюмерия,,False
22442,Женская парфюмерная вода love potion,Парфюмерия,,False
22443,Парфюмированная вода love potion,Парфюмерия,,False
22467,«омега-3» для детей,Wellness и питание,,False
22497,"Блеск для губ "" Хамелеон """,Макияж,,False
22589,"Тени для век "" 100% цвета "" - нежный жемчужный",Макияж,,False
22590,Волнующий розовый,Макияж,medium,True
22591,Серебристый бежевый,Макияж,medium,True
22592,Стальной серый,Макияж,medium,True
22595,Тени для век Pure Colour Mono - Колдовской зелёный,Макияж,high,True
22596,Тени для век Pure Colour Mono - Магический чёрный,Макияж,high,True
22667,"Отшелушивающий гель для душа "" Малина и мята """,Уход за телом,,False
22668,"Мыло "" Малина и мята """,Уход за телом,,False
22669,"Шарик. дезодорант-антиперспирант 24-часового действия "" Малина и мята """,Дезодоранты,,False
22670,"Отшелушивающий гель для душа "" Малина и мята "" . большой объём",Уход за телом,,False
22683,"Антицеллюлитный крем "" Шведский spa салон """,Уход за телом,,False
22689,"Интенсивно увлажняющая маска для ступней "" Актив-уход """,Уход за руками и ногами,,False
22694,"Шампунь против перхоти "" Репейник и грейпфрут """,Уход за волосами,,False
22695,"Кондиционер для волос против перхоти "" Репейник и грейпфрут """,Уход за волосами,,False
22698,"Маска для сухих и повреждённых волос "" Пшеница и кокос """,Уход за волосами,,False
22699,"Шампунь для сухих и повреждённых волос "" Пшеница и кокос "" . большой объём",Уход за волосами,,False
22701,"Шампунь для жирных волос "" Крапива и лимон """,Уход за волосами,,False
22702,"Кондиционер для жирных волос "" Крапива и лимон """,Уход за волосами,,False
22744,"Губная помада "" Золотой соблазн "" Gg - изысканный бежевый",Макияж,,False
22746,Губная помада Giordani Gold «Золотой соблазн» - Романтичный розовый,Макияж,high,True
22748,Губная помада Giordani Gold «Золотой соблазн» - Очаровательный пионовый,Макияж,high,True
22749,Губная помада Giordani Gold «Золотой соблазн» - Манящий малиновый,Макияж,high,True
22752,Губная помада Giordani Gold «Золотой соблазн» - Завораживающий терракотовый,Макияж,high,True
22791,Вэлнэс пэк для женщин,Wellness и питание,,False
22793,Вэлнэс пэк для мужчин,Wellness и питание,,False
22794,"Комплекс "" Мультивитамины и минералы "" Для женщин",Wellness и питание,,False
22795,"Комплекс "" Мультивитамины и минералы "" Для мужчин",Wellness и питание,,False
22814,"Подтягивающий ночной крем "" Королевский бархат """,Уход за лицом,,False
22815,"Подтягивающий крем для век "" Королевский бархат """,Макияж,,False
22860,Средство для снятия макияжа,Макияж,,False
22879,"Специальное смягчающее средство "" Нежная забота "" С ароматом вишни",Парфюмерия,,False
22902,"Цветная объёмная тушь для ресниц "" Калейдоскоп "" - васильковый",Макияж,,False
22903,Зелёный,Макияж,low,True
22932,"Гель для бритья "" Шёлковая орхидея """,Уход за телом,,False
23173,Мужской дезодорант-антиперспирант 24-часового действия voyager,Дезодоранты,,False
23177,Дезодорант-антиперспирант 24-часового действия muse,Дезодоранты,,False
23223,Туалетная вода lucia,Парфюмерия,,False
23255,Кисть для румян,Аксессуары,,False
23265,Спонжи для макияжа,Аксессуары,,False
23267,Аппликаторы для теней,Аксессуары,,False
23268,Точилка для карандашей,Аксессуары,,False
23272,"Мыло для чувствительной кожи "" Нежная ромашка """,Уход за телом,,False
23276,"Крем от натоптышей "" Актив-уход """,Уход за руками и ногами,,False
23277,"Скраб для ног глубокого действия 2-в-1 "" Актив-уход """,Уход за руками и ногами,,False
23281,Крем-антиперспирант для ног. большой объём,Дезодоранты,,False
23294,Солнцезащитный лосьон sun zone со средней степенью защиты spf 15,Уход за телом,,False
23296,Солнцезащитный лосьон sun zone с высокой степенью защиты spf 30,Уход за телом,,False
23377,Спрей-автозагар для тела sun zone,Уход за телом,,False
23378,Солнцезащитный крем для лица sun zone с высокой степенью защиты spf 50,Уход за лицом,,False
23399,"Ультрамягкий мусс для интимной гигиены "" Феминэль - особый уход """,Гигиена и полость рта,,False
23404,Разглаживающий дневной крем с питательными маслами ecobeauty,Уход за лицом,,False
23406,Разглаживающий ночной крем с питательными маслами ecobeauty,Уход за лицом,,False
23407,Разглаживающий крем для век с питательными маслами ecobeauty,Макияж,,False
23409,"Расслабляющий гель для душа "" Инжир и лаванда """,Уход за телом,,False
23410,"Мыло "" Инжир и лаванда """,Уход за телом,,False
23411,"Крем для рук и тела "" Инжир и лаванда """,Уход за руками и ногами,,False
23412,"Жидкое мыло для рук "" Чайное дерево и мандарин """,Уход за руками и ногами,,False
23414,"Мыло "" Чайное дерево и мандарин """,Уход за телом,,False
23473,Нутрикомплекс для волос и ногтей,Уход за волосами,,False
23644,"Антибактериальный гель для рук "" Чайное дерево и мандарин """,Уход за руками и ногами,,False
23646,"Очищающ. гель с дезодорир. эффектом для интимной гигиены "" Феминэль - особый уход """,Гигиена и полость рта,,False
23694,"Спрей-антиперспирант для ног "" Норд """,Дезодоранты,,False
23708,"Шампунь для жирных волос "" Крапива и лимон "" . большой объём",Уход за волосами,,False
23718,"Шарик. дезод.-антиперспирант с ухаживающим комплексом "" Активэль """,Дезодоранты,,False
23725,"Шарик. дезодорант-антиперспирант 24-часового действия "" Активэль """,Дезодоранты,,False
23727,"Дезодорант-антиперспирант 24-часового действия "" Активэль """,Дезодоранты,,False
23729,Смягчающий лосьон для тела,Уход за телом,,False
23730,Увлажняющий лосьон для тела,Уход за телом,,False
23733,Питательное молочко для тела,Уход за телом,,False
23735,"Крем для лица двойного действия "" Шведский spa салон """,Уход за лицом,,False
23738,"Питательная маска для ступней "" Шведский spa салон """,Уход за руками и ногами,,False
23747,"Дневной увлажняющий крем "" Витаминный уход """,Wellness и питание,,False
23753,"Мягкое очищающее средство 3-в-1 "" Витаминный уход """,Уход за лицом,,False
23777,Массажёр для лица и шеи,Уход за лицом,,False
23783,Женские бритвенные станки (одноразовые),Уход за телом,,False
23838,Туалетная вода lovely garden,Парфюмерия,,False
23847,"Блеск для губ "" Фруктовая фантазия "" - сладкая груша",Макияж,,False
23848,Блеск для губ Fruit Fantasy Gloss Booster - Экзотический личи,Макияж,high,True
23849,Блеск для губ Fruit Fantasy Gloss Booster - Нежный персик,Макияж,high,True
23850,Блеск для губ Fruit Fantasy Gloss Booster - Спелый арбуз,Макияж,high,True
23851,Блеск для губ Fruit Fantasy Gloss Booster - Сочная вишня,Макияж,high,True
23852,Блеск для губ Fruit Fantasy Gloss Booster - Райский виноград,Макияж,high,True
23853,Парфюмерная вода paradise,Парфюмерия,,False
23867,"Тени для век "" 100% цвета "" - искрящийся белый",Макияж,,False
23868,Манящий золотой,Макияж,low,True
23869,Аппетитный шоколадный,Макияж,low,True
23949,"Восковые полоски для депиляции "" Шёлковая орхидея """,Уход за телом,,False
23959,"Спрей для тела "" Инжир и лаванда """,Уход за телом,,False
24138,"Крем для лица и тела "" Витаминный уход """,Уход за лицом,,False
24144,Кисть для губной помады/корректора,Макияж,,False
24145,Щёточка-расчёска для ресниц и бровей,Аксессуары,,False
24146,Кисть для растушёвки теней,Аксессуары,,False
24147,Двусторонняя кисть для теней,Аксессуары,,False
24148,Кисть для тональной основы,Макияж,,False
24149,Веерная кисть для пудры,Аксессуары,,False
24150,Кисть для пудры,Аксессуары,,False
24170,Спрей дезодорант-антиперспирант giordani gold,Дезодоранты,,False
24171,Шарик. дезодорант-антиперспирант 24-часового действия giordani gold,Дезодоранты,,False
24172,Крем для тела giordani gold,Уход за телом,,False
24181,Антивозрастной дневной крем тройного действия «власть над временем»,Уход за лицом,,False
24184,"Антивозрастной ночной крем тройного действия "" Власть над временем """,Уход за лицом,,False
24185,"Регенерир. дневной крем тройного действия "" Власть над временем интенс spf 15 """,Уход за лицом,,False
24188,"Регенерир. ночной крем тройного действия "" Власть над временем интенс """,Уход за лицом,,False
24202,"Очищающая маска, предотвращающая появление чёрных точек "" Код чистоты """,Уход за лицом,,False
24203,"Увлажняющий гель для душа "" Арбуз и алоэ """,Уход за телом,,False
24204,"Мыло "" Арбуз и алоэ """,Уход за телом,,False
24205,"Увлажняющий крем для тела "" Арбуз и алоэ """,Уход за телом,,False
24212,"Расслабляющий гель для душа "" Инжир и лаванда "" . большой объём",Уход за телом,,False
24213,"Увлажняющий гель для душа "" Алоэ и арбуз "" . большой объём",Уход за телом,,False
24217,Восстанавливающий эликсир для лица «власть над временем»,Уход за лицом,,False
24267,"Лосьон для тела, придающий сияние "" Свежий персик """,Уход за телом,,False
24311,Подарочная коробка,Товары для дома и подарки,,False
24350,"Румяна "" Сладкая ягодка "" - розовый",Макияж,,False
24351,Коралловый,Макияж,low,True
24382,"Кольцо "" Золотой соблазн "" Giordani gold",Украшения,,False
24398,"Шампунь против перхоти "" Репейник и грейпфрут "" . большой объём",Уход за волосами,,False
24423,"Лак для ногтей "" 100% цвета "" - чайная роза",Макияж,,False
24424,Лак для ногтей «100% цвета» - Нежная лаванда,Макияж,high,True
24425,Лак для ногтей «100% цвета» - Дымчатый беж,Макияж,high,True
24468,"Бальзам после бритья для чувствительной кожи "" Норд """,Уход за телом,,False
24547,Интенсивно подтягивающие капсулы для лица «королевский бархат»,Уход за лицом,,False
24585,Туалетная вода sparkle in paris,Парфюмерия,,False
24588,Парфюмерная вода giordani white gold,Парфюмерия,,False
24589,Дезодорант-антиперспирант 24-часового действия giordani white gold,Дезодоранты,,False
24590,Парфюмированный крем для тела giordani white gold,Парфюмерия,,False
24594,"Блеск для губ "" Твоё настроение "" - клубничный флирт",Макияж,,False
24595,Блеск для губ Your Mood - Гранатовое счастье,Макияж,high,True
24596,Блеск для губ Your Mood - Цветочная мечта,Макияж,high,True
24665,"Антивозрастной крем для век тройного действия "" Власть над временем """,Макияж,,False
24667,"Регенерир. крем тройного действия для кожи вокруг глаз "" Власть над временем интенс """,Уход за лицом,,False
24693,"Суп "" Нэчурал баланс - томат и базилик """,Wellness и питание,,False
24694,"Суп "" Нэчурал баланс - спаржа """,Wellness и питание,,False
24737,Туалетная вода flamboyant prive,Парфюмерия,,False
24752,"Экспресс-гель точечного воздействия "" Код чистоты актив """,Уход за лицом,,False
24855,Маникюрный набор the one,Наборы,,False
24857,Полотенце-тюрбан для волос,Уход за волосами,,False
24858,Бигуди,Уход за волосами,,False
24860,Спонжи для макияжа,Аксессуары,,False
24889,"Освежающее очищающее средство для интимной гигиены "" Феминэль """,Гигиена и полость рта,,False
24890,"Освежающий дезодорант для интимной гигиены "" Феминэль """,Дезодоранты,,False
24891,"Смягчающее очищающее средство для интимной гигиены "" Феминэль """,Гигиена и полость рта,,False
24897,Кисть для румян,Аксессуары,,False
24912,"Гель для бритья и умывания 2-в-1 "" Норд """,Уход за лицом,,False
25054,"Детская ложка "" Вэлнэс """,Wellness и питание,,False
25178,"Увлажняющий крем для душа "" Базилик и персик """,Уход за телом,,False
25179,"Мыло с увлажняющим эффектом "" Базилик и персик """,Уход за телом,,False
25180,"Крем для рук "" Базилик и персик """,Уход за руками и ногами,,False
25194,"Дневной крем для сух./чувствит. кожи "" Активный кислород """,Уход за лицом,,False
25195,"Ночной крем для сух./чувствит. кожи "" Активный кислород """,Уход за лицом,,False
25196,"Дневной крем для нормал./комбинир. кожи "" Активный кислород """,Уход за лицом,,False
25197,"Ночной крем для нормал./комбинир. кожи "" Активный кислород """,Уход за лицом,,False
25198,"Дневной крем для жирной кожи "" Активный кислород """,Уход за лицом,,False
25199,"Ночной крем для жирной кожи "" Активный кислород """,Уход за лицом,,False
25204,"Ночной разглаживающий крем "" Эластичность+ """,Уход за лицом,,False
25205,"Дневной разглаживающий крем spf 10 "" Эластичность+ """,Уход за лицом,,False
25206,"Дневной крем, выравнивающий тон кожи, с spf20 "" Защита и осветление """,Уход за лицом,,False
25207,"Ночной крем, выравнивающий тон кожи "" Защита и осветление """,Уход за лицом,,False
25208,"Дневной крем-лифтинг с spf 10 "" Восстановление упругости """,Уход за лицом,,False
25209,"Ночной крем-лифтинг "" Восстановление упругости """,Уход за лицом,,False
25210,"Очищающее молочко для сух./чувствит. кожи "" Оптимальное очищение """,Уход за лицом,,False
25258,"Очищающий гель для жирной кожи "" Оптимальное очищение """,Уход за лицом,,False
25260,"Очищающая гель-пенка для нормал./комбинир. кожи "" Оптимальное очищение """,Уход за лицом,,False
25261,"Антивозрастное универсальное очищающее средство "" Власть над временем """,Уход за лицом,,False
25262,"Матирующий тоник для жирной кожи "" Оптимальное очищение """,Уход за лицом,,False
25263,"Тонизирующий крем для лица и тела "" Сочный арбуз """,Уход за лицом,,False
25264,"Крем для век "" Невероятный эффект """,Макияж,,False
25266,"Разглаживающий крем для век "" Эластичность + """,Макияж,,False
25269,"Увлажняющая маска для лица "" Сочный арбуз """,Уход за лицом,,False
25280,"Спрей дезодорант-антиперспирант с натуральной пудрой хлопка "" Активэль """,Дезодоранты,,False
25281,"Шарик. дезодорант-антиперспирант с натуральной пудрой хлопка "" Активэль """,Дезодоранты,,False
25282,Детский шампунь для волос и тела,Уход за волосами,,False
25283,Детское масло для тела,Уход за телом,,False
25284,Увлажняющий детский крем,Уход за лицом,,False
25285,Детский тальк,Уход за телом,,False
25286,Детское мыло,Уход за телом,,False
25350,"Кондиционер для нормальных волос "" Бузина и яблоко """,Уход за волосами,,False
25352,"Спрей-кондиционер для нормальных волос "" Бузина и яблоко """,Уход за волосами,,False
25353,"Шампунь для нормальных волос "" Бузина и яблоко """,Уход за волосами,,False
25382,"Восковые полоски для депиляции лица "" Шёлковая орхидея """,Уход за телом,,False
25385,"Протеиновые батончики "" Нэчурал баланс - шоколад """,Wellness и питание,,False
25386,"Протеиновые батончики "" Нэчурал баланс - супер ягоды """,Wellness и питание,,False
25391,"Закладка "" Надежда """,Аксессуары,,False
25392,"Кружка "" Надежда """,Товары для дома и подарки,,False
25395,Туалетная вода midsummer woman,Парфюмерия,,False
25396,Туалетная вода midsummer man,Парфюмерия,,False
25397,Дезодорант-антиперспирант 24-часового действия midsummer woman,Дезодоранты,,False
25398,Дезодорант-антиперспирант 24-часового действия midsummer man,Дезодоранты,,False
25401,Туалетная вода vivacity,Парфюмерия,,False
25403,Парфюмерная вода my red,Парфюмерия,,False
25414,Шведский бьюти-комплекс плюс,Wellness и питание,,False
25415,Cтойкая краска для волос «цвет-эксперт» - черный,Уход за волосами,,False
25416,Стойкая краска для волос HairX TruColour «Цвет-Эксперт» - Тёмно-коричневый (3.0),Уход за волосами,high,True
25417,Стойкая краска для волос HairX TruColour «Цвет-Эксперт» - Иссиня-чёрный,Уход за волосами,high,True
25418,Стойкая краска для волос HairX TruColour «Цвет-Эксперт» - Коричневый,Уход за волосами,high,True
25419,Стойкая краска для волос HairX TruColour - Светло-коричневый (тон 6.0),Уход за волосами,high,True
25420,Темно-русый,Уход за волосами,,False
25421,Русый,Уход за волосами,,False
25422,Светло-русый,Уход за волосами,,False
25423,Светлый блонд,Уход за волосами,,False
25424,Ультрасветлый пепельный блонд,Уход за волосами,,False
25425,Медно-каштановый махагон,Уход за волосами,,False
25426,Стойкая краска для волос HairX TruColour - Интенсивный коричневый (тон 5.25),Уход за волосами,high,True
25427,Махагон,Уход за волосами,,False
25429,Стойкая краска для волос HairX TruColour - Красное дерево (тон 6.6),Уход за волосами,high,True
25430,Стойкая краска для волос HairX TruColour - Лесной орех (тон 6.7),Уход за волосами,high,True
25432,Золотистый каштановый,Уход за волосами,,False
25433,Пепельно-русый,Уход за волосами,,False
25434,Жемчужно-русый,Уход за волосами,,False
25435,Золотисто-русый,Уход за волосами,,False
25436,Золотистый блонд,Уход за волосами,,False
25440,"Ароматизированный тальк для тела "" Цветочный букет """,Уход за телом,,False
25444,"Ароматизированный тальк для тела "" Освежающий бриз """,Уход за телом,,False
25448,"Спрей-антиперспирант для ног 24-часового действия "" Актив-уход """,Дезодоранты,,False
25479,Шейкер и мерная ложка,Wellness и питание,,False
25488,Туалетная вода rival,Парфюмерия,,False
25490,Туалетная вода voyager spirit,Парфюмерия,,False
26000,Тоник-баланс для нормальной/комбинированной кожи,Уход за лицом,,False
26001,"Смягчающий тоник для сух./чувствит. кожи "" Оптимальное очищение """,Уход за лицом,,False
26024,"Тушь для ресниц "" Ультрадлина """,Макияж,,False
26198,"Тушь-стилист "" Невероятный объём "" - чёрный",Макияж,,False
26199,Сливовый,Макияж,medium,True
26257,"Лак для ногтей "" 100% цвета "" - сливочный крем",Макияж,,False
26258,Классический красный,Макияж,high,True
26259,Рубиновая роза,Макияж,high,True
26260,Ягодный микс,Макияж,high,True
26261,Спелая слива,Макияж,high,True
26268,"Губная помада "" 100% цвета "" - розовый иней",Макияж,,False
26269,Томный коралл,Макияж,medium,True
26270,Малиновый шик,Макияж,medium,True
26271,Роскошный мак,Макияж,medium,True
26273,"Крем для рук "" Чарующий уход "" . большой объём",Уход за руками и ногами,,False
26390,"Зеркало "" Надежда """,Аксессуары,,False
26395,Набор для окрашивания волос,Наборы,,False
26396,Защитная накидка для окрашивания волос,Уход за волосами,,False
26406,Перчатки для ухода за кожей рук,Аксессуары,,False
26443,"Гель для душа "" Женьшень и маракуйя """,Уход за телом,,False
26444,"Шарик. дезодорант-антиперспирант 24-часового действия "" Женьшень и маракуйя """,Дезодоранты,,False
26445,"Жидкое мыло для рук "" Женьшень и маракуйя """,Уход за руками и ногами,,False
26446,"Шампунь для нормальных волос "" Бузина и яблоко "" . большой объём",Уход за волосами,,False
26449,"Шампунь и кондиционер 2-в-1 "" Жожоба и манго "" . мегаобъём",Уход за волосами,,False
26454,"Увлажняющий гель для душа "" Арбуз и алоэ "" . мегаобъём",Уход за телом,,False
26480,Парфюмерная вода paradise. специальный выпуск,Парфюмерия,,False
26483,Туалетная вода architect. специальный выпуск,Парфюмерия,,False
26496,"Блеск для губ "" Зеркальный блеск "" - морозный розовый",Макияж,,False
26497,Воздушный розовый,Макияж,medium,True
26498,Нежный коралловый,Макияж,medium,True
26499,Прохладный вишнёвый,Макияж,medium,True
26500,Пылкий красный,Макияж,medium,True
26545,"Основа под макияж "" Идеальное личико """,Макияж,,False
26569,"Увлажн. помада-карандаш для губ "" Взрыв цвета "" - трепетный миндальный",Макияж,,False
26570,Сочный клюквенный,Макияж,medium,True
26571,Пронзительный розовый,Макияж,medium,True
26572,Дерзкий красный,Макияж,medium,True
26573,Насыщенный ягодный,Макияж,medium,True
26574,Пряный вишнёвый,Макияж,medium,True
26601,Увлажняющая губная помада «чувственный объем» gg - кремовый шелк,Макияж,,False
26602,Увлажняющая губная помада «Чувственный объём» Giordani Gold - Розовое кружево,Макияж,high,True
26603,Губная помада «Чувственный объём» Giordani Gold - Шифоновая роза,Макияж,high,True
26604,Губная помада «Чувственный объём» Giordani Gold - Нежная орхидея,Макияж,high,True
26605,Губная помада «Чувственный объём» Giordani Gold - Алая вуаль,Макияж,high,True
26606,Губная помада «Чувственный объём» Giordani Gold - Коралловый рай,Макияж,high,True
26608,Губная помада «Чувственный объём» Giordani Gold - Вишнёвый кашемир,Макияж,high,True
26610,Губная помада «Чувственный объём» Giordani Gold - Томный чернослив,Макияж,high,True
26633,"Ручка "" Забота """,Аксессуары,,False
26642,"Шампунь для сухих и повреждённых волос "" Эксперт - восстановление """,Уход за волосами,,False
26644,"Дневной крем с spf 15 "" Активное отбеливание """,Уход за лицом,,False
26650,"Осветляющий гель-пенка для умывания "" Оптимальное очищение """,Уход за лицом,,False
26651,"Осветляющий тоник-баланс "" Оптимальное очищение """,Уход за лицом,,False
26661,"Палитра губной помады "" 100% цвета """,Наборы,,False
26663,"Тени для век "" 100% цвета "" - дымчатый голубой",Макияж,,False
26664,Изысканный лиловый,Макияж,medium,True
26665,Бархатный сливовый,Макияж,medium,True
26666,"Шампунь для окраш. и мелир. волос "" Эксперт - безупречный цвет """,Уход за волосами,,False
26670,"Шампунь для тонких волос "" Эксперт - максимальный объём """,Уход за волосами,,False
26671,"Бальзам-кондиционер для сух. и поврежд. волос "" Эксперт - восстановление """,Уход за волосами,,False
26672,"Бальзам-кондиционер для окраш. и мелир. волос "" Эксперт - безупречный цвет """,Уход за волосами,,False
26673,"Маска-уход для сухих и повреждённых волос "" Эксперт - восстановление """,Уход за волосами,,False
26674,"Сыворотка-уход для секущихся кончиков волос "" Эксперт - восстановление """,Уход за волосами,,False
26675,"Спрей-кондиционер для тонких волос "" Эксперт - максимальный объём """,Уход за волосами,,False
26676,"Сухой шампунь для тонких волос "" Эксперт - максимальный объём """,Уход за волосами,,False
26677,"Несмываемый бальзам-уход для окраш. и мелир. волос "" Эксперт - безупречный цвет """,Уход за волосами,,False
26680,"Очищающий шампунь против перхоти "" Эксперт - защита от перхоти """,Уход за волосами,,False
26681,"Восстанавливающий флюид-уход против перхоти "" Эксперт - защита от перхоти """,Уход за лицом,,False
26685,"Дневной крем против морщин spf 15 "" Эколлаген """,Уход за лицом,,False
26686,"Ночной крем против морщин "" Эколлаген """,Уход за лицом,,False
26687,"Крем для кожи вокруг глаз против морщин "" Эколлаген """,Уход за лицом,,False
26688,"Крем для лица и тела "" Сладкий миндаль """,Уход за лицом,,False
26689,"Бальзам для губ "" Сладкий миндаль """,Макияж,,False
26690,"Ночной выравнивающий крем-сыворотка "" Эколлаген """,Уход за лицом,,False
26763,Туалетная вода sir averbury,Парфюмерия,,False
26764,Туалетная вода manful,Парфюмерия,,False
26769,Туалетная вода power woman,Парфюмерия,,False
26816,"Тени для век "" Гламурный дуэт "" - туманный рассвет",Макияж,,False
26817,Тени для век «Гламурный дуэт» - Золотистый шоколад,Макияж,high,True
26818,Тени для век «Гламурный дуэт» - Кофейная дымка,Макияж,high,True
26819,Тени для век «Гламурный дуэт» - Лиловая загадка,Макияж,high,True
26820,Тени для век «Гламурный дуэт» - Голубая звезда,Макияж,high,True
26821,Тени для век «Гламурный дуэт» - Лесная олива,Макияж,high,True
26822,Тени для век «Гламурный дуэт» - Изумрудный малахит,Макияж,high,True
26825,Инструмент для очистки лица,Уход за лицом,,False
26841,"Ночной крем "" Активное отбеливание """,Уход за лицом,,False
26891,"Спец. смягчающее средство "" Нежная забота "" С ароматом чёрной смородины",Парфюмерия,,False
26894,"Компактная тональная основа "" Секрет молодости "" Giordani gold - фарфоровый",Макияж,,False
26895,Компактная тональная основа «Секрет молодости» Giordani Gold - Слоновая кость,Макияж,high,True
26896,Компактная тональная основа «Секрет молодости» Giordani Gold - Естественный розовый,Макияж,high,True
26897,Компактная тональная основа «Секрет молодости» Giordani Gold - Естественный бежевый,Макияж,high,True
26898,Компактная тональная основа «Секрет молодости» Giordani Gold - Золотистый бежевый,Макияж,high,True
26937,Гелевые подушечки для век,Макияж,,False
27093,"Тушь для ресниц "" Роскошный эффект "" Giordani gold",Макияж,,False
27130,Универсальная расчёска,Аксессуары,,False
27131,Массажная щётка для волос,Уход за волосами,,False
27132,Круглая щётка для волос,Уход за волосами,,False
27133,Щётка для волос,Уход за волосами,,False
27134,Щётка для укладки волос,Уход за волосами,,False
27161,Набор инструментов,Наборы,,False
27200,Щётка для тела,Уход за телом,,False
27202,Наклейки для дизайна ногтей,Макияж,,False
27205,"Мочалка "" Сердечко """,Уход за телом,,False
27210,Массажёр для талии и живота,Уход за телом,,False
27211,Массажёр для зоны декольте,Уход за телом,,False
27237,"Ручка "" Огни большого города """,Аксессуары,,False
27420,Чехол для мобильного телефона,Аксессуары,,False
27421,"Сумка "" Надежда """,Аксессуары,,False
27423,Праздничный подарочный пакет «Красный каприз»,Товары для дома и подарки,high,True
27429,Аппарат для педикюра,Уход за руками и ногами,,False
27439,Косметичка,Аксессуары,,False
27441,Пилка для ногтей,Макияж,,False
27442,Щипчики для завивки ресниц,Уход за руками и ногами,,False
27568,Карманное зеркало,Аксессуары,,False
27569,Органайзер для косметики,Аксессуары,,False
27570,4-сторонняя пилка для ногтей the one,Макияж,,False
27573,Многофункциональная заколка для волос,Уход за волосами,,False
27637,Шлифовальная пилка для ног,Уход за руками и ногами,,False
27663,"Сумка-трансформер "" Мисс практичность """,Аксессуары,,False
27669,"Обёрточная бумага "" Маленькие радости """,Товары для дома и подарки,,False
27670,"Матирующие салфетки для лица "" Оптимальное очищение """,Товары для дома и подарки,,False
27686,Спонж для макияжа,Аксессуары,,False
27695,Браслет «надежда»,Украшения,,False
27728,Контейнер,Аксессуары,,False
27730,Точилка для карандашей,Аксессуары,,False
27740,Аппарат для очищения кожи лица skinpro,Уход за лицом,,False
27750,Пеньюар размер s,Одежда и текстиль,,False
27751,Пеньюар размер m,Одежда и текстиль,,False
27752,Пеньюар размер l,Одежда и текстиль,,False
27799,Триммер remington,Уход за телом,,False
27821,Мужской триммер,Уход за телом,,False
27856,Вешалка для шарфов «багряное золото»,Аксессуары,,False
27914,Подарочный пакет,Товары для дома и подарки,,False
27915,Подарочная коробка,Товары для дома и подарки,,False
27916,Подарочная коробка,Товары для дома и подарки,,False
27928,Клатч possess,Аксессуары,,False
27935,Формы для выпечки «вкус праздника»,Товары для дома и подарки,,False
27962,"Шарф "" Бохо-шик """,Аксессуары,,False
27968,"Сменные насадки-щётки SkinPro для нормальной или чувствительной кожи, 2 шт.",Аксессуары,high,True
27972,Ванночка для маникюра the one,Уход за руками и ногами,,False
27979,"Зубная щетка "" Оптифреш "" (средней жёсткости) - фиолетовая",Гигиена и полость рта,,False
27980,"Зубная щетка "" Оптифреш "" (средней жёсткости) - синяя",Гигиена и полость рта,,False
27981,"Мягкая зубная щётка "" Оптифреш "" - розовая",Гигиена и полость рта,,False
27982,"Мягкая зубная щётка "" Оптифреш "" - голубая",Гигиена и полость рта,,False
27983,"Браслет "" Бриллианты и жемчуг """,Украшения,,False
27984,Массажёр для кожи головы,Уход за телом,,False
27987,Фонарик-проектор «ракета»,Товары для дома и подарки,,False
27996,Комплекс «мультивитамины и минералы» для детей,Wellness и питание,,False
27997,Трафареты для французского маникюра the one,Уход за руками и ногами,,False
28021,Массажная перчатка,Аксессуары,,False
28022,Щётка для тела,Уход за телом,,False
28023,Подушка для ванны,Товары для дома и подарки,,False
28095,Шарф «карамель»,Аксессуары,,False
28096,Шарф «лакрица»,Аксессуары,,False
28129,Сумка для белья Valerie,Аксессуары,high,True
28164,Подарочный пакет «комплимент для нее»,Товары для дома и подарки,,False
28168,Подарочный пакет «счастливое мгновение»,Товары для дома и подарки,,False
28188,"Органайзер "" Цветочные грёзы """,Аксессуары,,False
28189,Кисть для дизайна ногтей,Макияж,,False
28192,Щёточка для ногтей,Макияж,,False
28193,Набор пилок для ногтей,Наборы,,False
28211,"Набор колец "" Фантазии """,Наборы,,False
28258,"Зеркало "" Розовое прикосновение """,Аксессуары,,False
28265,"Складной органайзер "" Цветочные грёзы """,Аксессуары,,False
28266,Детская зубная щётка (мягкая) - розовая,Гигиена и полость рта,,False
28267,Детская зубная щётка (мягкая) - голубая,Гигиена и полость рта,,False
28270,Солнцезащитные очки solar,Уход за телом,,False
28280,Пинцет для бровей,Макияж,,False
28281,Маникюрный набор,Наборы,,False
28283,Деревянные палочки для маникюра,Уход за руками и ногами,,False
28284,Расчёска-гребень,Аксессуары,,False
28285,Набор мочалок для душа,Наборы,,False
28286,"Набор пилок для ногтей "" Мята и киви """,Наборы,,False
28287,Разделители для педикюра,Уход за руками и ногами,,False
28291,Массажер для тела,Уход за телом,,False
28292,Зеркало,Аксессуары,,False
28301,Декоративная коробка valerie,Товары для дома и подарки,,False
28303,Складная ваза,Товары для дома и подарки,,False
28304,Органайзер для косметики valerie,Аксессуары,,False
28315,Футболка valerie. размер s/m,Одежда и текстиль,,False
28316,Футболка valerie. размер l/xl,Одежда и текстиль,,False
28319,"Зонт "" Парижская весна """,Аксессуары,,False
28335,Ожерелье «серебристый жемчуг»,Украшения,,False
28337,Серьги «серебристый жемчуг»,Украшения,,False
28338,Кольцо «серебристый жемчуг»,Украшения,,False
28358,"Повязка на голову "" Дзен """,Аксессуары,,False
28363,"Солнцезащитные очки "" Кора """,Уход за телом,,False
28428,Подушечка для умывания,Уход за лицом,,False
28433,Кусачки для кутикулы,Уход за руками и ногами,,False
28435,Набор для педикюра 4-в-1,Наборы,,False
28453,"Сумка "" Этно """,Аксессуары,,False
28454,"Браслет "" Этно """,Украшения,,False
28458,Сумка «звездный час»,Аксессуары,,False
28459,Шарф «звездный час»,Аксессуары,,False
28460,Набор колец «калейдоскоп»,Наборы,,False
28507,Нутрикомплекс для волос и ногтей,Уход за волосами,,False
28515,"Диадема "" Сияние любви """,Украшения,,False
28526,Профессиональная кисть для тонального средства,Макияж,,False
28548,"Сумка "" Яркая осень """,Аксессуары,,False
28549,"Шарф "" Яркая осень """,Аксессуары,,False
28554,Сумка «бордо»,Аксессуары,,False
28555,Сумочка-клатч «бордо»,Аксессуары,,False
28557,Шапка «шелли»,Одежда и текстиль,,False
28558,Шарф «шелли»,Аксессуары,,False
28559,Перчатки «шелли»,Аксессуары,,False
28565,Перчатки «айвори»,Аксессуары,,False
28569,Шарф-труба «анастасия,Аксессуары,,False
28573,Варежки «анастасия»,Одежда и текстиль,,False
28574,Сумка «бархатная ночь»,Аксессуары,,False
28575,Сумочка-клатч «бархатная ночь»,Аксессуары,,False
28577,"Ожерелье "" Золотой лист """,Украшения,,False
28578,"Серьги "" Золотой лист """,Украшения,,False
28579,"Кольцо "" Золотой лист """,Украшения,,False
28583,"Суп "" Нэчурал баланс "" Томат и базилик",Wellness и питание,,False
28584,"Суп "" Нэчурал баланс "" Спаржа",Wellness и питание,,False
28585,"Ожерелье "" Золотое искушение """,Украшения,,False
28587,"Браслет "" Золотое искушение """,Украшения,,False
28588,"Серьги "" Золотое искушение """,Украшения,,False
28589,Ожерелье «ника»,Украшения,,False
28590,Браслет «ника»,Украшения,,False
28591,Набор серег «ника»,Наборы,,False
28592,Украшение для обуви,Аксессуары,,False
28593,Серьги «особый вечер»,Украшения,,False
28594,Браслет «особый вечер»,Украшения,,False
28595,Заколка для волос «особый вечер»,Уход за волосами,,False
28596,Ожерелье «золотой каскад»,Украшения,,False
28597,Серьги «золотой каскад»,Украшения,,False
28598,Кольцо «золотой каскад»,Украшения,,False
28600,Ожерелье «ариэль»,Украшения,,False
28601,Браслет «ариэль»,Украшения,,False
28602,Серьги 4-в-1 «ариэль»,Украшения,,False
28603,Набор украшений «морозное серебро»,Наборы,,False
28604,Браслет «морозное серебро»,Украшения,,False
28606,Украшение для волос «морозное серебро»,Уход за волосами,,False
28609,Плед «теплая зима»,Одежда и текстиль,,False
28610,Вечерняя сумочка «особый вечер»,Аксессуары,,False
28611,Накидка с рукавами «особый вечер»,Одежда и текстиль,,False
28616,Мужской маникюрный набор,Наборы,,False
28617,Щеточка для ногтей,Макияж,,False
28624,Декоративный подсвечник со свечой «новогодняя страна»,Товары для дома и подарки,,False
28625,Скатерть «новогодняя страна»,Товары для дома и подарки,,False
28626,Набор декоративных прищепок «новогодняя страна»,Наборы,,False
28629,Набор для создания елочного украшения «новогодняя страна»,Наборы,,False
28630,Подарочный пакет для него «приятный сюрприз»,Товары для дома и подарки,,False
28631,Подарочный пакет для нее «приятный сюрприз»,Товары для дома и подарки,,False
28633,Набор декоративного скотча «приятный сюрприз»,Наборы,,False
28634,Набор для украшения подарков «приятный сюрприз»,Наборы,,False
28637,Кружка «обезьянка»,Товары для дома и подарки,,False
28641,Брелок «обезьянка»,Аксессуары,,False
28645,Тапочки «снежная сказка». размер 36-38,Одежда и текстиль,,False
28646,Тапочки «снежная сказка». размер 39-41,Одежда и текстиль,,False
28647,Маска для сна «снежная сказка»,Уход за лицом,,False
28660,Резинка для волос,Уход за волосами,,False
28661,Мужская косметичка,Аксессуары,,False
28662,Подушка для запястья «обезьянка»,Товары для дома и подарки,,False
28663,Закладка «обезьянка»,Аксессуары,,False
28664,Декоративный подсвечник со светодиодной свечой «снежная сказка»,Товары для дома и подарки,,False
28665,Детский плед «нежный хлопок»,Одежда и текстиль,,False
28667,Набор детских расчесок «смешная обезьянка»,Наборы,,False
28669,Рукавица- мочалка «смешная обезьянка»,Уход за телом,,False
28670,Детское полотенце с капюшоном «смешная обезьянка»,Одежда и текстиль,,False
28672,Игра-пазл «подарок санты»,Товары для дома и подарки,,False
28673,"Сумка-таблетка "" Чёрное золото """,Аксессуары,,False
28674,"Сумка "" Моно """,Аксессуары,,False
28675,"Пояс "" Чёрное золото """,Аксессуары,,False
28679,"Ожерелье "" Лунный аметист """,Украшения,,False
28680,"Серьги "" Лунный аметист """,Украшения,,False
28681,"Кольцо "" Лунный аметист """,Украшения,,False
28683,Детская пижама «овечки»,Одежда и текстиль,,False
28703,Запонки,Украшения,,False
28704,Набор серег,Наборы,,False
28708,Вэлнэс пэк для женщин - золотая коллекция,Wellness и питание,,False
28709,Вэлнэс пэк для мужчин - золотая коллекция,Wellness и питание,,False
28724,Набор серег «звездная пыль»,Наборы,,False
28725,Шарф «звездная пыль»,Аксессуары,,False
28732,Набор мини-кистей для макияжа глаз,Наборы,,False
28733,Набор пилок для ногтей «яркий праздник»,Наборы,,False
28734,Мочалка для душа «яркий праздник»,Уход за телом,,False
28735,Маникюрный набор «яркий праздник»,Наборы,,False
28737,Шлифовальная пилка для ног,Уход за руками и ногами,,False
28740,Пилка для ногтей,Макияж,,False
28741,Подушечки для обуви,Аксессуары,,False
28742,Блёстки для дизайна ногтей,Макияж,,False
28743,Серьги «оникс»,Украшения,,False
28744,Маникюрный набор «орхидея»,Наборы,,False
28745,Полотенце-тюрбан для волос «орхидея»,Уход за волосами,,False
28747,Мочалка «орхидея»,Уход за телом,,False
28755,"Шарф "" Чёрное золото """,Аксессуары,,False
28758,Ожерелье «инфинити»,Украшения,,False
28759,Кисть для пудры,Аксессуары,,False
28760,Браслет «инфинити»,Украшения,,False
28761,Серьги «инфинити»,Украшения,,False
28762,Колье «мехико»,Украшения,,False
28763,Набор браслетов «мехико»,Наборы,,False
28764,Серьги «мехико»,Украшения,,False
28765,Ожерелье «дейзи»,Украшения,,False
28767,Серьги 3-в-1 «дейзи»,Украшения,,False
28768,Сумка «черный тюльпан»,Аксессуары,,False
28769,Кольцо «дейзи»,Украшения,,False
28770,Косметичка «черный тюльпан»,Аксессуары,,False
28772,Ожерелье «таинственный сад»,Украшения,,False
28773,Браслет «таинственный сад»,Украшения,,False
28774,Серьги «таинственный сад»,Украшения,,False
28775,Шарф-труба «черный тюльпан»,Аксессуары,,False
28778,Кольцо «таинственный сад»,Украшения,,False
28779,Перчатки «черный тюльпан»,Аксессуары,,False
28780,Сумка «сейди»,Аксессуары,,False
28782,Палантин «сейди»,Аксессуары,,False
28783,Пояс «сейди»,Аксессуары,,False
28792,Сумочка-клатч «голди»,Аксессуары,,False
28793,Шарф «голди»,Аксессуары,,False
28794,Сумка «нежный беж»,Аксессуары,,False
28795,Кошелек «нежный беж»,Аксессуары,,False
28798,Зонт «нежный беж»,Аксессуары,,False
28799,"Зонт "" Кошки """,Аксессуары,,False
28804,Сумка «дейзи»,Аксессуары,,False
28805,Кошелек «дейзи»,Аксессуары,,False
28808,Светодиодная гирлянда,Товары для дома и подарки,,False
28809,Заколка для волос «голди»,Уход за волосами,,False
28810,Браслет «дейзи»,Украшения,,False
28820,Топ love potion. размер s,Одежда и текстиль,,False
28822,Топ love potion. размер m,Одежда и текстиль,,False
28830,Мужской ремень possess,Аксессуары,,False
28834,Бутылка для воды puma,Товары для дома и подарки,,False
28844,Серьги в подарочной упаковке,Украшения,,False
28845,Шарф «дейзи»,Аксессуары,,False
28848,Набор пилок для ногтей «полька»,Наборы,,False
28859,Солнцезащитные очки «лагуна»,Уход за телом,,False
28860,Браслет giordani gold,Украшения,,False
28862,Косметичка,Аксессуары,,False
28864,Шапочка для душа,Уход за телом,,False
28868,Топ love potion. размер l,Одежда и текстиль,,False
28869,Шортики love potion. размер s,Одежда и текстиль,,False
28870,Шортики love potion. размер m,Одежда и текстиль,,False
28871,Шортики love potion. размер l,Одежда и текстиль,,False
28918,Клатч «полька»,Аксессуары,,False
28919,Солнцезащитные очки «полька»,Уход за телом,,False
28920,Декоративная коробка,Товары для дома и подарки,,False
28921,Подставка для косметических кистей,Аксессуары,,False
28923,Горшок для комнатных растений,Макияж,,False
28930,Мини-косметичка «полька»,Аксессуары,,False
28931,Набор аксессуаров для волос «полька»,Наборы,,False
28932,Шарф «полька»,Аксессуары,,False
28933,Ожерелье «алекса»,Украшения,,False
28934,Серьги «алекса»,Украшения,,False
28935,Кольцо «алекса»,Украшения,,False
28936,Ожерелье «ар-деко»,Украшения,,False
28938,Серьги «ар-деко»,Украшения,,False
28939,Шарф paradise,Аксессуары,,False
28940,Гамак,Товары для дома и подарки,,False
28941,Зонт «калейдоскоп»,Аксессуары,,False
28942,Сумка «калейдоскоп»,Аксессуары,,False
28943,Ожерелье «акварель»,Украшения,,False
28944,Браслет «акварель,Украшения,,False
28945,Серьги «акварель»,Украшения,,False
28946,Ожерелье «летний бриз»,Украшения,,False
28947,Набор браслетов «летний бриз»,Наборы,,False
28948,Набор серег «летний бриз»,Наборы,,False
28949,Кольцо «летний бриз»,Украшения,,False
28953,Сумка «ар-деко»,Аксессуары,,False
28954,Кошелек «ар-деко»,Аксессуары,,False
28959,Украшение на ногу «Ибица»,Украшения,high,True
28960,Сумка «ибица»,Аксессуары,,False
28962,Шарф «ибица»,Аксессуары,,False
28963,Шляпа «ибица»,Аксессуары,,False
28965,Шарф «акварель»,Аксессуары,,False
28967,Набор полотенец,Наборы,,False
28968,Комплексный лифтинг-уход novage ultimate lift,Уход за лицом,,False
28970,Комплексный уход для совершенства кожи novage true perfection,Уход за лицом,,False
28971,Комплексный уход novage ecollagen,Уход за лицом,,False
28972,Комплексный омолаживающий уход novage time restore,Уход за лицом,,False
28975,Сумка «алекса»,Аксессуары,,False
28976,Сумка «адель»,Аксессуары,,False
28977,Браслет «адель»,Украшения,,False
28978,Серьги 2-в-1 «адель»,Украшения,,False
28979,Солнцезащитные очки «адель»,Уход за телом,,False
28980,Чехол для солнцезащитных очков «адель»,Уход за телом,,False
28984,Сумка «летний бриз»,Аксессуары,,False
28985,Козырек для спорта и отдыха «летний бриз»,Одежда и текстиль,,False
28986,Парео «летний бриз»,Одежда и текстиль,,False
28987,Сумочка-клатч «фиджи»,Аксессуары,,False
28988,Браслет «фиджи»,Украшения,,False
28994,Шлифовальная пилка для ног,Уход за руками и ногами,,False
28995,Мини-флакон для духов с пульверизатором,Аксессуары,,False
28996,Щетка для волос «полька»,Уход за волосами,,False
28997,Зеркало «акварель»,Аксессуары,,False
28999,Складная щетка для волос «летний бриз»,Уход за волосами,,False
29002,Пилка для полировки ногтей,Уход за руками и ногами,,False
29003,Маникюрный набор «фиджи»,Наборы,,False
29005,Набор для педикюра «мидори»,Наборы,,False
29006,Шлифовальная пилка для ног «мидори»,Уход за руками и ногами,,False
29007,Косметичка novage,Уход за лицом,,False
29019,Набор для педикюра,Наборы,,False
29022,Наклейки для дизайна ногтей,Макияж,,False
29023,Заколка для волос «наваби»,Уход за волосами,,False
29031,Складной органайзер,Аксессуары,,False
29033,Шапочка для душа,Уход за телом,,False
29038,Спонж конняку,Аксессуары,,False
29043,Зеркало,Аксессуары,,False
29044,Набор резинок для волос,Наборы,,False
29047,Подставка под лаки для ногтей,Макияж,,False
29054,Косметичка,Аксессуары,,False
29055,Многофункциональный шарф «адель»,Аксессуары,,False
29057,Клатч siah,Аксессуары,,False
29058,Сумка siah,Аксессуары,,False
29059,Платок siah,Аксессуары,,False
29061,Серьги siah,Украшения,,False
29062,Кольцо siah,Украшения,,False
29063,Браслет «алекса»,Украшения,,False
29064,Мешочек для купальника «мидори»,Товары для дома и подарки,,False
29065,Протеиновый комплекс,Wellness и питание,,False
29067,Браслет,Украшения,,False
29074,Ожерелье-трансформер «ариадна»,Украшения,,False
29075,Браслет «ариадна»,Украшения,,False
29077,Кольцо «ариадна»,Украшения,,False
29078,Ожерелье «карибы»,Украшения,,False
29079,Ожерелье «наваби»,Украшения,,False
29080,Браслет «наваби»,Украшения,,False
29081,Серьги «наваби»,Украшения,,False
29083,Ожерелье «амелия»,Украшения,,False
29084,Серьги «амелия»,Украшения,,False
29085,Ожерелье «классика»,Украшения,,False
29087,Набор серег «классика»,Наборы,,False
29088,Браслет «амелия»,Украшения,,False
29089,Маникюрный набор «карибы»,Наборы,,False
29091,Сумка «ариадна»,Аксессуары,,False
29092,Платок «ариадна»,Аксессуары,,False
29093,Сумка «элиза»,Аксессуары,,False
29094,Серьги «элиза»,Украшения,,False
29095,Набор колец «элиза»,Наборы,,False
29097,Сумка «карибы»,Аксессуары,,False
29098,Косметичка «карибы»,Аксессуары,,False
29101,Сумочка-клатч «бланка»,Аксессуары,,False
29102,Набор колец «бланка»,Наборы,,False
29103,Сумка «классика»,Аксессуары,,False
29104,Кошелек «классика»,Аксессуары,,False
29105,Шарф «классика»,Аксессуары,,False
29106,Сумка «наваби»,Аксессуары,,False
29107,Мини-кошелек «наваби»,Аксессуары,,False
29108,Обложка для паспорта «карибы»,Аксессуары,,False
29115,Шарф «карибы»,Аксессуары,,False
29125,Сумка «адель»,Аксессуары,,False
29127,Палантин «адель»,Аксессуары,,False
29134,Носки-тапочки «лиловое облако»,Одежда и текстиль,,False
29135,Пилка для ног 4-в-1,Уход за руками и ногами,,False
29137,Органайзер для косметики «лиловое облако»,Аксессуары,,False
29138,Маникюрный набор,Наборы,,False
29139,Набор пилок для ногтей,Наборы,,False
29143,Мочалка для душа «лиловое облако»,Уход за телом,,False
29145,Зеркало,Аксессуары,,False
29148,Сумочка-клатч «сафари»,Аксессуары,,False
29149,Палантин «сафари»,Аксессуары,,False
29153,Пояс-шнурок «сафари»,Аксессуары,,False
29154,Браслет «сафари»,Украшения,,False
29155,Серьги «сафари»,Украшения,,False
29157,Набор ожерелий «афина»,Наборы,,False
29159,Серьги «афина»,Украшения,,False
29163,Кольцо «афина»,Украшения,,False
29164,Ожерелье «аметист»,Украшения,,False
29165,Серьги «аметист»,Украшения,,False
29167,Кольцо «аметист»,Украшения,,False
29168,Ожерелье «розовый жемчуг»,Украшения,,False
29169,Браслет «розовый жемчуг»,Украшения,,False
29173,Серьги «розовый жемчуг»,Украшения,,False
29174,Кольцо «розовый жемчуг»,Украшения,,False
29178,Кисть для теней giordani gold,Аксессуары,,False
29183,Органайзер для проводов,Аксессуары,,False
29185,Носки-тапочки «аметист»,Одежда и текстиль,,False
29187,Плед «лиловый сон»,Одежда и текстиль,,False
29189,Подставка для украшений «лиловый сон»,Аксессуары,,False
29193,Подставка под кисти для макияжа «лиловый сон»,Аксессуары,,False
29195,Декоративные наклейки для интерьера «белое золото»,Товары для дома и подарки,,False
29198,Кружка в подарочной упаковке «белое золото»,Товары для дома и подарки,,False
29204,Кухонное полотенце «белое золото»,Одежда и текстиль,,False
29205,Скатерть «белое золото»,Товары для дома и подарки,,False
29208,Подарочный пакет «золото»,Товары для дома и подарки,,False
29209,Подарочный пакет «серебро»,Товары для дома и подарки,,False
29214,Закладка «золотое перо»,Аксессуары,,False
29215,Кружка «золотое перо»,Товары для дома и подарки,,False
29217,Магнит «золотое перо»,Товары для дома и подарки,,False
29218,Обложка для паспорта «золотое перо»,Аксессуары,,False
29219,Ожерелье-брошь «золотое перо»,Украшения,,False
29223,Ожерелье «терра»,Украшения,,False
29224,Серьги «терра»,Украшения,,False
29225,Серьги «терра»,Украшения,,False
29234,Серьги «богема»,Украшения,,False
29235,Набор серег в подарочной упаковке,Наборы,,False
29239,Серьги «черный бриллиант»,Украшения,,False
29240,Кольцо «черный бриллиант»,Украшения,,False
29241,Сумочка-клатч «черный бриллиант»,Аксессуары,,False
29244,Сумка «аметист»,Аксессуары,,False
29245,Шарф-воротник «аметист»,Аксессуары,,False
29246,Перчатки «аметист»,Аксессуары,,False
29247,Бигуди,Уход за волосами,,False
29250,Органайзер для косметики the one,Аксессуары,,False
29251,Косметичка the one,Аксессуары,,False
29253,Косметичка «сафари»,Аксессуары,,False
29254,Шарф «сафари»,Аксессуары,,False
29255,Сумочка «деним»,Аксессуары,,False
29258,Шарф-снуд «деним»,Аксессуары,,False
29259,Шапка «деним»,Одежда и текстиль,,False
29260,Митенки «Деним»,Одежда и текстиль,high,True
29261,Сумка «аврора»,Аксессуары,,False
29262,Шарф «аврора»,Аксессуары,,False
29274,Сумочка «ингрид»,Аксессуары,,False
29275,Пончо «Ингрид»,Одежда и текстиль,high,True
29276,Пончо «Ингрид»,Одежда и текстиль,high,True
29277,Расческа,Аксессуары,,False
29279,Косметичка-клатч «богема»,Аксессуары,,False
29283,Ожерелье «богема»,Украшения,,False
29293,Платок в подарочной упаковке,Аксессуары,,False
29294,Комплект из варежек и шарфа «айвори»,Наборы,,False
29298,Серьги с подвеской,Украшения,,False
29299,Прессованное полотенце «золотое перо»,Одежда и текстиль,,False
29304,Серьги,Украшения,,False
29307,Часы «розовый жемчуг»,Аксессуары,,False
29311,Мыльница,Товары для дома и подарки,high,True
29312,Маникюрный набор,Наборы,,False
29313,Набор пилок для ногтей,Наборы,,False
29314,Щётка-пемза,Уход за руками и ногами,,False
29315,Косметичка,Аксессуары,,False
29318,Отшелушивающее полотенце «аруба»,Одежда и текстиль,,False
29321,Набор одноразовых бритвенных станков,Наборы,,False
29322,Сумка «мегаполис»,Аксессуары,,False
29324,Шарф «мегаполис»,Аксессуары,,False
29325,"Сумка "" Чили """,Аксессуары,,False
29326,"Шарф "" Чили """,Аксессуары,,False
29331,"Сумочка "" Валентина """,Аксессуары,,False
29332,Сумка «классический беж»,Аксессуары,,False
29334,Шарф «классический беж»,Аксессуары,,False
29335,Сумка «вайолет»,Аксессуары,,False
29336,Шарф «вайолет»,Аксессуары,,False
29337,Набор браслетов «вайолет»,Наборы,,False
29338,Ожерелье «вайолет»,Украшения,,False
29343,Подарочный набор для душа «лаванда»,Наборы,,False
29347,Мужской набор для ухода за волосами и ногтями,Наборы,,False
29348,Ожерелье «аурум»,Украшения,,False
29349,Серьги «аурум»,Украшения,,False
29350,Браслет «аурум»,Украшения,,False
29355,Губка для душа,Уход за телом,,False
29357,Мужская косметичка,Аксессуары,,False
29358,Серьги,Украшения,,False
29360,"Ожерелье "" Валентина """,Украшения,,False
29362,"Серьги "" Валентина """,Украшения,,False
29363,Ожерелье «классический беж»,Украшения,,False
29364,Набор серег «классический беж»,Наборы,,False
29367,Ожерелье и серьги в подарочной коробке «вайолет»,Украшения,,False
29368,Сумка «морская волна»,Аксессуары,,False
29369,Кошелек «морская волна»,Аксессуары,,False
29370,Шарф «морская волна»,Аксессуары,,False
29374,Серьги «морская волна»,Украшения,,False
29375,Ожерелье «морской бриз»,Украшения,,False
29377,Серьги «морской бриз»,Украшения,,False
29378,Кольцо «мадемуазель»,Украшения,,False
29380,Комплексный уход против морщин novage ecollagen light (с лёгким дневным кремом),Уход за лицом,,False
29395,Набор косметичек «юбилейная коллекция»,Наборы,,False
29397,Подарочный пакет «юбилейная коллекция»,Товары для дома и подарки,,False
29401,Сумочка-клатч «рокси»,Аксессуары,,False
29403,Сумка «юбилейная коллекция»,Аксессуары,,False
29404,Шарф «юбилейная коллекция»,Аксессуары,,False
29406,"Шарф "" Валентина """,Аксессуары,,False
29446,Комплексный уход для мужской кожи novage men,Уход за лицом,,False
29447,Комплексный уход ecobeauty,Уход за лицом,,False
29449,Двусторонняя мочалка для душа,Уход за телом,,False
29450,Мешочек для купальника,Товары для дома и подарки,,False
29451,Косметичка «аруба»,Аксессуары,,False
29452,Пилочки для ногтей «аруба»,Макияж,,False
29453,Косметичка,Аксессуары,,False
29454,Расческа,Аксессуары,,False
29455,Электрическая роликовая пилка для ног feet up pedismooth,Уход за руками и ногами,,False
29457,Пемза,Уход за руками и ногами,,False
29458,Двусторонняя щетка для лица,Уход за лицом,,False
29459,Повязка-ободок «аруба»,Аксессуары,,False
29460,Шапочка для душа «аруба»,Уход за телом,,False
29461,Сменные насадки для электрической роликовой пилки для ног feet up pedismooth,Уход за руками и ногами,,False
29462,Солнцезащитные очки в чехле,Уход за телом,,False
29463,Подушка для отдыха и путешествий,Товары для дома и подарки,,False
29465,Пляжное полотенце «аруба»,Одежда и текстиль,,False
29468,Прессованная тканевая маска для лица,Уход за лицом,,False
29475,Пляжная сумка «аруба»,Аксессуары,,False
29476,Солнцезащитные очки в чехле «аруба»,Уход за телом,,False
29477,Платок-парео «аруба»,Одежда и текстиль,,False
29479,Шарф «латте»,Аксессуары,,False
29480,Сумочка «эсмеральда»,Аксессуары,,False
29482,Шарф «баунти»,Аксессуары,,False
29483,Солнцезащитные очки в чехле «баунти»,Уход за телом,,False
29484,Сумка «морская классика»,Аксессуары,,False
29485,Кошелек «морская классика»,Аксессуары,,False
29486,Солнцезащитный козырек «морская классика»,Уход за телом,,False
29487,Набор серег «морская классика»,Наборы,,False
29488,Ожерелье «моника»,Украшения,,False
29489,Браслет «моника»,Украшения,,False
29490,Сумка «моника»,Аксессуары,,False
29492,Кошелек «моника»,Аксессуары,,False
29493,Сумочка-клатч «индиго»,Аксессуары,,False
29494,Шарф «индиго»,Аксессуары,,False
29495,Заколка «индиго»,Аксессуары,,False
29496,Ожерелье «индиго»,Украшения,,False
29497,Браслет «индиго»,Украшения,,False
29498,Кольцо «индиго»,Украшения,,False
29499,Набор серег с каффом «аруба»,Наборы,,False
29515,Набор колец «аруба»,Наборы,,False
29520,Серьги «эсмеральда»,Украшения,,False
29521,Кольцо «эсмеральда»,Украшения,,False
29522,Ожерелье «баунти»,Украшения,,False
29523,Серьги «баунти»,Украшения,,False
29524,Ожерелье «фрейя»,Украшения,,False
29525,Набор серег «фрейя»,Наборы,,False
29528,Сумка linchao,Аксессуары,,False
29529,Шарф-парео linchao,Одежда и текстиль,,False
29532,Солнцезащитные очки linchao,Уход за телом,,False
29535,Набор серег «глория»,Наборы,,False
29536,Кольцо «глория»,Украшения,,False
29537,Ожерелье «фантазия»,Украшения,,False
29540,Серьги «фантазия»,Украшения,,False
29542,Набор заколок для волос «хрустальная роса»,Наборы,,False
29543,Губка для душа,Уход за телом,,False
29544,Кошелек «фантазия»,Аксессуары,,False
29545,Сумка «фантазия»,Аксессуары,,False
29546,Шарф «фантазия»,Аксессуары,,False
29547,Платок «глория»,Аксессуары,,False
29549,Клатч «глория»,Аксессуары,,False
29550,Шарф «нарцисс»,Аксессуары,,False
29551,Сумка «нарцисс»,Аксессуары,,False
29557,Комбинированная кисть для теней,Аксессуары,,False
29562,Сумка «эмилия»,Аксессуары,,False
29563,Платок «эмилия»,Аксессуары,,False
29565,Кошелек «эмилия»,Аксессуары,,False
29567,Серьги «эмилия»,Украшения,,False
29568,Кольцо «эмилия»,Украшения,,False
29569,Ожерелье «эмилия»,Украшения,,False
29577,Сумочка «аризона»,Аксессуары,,False
29578,Пончо «Аризона»,Одежда и текстиль,high,True
29579,Серьги «хрустальная роса»,Украшения,,False
29580,Аксессуар для чистки косметических кистей,Аксессуары,high,True
29581,Сумка «агния»,Аксессуары,,False
29582,Косметичка «агния»,Аксессуары,,False
29583,Шарф «агния»,Аксессуары,,False
29585,Серьги «аризона»,Украшения,,False
29586,Браслет «аризона»,Украшения,,False
29587,Кольцо «аризона»,Украшения,,False
29589,Силиконовая лопаточка для нанесения масок,Аксессуары,,False
29591,Кисть для подводки e05,Аксессуары,,False
29592,Расческа-щеточка для бровей и ресниц e04,Макияж,,False
29593,Скошенная кисть для бровей e03,Макияж,,False
29594,Скошенная кисть для румян f02,Аксессуары,,False
29595,Двусторонняя кисть для теней e02,Аксессуары,,False
29596,Веерная кисть для пудры f04,Аксессуары,,False
29597,Кисть для консилера f05,Макияж,,False
29598,Кисть для растушевки теней e01,Аксессуары,,False
29599,Кисть для помады l01,Макияж,,False
29655,Кисть для пудры f01,Аксессуары,,False
29674,Кисть для тональной основы f03,Макияж,,False
29677,Серьги «северное сияние»,Украшения,,False
29678,Сумка «ар-деко»,Аксессуары,,False
29680,Набор ожерелий «ар-деко»,Наборы,,False
29681,Набор браслетов «ар-деко»,Наборы,,False
29682,Набор серег «ар-деко»,Наборы,,False
29685,Клатч «северное сияние»,Аксессуары,,False
29688,Комплекс «Астаксантин и экстракт черники»,Wellness и питание,high,True
29689,Сухая смесь для коктейля «нэчурал баланс» - натуральный клубничный вкус,Wellness и питание,,False
29690,Сухая смесь для коктейля «нэчурал баланс» - натуральный ванильный вкус,Wellness и питание,,False
29691,Сухая смесь для коктейля «нэчурал баланс» - натуральный шоколадный вкус,Wellness и питание,,False
29692,Протеиновый батончик с кусочками шоколада natural balance,Wellness и питание,,False
29693,Протеиновый батончик c ягодами natural balance,Wellness и питание,,False
29694,Суп «нэчурал баланс» - томат и базилик,Wellness и питание,,False
29695,Суп «нэчурал баланс» - спаржа,Wellness и питание,,False
29696,Вэлнэс пэк для женщин,Wellness и питание,,False
29697,Вэлнэс пэк для мужчин,Wellness и питание,,False
29699,Комплекс «мультивитамины и минералы» для детей,Wellness и питание,,False
29703,Комплекс «мультивитамины и минералы» для мужчин,Wellness и питание,,False
29704,Комплекс «мультивитамины и минералы» для женщин,Wellness и питание,,False
29705,Комплекс «омега-3»,Wellness и питание,,False
29706,Нутрикомплекс для волос и ногтей,Уход за волосами,,False
29711,Сумка «фиби»,Аксессуары,,False
29712,Шарф «фиби»,Аксессуары,,False
29713,Браслет «фиби»,Украшения,,False
29715,Ожерелье «фиби»,Украшения,,False
29716,Серьги «фиби»,Украшения,,False
29717,Сумка «соланж»,Аксессуары,,False
29718,Кошелек «соланж»,Аксессуары,,False
29719,Шарф «соланж»,Аксессуары,,False
29720,Серьги «эклипс»,Украшения,,False
29721,Ожерелье «эклипс»,Украшения,,False
29722,Кольцо «эклипс»,Украшения,,False
29723,Кисть для контуринга f06,Аксессуары,,False
29725,Берет «Фиби»,Одежда и текстиль,high,True
29727,Мужской триммер 2-в-1,Уход за телом,,False
29729,Силиконовый очищающий диск для лица,Уход за лицом,,False
29730,Кисть кабуки,Аксессуары,,False
29731,Набор аксессуаров для макияжа глаз,Наборы,,False
29732,Набор мини-спонжей для макияжа,Наборы,,False
29736,Набор для дизайна ногтей,Наборы,,False
29738,Подарочный набор пилок для ногтей,Наборы,,False
29740,Набор для маникюра,Наборы,,False
29741,Набор для педикюра,Наборы,,False
29742,Мочалка для душа,Уход за телом,,False
29743,Мыльница,Товары для дома и подарки,high,True
29744,Набор полотенец для лица,Наборы,,False
29745,Косметичка «реноме»,Аксессуары,,False
29747,Суперщётка для волос 3-в-1,Уход за волосами,,False
29748,Бигуди,Уход за волосами,,False
29749,Набор украшений для волос,Наборы,,False
29750,Ободок для создания причёсок,Аксессуары,high,True
29756,Сумочка «аурелия»,Аксессуары,,False
29757,Шарф «аурелия»,Аксессуары,,False
29760,"Ожерелье-трансформер "" Орбита """,Украшения,,False
29761,Серьги-трансформеры «орбита»,Украшения,,False
29764,Шарф «виктория»,Аксессуары,,False
29765,Митенки «Виктория»,Одежда и текстиль,high,True
29767,Ожерелье «виктория»,Украшения,,False
29768,Серьги «виктория»,Украшения,,False
29769,"Часы "" Реноме """,Аксессуары,,False
29770,Набор для ухода за кожей тела и ног,Наборы,,False
29774,Бумажник «Реноме»,Аксессуары,high,True
29775,"Ремень "" Реноме """,Аксессуары,,False
29776,"Шарф "" Реноме """,Аксессуары,,False
29777,Сумочка disguise,Аксессуары,,False
29778,Браслет disguise,Украшения,,False
29779,"Сумка "" Холли """,Аксессуары,,False
29781,"Набор колец "" Холли """,Наборы,,False
29782,"Серьги "" Холли """,Украшения,,False
29783,"Ожерелье "" Холли """,Украшения,,False
29787,"Сумочка "" Энигма """,Аксессуары,,False
29788,"Комплект из платка и броши "" Павлиний глаз """,Наборы,,False
29790,"Браслет "" Энигма """,Украшения,,False
29791,"Ожерелье "" Энигма """,Украшения,,False
29792,"Серьги "" Энигма """,Украшения,,False
29800,Сумочка «тильда»,Аксессуары,,False
29801,Накидка-болеро «тильда»,Одежда и текстиль,,False
29804,Ожерелье «клео»,Украшения,,False
29805,Браслет «клео»,Украшения,,False
29806,Набор колец «клео»,Наборы,,False
29807,Серьги «эмеральд»,Украшения,,False
29808,Ожерелье «эмеральд»,Украшения,,False
29809,Кольцо «эмеральд»,Украшения,,False
29812,Комплект из шапки и варежек «бургунди»,Наборы,,False
29813,"Носки в подарочной упаковке ""Ёлочный шар """,Товары для дома и подарки,,False
29814,"Ручка "" Золотой бант """,Аксессуары,,False
29815,"Закладка "" Золотой бант """,Аксессуары,,False
29817,"Набор украшений "" Россыпь кристаллов """,Наборы,,False
29818,"Часы "" Элеганс """,Аксессуары,,False
29819,"Набор серег-трансформеров "" Золотая классика """,Наборы,,False
29820,Комплект украшений «флора»,Наборы,,False
29821,Набор серег «одри»,Наборы,,False
29823,Подарочная коробка,Товары для дома и подарки,,False
29834,Серьги «сияющий кристалл»,Украшения,,False
29835,Ожерелье «сияющий кристалл»,Украшения,,False
29836,Кольцо «сияющий кристалл»,Украшения,,False
29844,Палантин-плед «бланка»,Одежда и текстиль,,False
29848,"Сумка "" Элен """,Аксессуары,,False
29852,Сумочка-клатч «искушение»,Аксессуары,,False
29853,Платок «палитра любви»,Наборы,,False
29858,Двусторонняя сумка-шопер,Аксессуары,,False
29859,Шарф с необработанными краями,Аксессуары,,False
29860,Сумка-мессенджер,Аксессуары,,False
29861,Шарф с принтом,Аксессуары,,False
29862,Лаковая сумка,Аксессуары,,False
29863,Шарф в горошек,Аксессуары,,False
29864,Солнцезащитные очки в двухцветной оправе,Уход за телом,,False
29865,Сумка,Аксессуары,,False
29866,Кошелек,Аксессуары,,False
29867,Шарф с кружевом,Аксессуары,,False
29868,Плиссированный шарф,Аксессуары,,False
29869,Сумка-таблетка,Аксессуары,,False
29870,Солнцезащитные очки,Уход за телом,,False
29871,Сумка с металлическими ручками-кольцами,Аксессуары,,False
29872,Клатч-косметичка на цепочке,Украшения,,False
29873,Шарф «престиж»,Аксессуары,,False
29876,Часы «искушение»,Аксессуары,,False
29878,Набор серег «валентинка»,Наборы,,False
29879,Серьги с открыткой «валентинка»,Товары для дома и подарки,,False
29880,Набор украшений «искушение»,Наборы,,False
29882,Комплект украшений в подарочной упаковке,Наборы,,False
29883,Набор серег,Наборы,,False
29884,Набор колец,Наборы,,False
29885,Украшение для обуви,Аксессуары,,False
29886,Ожерелье на ленте,Украшения,,False
29887,Ожерелье с подвеской-цепочкой,Украшения,,False
29888,Прямоугольные серьги-пусеты,Украшения,,False
29889,Ожерелье с подвесками,Украшения,,False
29890,Набор серег-пусет,Наборы,,False
29891,Серьги с цепочками,Украшения,,False
29894,Ожерелье с подвеской-сферой,Украшения,,False
29895,Серьги с металлическими сферами,Украшения,,False
29896,Набор серег-трансформеров с каффом,Наборы,,False
29897,Набор браслетов,Наборы,,False
29898,Ожерелье-чокер,Украшения,,False
29899,Браслет-кафф,Украшения,,False
29900,Ожерелье possess the secret,Украшения,,False
29902,Ремень «престиж»,Аксессуары,,False
29903,Набор полотенец,Наборы,,False
29905,Косметичка novage men,Уход за лицом,,False
29906,Двусторонняя кисть для подводки giordani gold,Аксессуары,,False
29907,Набор спонжей для макияжа,Наборы,,False
29908,Пинцет,Аксессуары,,False
29909,Набор аксессуаров для создания причесок «валентинка»,Наборы,,False
29910,Кусачки для ногтей,Макияж,,False
29911,Расческа,Аксессуары,,False
29912,Подставка под кисти для макияжа,Аксессуары,,False
29913,Набор для маникюра,Наборы,,False
29914,Набор пилок для ногтей,Наборы,,False
29915,Аппарат для очищения и ухода за кожей лица skinpro sonic 3-в-1,Уход за лицом,,False
29916,Брелок с зеркалом,Аксессуары,,False
29917,Косметичка с лентой,Аксессуары,,False
29918,Металлическая пилка для ног,Уход за руками и ногами,,False
29920,Шарф с цветочным принтом,Аксессуары,,False
29921,Серьги с эффектом ковки,Украшения,,False
29922,Ожерелье со сферой,Украшения,,False
29923,Мужские часы,Аксессуары,,False
29924,Спонж для макияжа,Аксессуары,,False
29926,Полотенце-тюрбан для волос,Уход за волосами,,False
29927,Трафарет для макияжа глаз,Аксессуары,high,True
29928,Набор для коррекции бровей,Наборы,,False
29929,Набор трафаретов для бровей,Наборы,,False
29930,Дорожный набор,Наборы,,False
29931,Органайзер для косметики,Аксессуары,,False
29932,Водонепроницаемый чехол,Аксессуары,,False
29933,Чехол для кистей для макияжа,Аксессуары,,False
29934,Гелевые подушечки под пятки,Аксессуары,medium,True
29935,Тканевая салфетка для снятия макияжа,Товары для дома и подарки,,False
29936,Мочалка для душа,Уход за телом,,False
29937,Набор полотенец для лица,Наборы,,False
29997,Гелевые подушечки для задников обуви,Аксессуары,medium,True
29998,Щетка для распутывания волос,Уход за волосами,,False
30004,"Освежающие салфетки для интимной гигиены "" Феминэль """,Товары для дома и подарки,,False
30005,"Массажное мыло с отшелушивающим эффектом "" Шведский spa салон """,Уход за телом,,False
30008,"Шампунь для придания блеска "" Эксперт - здоровое сияние """,Уход за волосами,,False
30009,"Кондиционер для придания блеска "" Эксперт - здоровое сияние """,Уход за волосами,,False
30011,"Мыло "" Зимние грёзы """,Уход за телом,,False
30012,"Крем для рук "" Зимние грёзы """,Уход за руками и ногами,,False
30013,"Увлажняющий крем для душа "" Базилик и персик "" . большой объём",Уход за телом,,False
30025,Парфюмерная вода volare,Парфюмерия,,False
30026,Парфюмерная вода lady avebury,Парфюмерия,,False
30028,"Лёгкий дневной крем против морщин "" Эколлаген """,Уход за лицом,,False
30030,"Разглаживающая сыворотка с эффектом лифтинга "" Эколлаген """,Уход за лицом,,False
30044,Парфюмерная вода volare,Парфюмерия,,False
30046,Дезодорант-антиперспирант 24-часового действия volare,Дезодоранты,,False
30047,"V дневной увлажняющий крем "" Абрикос """,Уход за лицом,,False
30058,Туалетная вода men´s collection citrus tonic,Парфюмерия,,False
30059,Туалетная вода men´s collection dark wood,Парфюмерия,,False
30061,Туалетная вода tenderly,Парфюмерия,,False
30064,"Шампунь для жирных волос "" Эксперт - баланс """,Уход за волосами,,False
30065,"Сухой шампунь для жирных волос "" Эксперт - баланс """,Уход за волосами,,False
30066,"Разглаж. шампунь для непослушных волос "" Эксперт - шёлковая гладкость """,Уход за волосами,,False
30067,"Разглаж. кондиционер для непослушных волос "" Эксперт - шёлковая гладкость """,Уход за волосами,,False
30068,"Разглаж. крем для непослушных волос "" Эксперт - шёлковая гладкость """,Уход за волосами,,False
30069,"Гель для душа "" Страстная бразилия """,Уход за телом,,False
30070,"Мыло "" Страстная бразилия """,Уход за телом,,False
30071,"Мужской гель для душа "" Бразильское приключение """,Уход за телом,,False
30072,"Гель для душа "" Райский бали """,Уход за телом,,False
30073,"Мыло "" Райский бали """,Уход за телом,,False
30074,"Жидкое мыло для рук "" Райский бали """,Уход за руками и ногами,,False
30075,"Гель для душа "" Романтика парижа """,Уход за телом,,False
30076,"Мыло "" Романтика парижа """,Уход за телом,,False
30077,"Скраб для тела "" Романтика парижа """,Уход за телом,,False
30095,Туалетная вода ultimate,Парфюмерия,,False
30115,"Пена для ванны "" Сладкие грёзы """,Уход за телом,,False
30122,Туалетная вода imagination,Парфюмерия,,False
30124,"Крем для лица "" Чайное дерево """,Уход за лицом,,False
30126,"Матирующий тоник "" Чайное дерево """,Уход за лицом,,False
30127,"Крем-гель для лица "" Алоэ вера """,Уход за лицом,,False
30128,Туалетная вода eclat femme,Парфюмерия,,False
30129,Туалетная вода eclat femme,Парфюмерия,,False
30132,Гель для душа «пляжи майами»,Уход за телом,,False
30133,Мыло «пляжи майами»,Уход за телом,,False
30134,Скраб для тела «пляжи майами»,Уход за телом,,False
30135,"Гель для душа "" Райский бали "" . большой объём",Уход за телом,,False
30136,"Гель для душа "" Страстная бразилия "" . большой объём",Уход за телом,,False
30137,"Кремовый дезод.-антиперсп. 24-часового действия с ухаживающим комплексом "" Активэль """,Уход за лицом,,False
30139,"Антивозрастной тоник "" Эколлаген """,Уход за лицом,,False
30140,"Антивозрастное очищающее средство 3-в-1 "" Эколлаген """,Уход за лицом,,False
30141,"Очищающий антивозрастной гель-пенка "" Эколлаген """,Уход за лицом,,False
30143,"Гель для век "" Алоэ вера """,Макияж,,False
30144,"Гель для умывания "" Алоэ вера """,Уход за лицом,,False
30148,"Увлажняющая маска-гель "" Алоэ вера """,Уход за лицом,,False
30149,"Тоник для лица "" Алоэ вера """,Уход за лицом,,False
30150,"Скраб для лица "" Алоэ вера """,Уход за лицом,,False
30153,"Очищающий гель для лица "" Чайное дерево """,Уход за лицом,,False
30154,"Очищающая маска с глиной "" Чайное дерево """,Уход за лицом,,False
30155,Антибактериальный корректирующий карандаш «Чайное дерево»,Макияж,high,True
30156,"Антибактериальный лосьон-карандаш "" Чайное дерево """,Уход за телом,,False
30157,"Крем для лица "" Ромашка """,Уход за лицом,,False
30158,"Тоник для лица "" Ромашка """,Уход за лицом,,False
30159,"Очищающее молочко "" Ромашка """,Уход за лицом,,False
30160,"Дневной крем для лица "" Шиповник """,Уход за лицом,,False
30161,"Ночной крем для лица "" Шиповник """,Уход за лицом,,False
30162,"Крем для кожи вокруг глаз "" Шиповник """,Уход за лицом,,False
30163,"Очищающее средство 2-в-1 "" Шиповник """,Уход за лицом,,False
30164,Масло для лица «шиповник»,Уход за лицом,,False
30172,Очищающие салфетки для лица «код чистоты»,Товары для дома и подарки,,False
30173,Туалетная вода eclat homme,Парфюмерия,,False
30179,Шампунь для тонких волос «эксперт – максимальный объем». большой объем,Уход за волосами,,False
30180,"Шампунь "" Эксперт - защита цвета "" . большой объём",Уход за волосами,,False
30181,"Укрепляющий шампунь "" Эксперт - красота и сила """,Уход за волосами,,False
30182,"Укрепляющий тоник-уход для корней волос "" Эксперт - красота и сила """,Уход за волосами,,False
30321,Туалетная вода eclat homme,Парфюмерия,,False
30331,"Шампунь "" Эксперт - восстановление "" . большой объём",Уход за волосами,,False
30332,"Дезод.-антиперспирант 24-часового действия с экстрактом зелёного чая "" Активэль """,Дезодоранты,,False
30333,Спрей-дезодорант-антиперспирант 24-часового действия с экстрактом зелёного чая «Активэль»,Дезодоранты,high,True
30346,"Многофункц. сс крем, выравнивающий тон кожи "" Защита и осветление "" - натуральный",Уход за лицом,,False
30347,Многофункциональный CC-крем «Защита и осветление» - Бежевый,Макияж,high,True
30348,"Крем-флюид, выравнивающий тон кожи, с spf 30 "" Защита и осветление """,Уход за лицом,,False
30356,Питательный крем для ног с пчелиным воском,Уход за руками и ногами,,False
30357,"Шампунь для окрашенных волос "" Миндаль и клубника """,Уход за волосами,,False
30358,"Кондиционер для окрашенных волос "" Миндаль и клубника """,Уход за волосами,,False
30360,"Маска для окрашенных волос "" Миндаль и клубника """,Уход за волосами,,False
30364,"Губная помада "" Цветомания "" - шоколадный трюфель",Макияж,,False
30365,Кремовый зефир,Уход за лицом,,False
30366,Губная помада «Цветомания» - Клюквенная пастила,Макияж,high,True
30367,Губная помада «Цветомания» - Персиковое суфле,Макияж,high,True
30368,Губная помада «Цветомания» - Розовая карамель,Макияж,high,True
30369,Губная помада «Цветомания» - Ягодный мармелад,Макияж,high,True
30370,Губная помада-бальзам Very Me Цветомания - Малиновый чизкейк,Макияж,high,True
30371,Губная помада-бальзам Very Me Цветомания - Лиловый пунш,Макияж,high,True
30382,Питательный крем для лица «макадамия»,Уход за лицом,,False
30384,Питательный бальзам для губ «макадамия»,Макияж,,False
30399,Парфюмерная вода miss giordani,Парфюмерия,,False
30400,Парфюмерная вода miss giordani,Парфюмерия,,False
30411,Туалетная вода voyager woman,Парфюмерия,,False
30422,"Тон. основа "" Прикосновение безупречности "" Gg - фарфоровый",Макияж,,False
30424,Тени-карандаш для век Драматик - Слоновая кость,Макияж,medium,True
30426,Тени-карандаш для век Драматик - Естественный бежевый,Макияж,medium,True
30427,"Тени-карандаш для век "" Драматик "" - полночный индиго",Макияж,,False
30428,Тени-карандаш для век Драматик - Классический чёрный,Макияж,medium,True
30429,Тени-карандаш для век Драматик - Стальной серый,Макияж,high,True
30430,Губная помада the one power shine - ослепительный беж,Макияж,,False
30431,Тени-карандаш для век Драматик - Нежная роза,Макияж,medium,True
30432,Губная помада The ONE Power Shine - Чайная роза,Макияж,high,True
30433,Губная помада The ONE Power Shine - Золотистый абрикос,Макияж,medium,True
30434,Губная помада The ONE Power Shine - Розовый рай,Макияж,medium,True
30435,Губная помада The ONE Power Shine - Лепесток сакуры,Макияж,high,True
30436,Губная помада The ONE Power Shine - Свежий клевер,Макияж,medium,True
30437,Губная помада The ONE Power Shine - Лиловое сияние,Макияж,medium,True
30438,Губная помада The ONE Power Shine - Черешневый шербет,Макияж,high,True
30439,Губная помада The ONE Power Shine - Пурпурная фиалка,Макияж,high,True
30440,Губная помада The ONE Power Shine - Лесная ягода,Макияж,medium,True
30441,Губная помада The ONE Power Shine - Феерический красный,Макияж,medium,True
30442,Ягодный коктейль,Wellness и питание,,False
30443,Губная помада The ONE Power Shine - Манящая малина,Макияж,medium,True
30444,Шоколадный крем,Уход за лицом,,False
30445,"Губная помада "" Икона стиля "" Gg - перламутровый беж",Макияж,,False
30446,Кремовый беж,Уход за лицом,,False
30447,Губная помада Giordani Gold Икона стиля - Розовый беж,Макияж,medium,True
30448,Губная помада Giordani Gold Икона стиля - Нежный розовый,Макияж,medium,True
30449,Губная помада Giordani Gold Икона стиля - Классический розовый,Макияж,high,True
30450,Губная помада Giordani Gold Икона стиля - Персиковый розовый,Макияж,medium,True
30451,Коралловый розовый,Макияж,high,True
30452,Натуральный малиновый,Макияж,high,True
30453,Яркая фуксия,Макияж,high,True
30454,Классический красный,Макияж,high,True
30455,Яркий алый,Макияж,high,True
30456,Кремовый сливовый,Уход за лицом,,False
30457,Перламутровый лавандовый,Макияж,high,True
30458,Золотистый медный,Макияж,high,True
30459,Шоколадный вишнёвый,Макияж,high,True
30460,Объёмная тушь для ресниц the one volume blast - чёрный,Макияж,,False
30461,Тёмно-синий,Макияж,medium,True
30466,Туалетная вода athena bright breeze,Парфюмерия,,False
30468,Туалетная вода be the legend,Парфюмерия,,False
30475,Стойкий карандаш-подводка для глаз the one - чёрный,Макияж,,False
30476,Коричневый,Макияж,medium,True
30477,Синий,Макияж,medium,True
30478,Серый,Макияж,medium,True
30496,"Мультифункц. крем-тон "" Бесконечное блаженство "" - светлый",Уход за лицом,,False
30497,Естественный,Макияж,medium,True
30498,Средний,Макияж,medium,True
30511,Универсальное средство для губ и щёк - воздушный розовый,Уход за лицом,,False
30512,Аппетитный ягодный,Макияж,high,True
30520,Стойкий лак для ногтей the one - крем-брюле,Макияж,,False
30521,Розовый лёд,Макияж,high,True
30522,Чайная роза,Макияж,high,True
30523,Клубничное суфле,Макияж,high,True
30524,Нежная лаванда,Макияж,high,True
30525,Лиловая дымка,Макияж,high,True
30526,Золотистая роза,Макияж,high,True
30527,Ночная орхидея,Макияж,high,True
30528,Волнующая фуксия,Макияж,high,True
30529,Красный коралл,Макияж,high,True
30530,Классический красный,Макияж,high,True
30531,Томный бордо,Макияж,high,True
30532,Ночной пурпур,Макияж,high,True
30533,Спелая черешня,Макияж,high,True
30534,Сливочный ирис,Макияж,high,True
30540,Туалетная вода ascendant aqua,Парфюмерия,,False
30546,"Гель для душа "" Солнце сицилии "" . большой объём",Уход за телом,,False
30547,"Мягкое очищающее средство для интимной гигиены "" Феминэль """,Гигиена и полость рта,,False
30550,"Мусс для укладки волос, придающий объем «эксперт-стайлинг»",Уход за волосами,,False
30551,Лак для волос очень сильной фиксации «эксперт-стайлинг»,Уход за волосами,,False
30552,Несмываемый спрей-термозащита для укладки волос «эксперт-стайлинг»,Уход за волосами,,False
30553,"Освежающий крем для рук "" Черешня """,Уход за руками и ногами,,False
30556,"Рассыпчатая пудра "" Прикосновение безупречности "" Giordani gold - естественный",Макияж,,False
30557,Туалетная вода be the legend,Парфюмерия,,False
30568,Детский солнцезащитный лосьон sun zone с высокой степенью защиты spf 50,Уход за телом,,False
30569,Стойкая губная помада the one colour unlimited - естественный розовый,Макияж,,False
30570,Чайная роза,Макияж,high,True
30571,Розовый румянец,Макияж,high,True
30572,Нежный ягодный,Макияж,high,True
30573,Розовый коралл,Макияж,high,True
30574,Цветущая фуксия,Макияж,high,True
30575,Бесконечный красный,Макияж,high,True
30576,Интенсивный пурпурный,Макияж,high,True
30577,Кремовая слива,Уход за лицом,,False
30578,Мягкий кофейный,Макияж,high,True
30579,Массажная щетка для волос,Уход за волосами,,False
30580,Скелетная щетка для укладки волос,Уход за волосами,,False
30595,Малая круглая щетка для укладки волос,Уход за волосами,,False
30596,Тональная основа the one illuskin - фарфоровый,Макияж,,False
30597,Светлый бежевый,Макияж,high,True
30598,Тёплый бежевый,Макияж,high,True
30599,Слоновая кость,Макияж,high,True
30600,Естественный бежевый,Макияж,high,True
30601,Нейтральный оливковый,Макияж,high,True
30608,Средняя круглая щетка для завивки локонов,Аксессуары,,False
30609,Большая круглая щетка для сушки и укладки волос,Уход за волосами,,False
30610,Расческа-гребень,Аксессуары,,False
30611,Щетка для начеса волос,Уход за волосами,,False
30612,Компактная пудра the one illuskin - светлый бежевый,Макияж,,False
30613,Естественный бежевый,Макияж,high,True
30614,Тёплый бежевый,Макияж,high,True
30615,Корректор the one illuskin - светлый беж,Макияж,,False
30616,Корректор The ONE IlluSkin - Розовый беж,Макияж,medium,True
30617,Корректор The ONE IlluSkin - Естественный беж,Макияж,high,True
30628,Блеск для губ the one power shine - мерцающий беж,Макияж,,False
30629,Блеск для губ The ONE Power Shine - Розовый иней,Макияж,high,True
30630,Блеск для губ The ONE Power Shine - Розовый перламутр,Макияж,high,True
30631,Коралловый блеск,Макияж,,False
30632,Блеск для губ The ONE Power Shine - Радужное сияние,Макияж,high,True
30633,Блеск для губ The ONE Power Shine - Вишнёвое сияние,Макияж,high,True
30634,Блеск для губ The ONE Power Shine - Лиловое мерцание,Макияж,high,True
30635,Блеск для губ The ONE Power Shine - Драгоценная слива,Макияж,high,True
30638,Стойкий блеск для губ the one colour unlimited - кремовый беж,Макияж,,False
30639,Блеск для губ The ONE Colour Unlimited - Прохладный розовый,Макияж,high,True
30640,Блеск для губ The ONE Colour Unlimited - Розовая карамель,Макияж,high,True
30641,Блеск для губ The ONE Colour Unlimited - Нежный румянец,Макияж,high,True
30642,Блеск для губ The ONE Colour Unlimited - Персиковый шербет,Макияж,high,True
30643,Блеск для губ The ONE Colour Unlimited - Розовый коралл,Макияж,high,True
30644,Блеск для губ The ONE Colour Unlimited - Сочная фуксия,Макияж,high,True
30645,Блеск для губ The ONE Colour Unlimited - Спелая слива,Макияж,high,True
30646,"Ухаживающий крем для рук "" Олива """,Уход за руками и ногами,,False
30647,3d-щетка для подкручивания волос,Уход за волосами,,False
30653,Многофункциональная губная помада 5-в-1 the one colour stylist lipstick - розовый персик,Макияж,,False
30654,Губная помада The ONE Colour Stylist - Солнечный розовый,Макияж,high,True
30655,Многофункц. губная помада 5-в-1 the one colour stylist lipstick - дикая роза,Макияж,,False
30656,Губная помада The ONE Colour Stylist - Сияющий розовый,Макияж,high,True
30657,Губная помада The ONE Colour Stylist - Розовый гламур,Макияж,high,True
30658,Губная помада The ONE Colour Stylist - Брусничное мороженое,Макияж,high,True
30659,Губная помада The ONE Colour Stylist - Соблазнительная фуксия,Макияж,high,True
30660,Губная помада The ONE Colour Stylist - Пурпурная фиалка,Макияж,high,True
30661,Губная помада The ONE Colour Stylist - Цветущий клевер,Макияж,high,True
30662,Губная помада 5-в-1 The ONE Colour Stylist - Нежный сливовый,Макияж,high,True
30663,Губная помада 5-в-1 The ONE Colour Stylist - Загадочная фуксия,Макияж,high,True
30664,Губная помада 5-в-1 The ONE Colour Stylist - Дивный пион,Макияж,high,True
30665,Губная помада 5-в-1 The ONE Colour Stylist - Сочный абрикос,Макияж,high,True
30666,Губная помада 5-в-1 The ONE Colour Stylist - Коралловый закат,Макияж,high,True
30667,Губная помада 5-в-1 The ONE Colour Stylist - Спелый мандарин,Макияж,high,True
30668,Губная помада 5-в-1 The ONE Colour Stylist - Яркий коралл,Макияж,high,True
30669,Губная помада 5-в-1 The ONE Colour Stylist - Мистерия красного,Макияж,high,True
30670,Губная помада 5-в-1 The ONE Colour Stylist - Классический красный,Макияж,high,True
30671,Губная помада 5-в-1 The ONE Colour Stylist - Страстный алый,Макияж,high,True
30672,Губная помада 5-в-1 The ONE Colour Stylist - Приглушённый кармин,Макияж,high,True
30673,Губная помада 5-в-1 The ONE Colour Stylist - Пряный бордо,Макияж,high,True
30674,Губная помада 5-в-1 The ONE Colour Stylist - Дымчатый красный,Макияж,high,True
30675,Губная помада 5-в-1 The ONE Colour Stylist - Ледяной беж,Макияж,high,True
30676,Губная помада 5-в-1 The ONE Colour Stylist - Тёплый бежевый,Макияж,high,True
30677,Губная помада 5-в-1 The ONE Colour Stylist - Нежность розы,Макияж,high,True
30678,Губная помада 5-в-1 The ONE Colour Stylist - Естественный розовый,Макияж,high,True
30679,Губная помада 5-в-1 The ONE Colour Stylist - Винтажная роза,Макияж,high,True
30680,Губная помада 5-в-1 The ONE Colour Stylist - Прохладный розовый,Макияж,high,True
30681,Губная помада 5-в-1 The ONE Colour Stylist - Сливовое суфле,Макияж,high,True
30682,Губная помада 5-в-1 The ONE Colour Stylist - Красная медь,Макияж,high,True
30717,Вв бальзам для губ the one,Макияж,,False
30719,Многофункц. тушь для ресниц 5-в-1 the one wonderlash - чёрный,Макияж,,False
30720,Губная помада 5-в-1 The ONE Colour Stylist - Тёмно-коричневый,Макияж,medium,True
30722,Стойкая тушь для ресниц the one lash resistance,Макияж,,False
30743,"Гель для душа "" Романтика парижа "" . большой объём",Уход за телом,,False
30744,Кремовые тени-трансформер the one colour impact - жемчужный бежевый,Макияж,,False
30745,Кремовые тени-трансформер The ONE Colour Impact - Розовое золото,Макияж,high,True
30746,Кремовые тени-трансформер The ONE Colour Impact - Кофейное сияние,Макияж,high,True
30747,Кремовые тени-трансформер The ONE Colour Impact - Блестящий оливковый,Макияж,high,True
30748,Кремовые тени-трансформер The ONE Colour Impact - Звёздная ночь,Макияж,high,True
30749,Кремовые тени-трансформер The ONE Colour Impact - Глубокий индиго,Макияж,high,True
30750,Кремовые тени-трансформер The ONE Colour Impact - Томная слива,Макияж,high,True
30751,Кремовые тени-трансформер The ONE Colour Impact - Дымчатый серый,Макияж,high,True
30772,"Карандаш-подводка для глаз "" Каллиграфия "" Giordani gold - чёрный",Товары для дома и подарки,,False
30836,"Сыворотка-уход, моделирующая контуры лица и шеи «власть над временем интенс»",Уход за лицом,,False
30837,Питательный гель-скраб для тела «шведский spa-салон»,Уход за телом,,False
30838,Питательное крем-масло для тела «шведский spa-салон»,Уход за телом,,False
30839,Ночной питательный крем для рук и ногтей «шведский spa-салон»,Уход за руками и ногами,,False
30840,Очищающий скраб для лица «шведский spa-салон»,Уход за лицом,,False
30851,Питательная маска для лица «макадамия»,Уход за лицом,,False
30861,Специальное смягчающее средство «нежная забота» с розовым маслом,Уход за лицом,,False
30863,Туалетная вода masquerade,Парфюмерия,,False
30871,Дневной увлажняющий крем для совершенства кожи true perfection,Уход за лицом,,False
30872,Ночной обновляющий крем-бальзам для совершенства кожи true perfection,Уход за лицом,,False
30873,Сыворотка мгновенного действия для совершенства кожи true perfection,Уход за лицом,,False
30874,Крем для совершенства кожи вокруг глаз true perfection,Уход за лицом,,False
30878,Сменные насадки-щётки Skin Pro Sonic 3-в-1,Аксессуары,high,True
30879,Очищающий шампунь против перхоти «эксперт – защита от перхоти». большой объем,Уход за волосами,,False
30880,Лак для волос сильной фиксации «эксперт-стайлинг»,Уход за волосами,,False
30881,Разглаживающий крем для укладки волос «эксперт-стайлинг»,Уход за волосами,,False
30882,"Крем для душа "" Ваниль и гранат """,Уход за телом,,False
30883,"Мыло "" Ваниль и гранат """,Уход за телом,,False
30884,"Крем для рук "" Ваниль и гранат """,Уход за руками и ногами,,False
30885,Парфюмерная вода possess,Парфюмерия,,False
30886,Парфюмерная вода possess,Парфюмерия,,False
30887,Кисть для тонального средства,Макияж,,False
30888,Кисть для пудры и румян,Аксессуары,,False
30891,Спонж для взбивания пены,Аксессуары,,False
30892,Туалетная вода lucia starlight,Парфюмерия,,False
30894,Крем для рук «яблоко и корица»,Уход за руками и ногами,,False
30895,"Мыло "" Яблоко и корица """,Уход за телом,,False
30898,Салфетка для умывания,Товары для дома и подарки,,False
30909,"Крем для рук "" Интенсивное увлажнение """,Уход за руками и ногами,,False
30912,Органайзер для косметики,Аксессуары,,False
30917,Карманное зеркало 3-в-1,Аксессуары,,False
30923,Инструмент для чистки расчёсок,Аксессуары,high,True
30928,Кошелек,Аксессуары,,False
30929,Сумка-торба,Аксессуары,,False
30930,Набор платков с принтами 3-в-1,Наборы,,False
30941,Мыло «маскарад»,Уход за телом,,False
30942,"Шампунь для окрашенных волос "" Миндаль и клубника "" . большой объём",Уход за волосами,,False
30943,Солнцезащитные очки,Уход за телом,,False
30944,Перфорированная сумка с косметичкой,Аксессуары,,False
30945,Пляжный платок-сарафан,Аксессуары,,False
30946,Женские солнцезащитные очки,Уход за телом,,False
30959,Сумочка с пайетками,Аксессуары,,False
30965,Шарф с тропическим принтом,Аксессуары,,False
30967,Сумка с платком,Аксессуары,,False
30968,Кимоно с тропическим принтом,Одежда и текстиль,high,True
30969,Двухцветные тени для век the one colour match - чёрная жемчужина,Макияж,,False
30970,Двухцветные тени для век The ONE Colour Match - Бронзовый глянец,Макияж,high,True
30971,Двухцветные тени для век The ONE Colour Match - Серебристая дымка,Макияж,high,True
30972,Двухцветные тени для век The ONE Colour Match - Серебристый иней,Макияж,high,True
30973,Двухцветные тени для век The ONE Colour Match - Вечерняя роза,Макияж,high,True
30974,Двухцветные тени для век The ONE Colour Match - Лиловый закат,Макияж,high,True
30975,Двухцветные тени для век The ONE Colour Match - Голубой деним,Макияж,high,True
30976,Двухцветные тени для век The ONE Colour Match - Хвойный лес,Макияж,high,True
30977,Компактные румяна-хайлайтер 2-в-1 the one illuskin - светло-розовый,Макияж,,False
30978,Компактные румяна-хайлайтер 2-в-1 The ONE IlluSkin - Тёмно-розовый,Макияж,high,True
30979,Компактные румяна-хайлайтер 2-в-1 The ONE IlluSkin - Персиковый,Макияж,high,True
30980,Губная помада с блеском 3-в-1 the one triple core - чарующий беж,Макияж,,False
30981,Компактные румяна-хайлайтер 2-в-1 The ONE IlluSkin - Восхитительная роза,Макияж,high,True
30982,Компактные румяна-хайлайтер 2-в-1 The ONE IlluSkin - Розовый хрусталь,Макияж,high,True
30983,Компактные румяна-хайлайтер 2-в-1 The ONE IlluSkin - Яркий коралл,Макияж,high,True
30984,Губная помада The ONE Triple Core - Спелая ягода,Макияж,high,True
30985,Губная помада The ONE Triple Core - Розовый клевер,Макияж,high,True
30986,Губная помада The ONE Triple Core - Ночная орхидея,Макияж,high,True
30987,Губная помада The ONE Triple Core - Соблазнительная слива,Макияж,high,True
30988,Мультифункциональный сс крем giordani gold - светлый,Уход за лицом,,False
30989,Губная помада The ONE Triple Core - Естественный,Макияж,medium,True
30992,Кремовые тени для век «жемчужная вуаль» gg - снежный перламутр,Макияж,,False
30993,Кремовые тени для век «жемчужная вуаль» gg - золотые искры,Макияж,,False
30994,Кремовые тени для век Giordani Gold - Серебристый иней,Макияж,high,True
30995,Кремовые тени для век Giordani Gold - Лиловая дымка,Макияж,high,True
30996,Кремовые тени для век Giordani Gold - Розовая бронза,Макияж,high,True
31002,Туалетная вода men´s collection citrus tonic,Парфюмерия,,False
31003,Туалетная вода men´s collection dark wood,Парфюмерия,,False
31025,Набор разглаживающих мини-кремов «эластичность+»,Наборы,,False
31027,"Набор мини-кремов, выравнивающих тон кожи «защита и осветление»",Наборы,,False
31028,Набор мини-кремов для нормал./комбинир. кожи «активный кислород»,Наборы,,False
31029,Защитная основа под лак и глянцевое покрытие 2-в-1 the one,Макияж,,False
31030,Средство против расслаивания и ломкости ногтей the one,Уход за лицом,,False
31031,Смягчающий бальзам для ухода за кутикулой the one,Уход за лицом,,False
31032,Средство для роста ногтей the one,Уход за лицом,,False
31033,Питательное масло-уход для ногтей the one,Макияж,,False
31034,Жидкость для снятия лака the one,Макияж,,False
31035,Скраб для удаления кутикулы the one,Уход за телом,,False
31036,Гель для отбеливания ногтей The ONE,Уход за руками и ногами,high,True
31040,Пляжная сумка с тропическим принтом,Аксессуары,,False
31057,Антивозрастные капсулы для лица «власть над временем»,Уход за лицом,,False
31058,Косметичка с тропическим принтом,Аксессуары,,False
31061,Сумочка с перфорацией,Аксессуары,,False
31063,Сумка-шопер в морском стиле,Аксессуары,,False
31067,Шарф с кисточками,Аксессуары,,False
31074,Туалетная вода so fever him,Парфюмерия,,False
31075,"Бальзам для губ "" Клубника """,Макияж,,False
31076,"Бальзам для губ "" Вишня """,Макияж,,False
31077,"Бальзам для губ "" Малина """,Макияж,,False
31078,"Очищающие салфетки для лица "" Чайное дерево """,Товары для дома и подарки,,False
31087,Подтягивающая маска для лица «королевский бархат»,Уход за лицом,,False
31090,Мусс для формирования локонов «Эксперт-стайлинг»,Уход за волосами,high,True
31091,Лак для волос с эффектом объема «эксперт-стайлинг»,Уход за волосами,,False
31092,Гель для укладки волос с ультрастойкой невидимой фиксацией «эксперт-стайлинг»,Уход за волосами,,False
31093,Мягкий скраб для лица «интенсивное увлажнение»,Уход за лицом,,False
31094,Дневной крем «интенсивное увлажнение»,Уход за лицом,,False
31095,Ночной крем «интенсивное увлажнение»,Уход за лицом,,False
31099,Парфюмерная вода so fever her,Парфюмерия,,False
31111,Гель для душа «пляжи майями». большой объем,Уход за телом,,False
31112,Крем для рук «валентинов день»,Уход за руками и ногами,,False
31113,Мыло «валентинов день»,Уход за телом,,False
31116,"Мыло "" Бриллианты и жемчуг """,Уход за телом,,False
31117,"Крем для рук "" Бриллианты и жемчуг """,Уход за руками и ногами,,False
31118,Туалетная вода elvie firefly (пробник),Парфюмерия,,False
31119,Туалетная вода elvie firefly,Парфюмерия,,False
31121,Туалетная вода my naked truth,Парфюмерия,,False
31123,"Зубная паста "" Оптифреш "" - тотальная защита",Гигиена и полость рта,,False
31131,"Зубная паста "" Оптифреш "" - кристальная белизна",Гигиена и полость рта,,False
31132,"Зубная паста "" Оптифреш "" - экстремальная свежесть",Гигиена и полость рта,,False
31133,"Детская зубная паста с клубничным вкусом "" Оптифреш """,Гигиена и полость рта,,False
31134,Ополаскиватель для полости рта «Оптифреш»,Гигиена и полость рта,high,True
31138,"Мыло "" Человек-паук """,Уход за телом,,False
31139,"Пена для ванны и шампунь для волос и тела 3-в-1 "" Человек-паук """,Уход за волосами,,False
31140,"Шампунь-стимулятор роста волос "" Эксперт нео """,Уход за волосами,,False
31141,"Тоник-активатор роста волос "" Эксперт нео """,Уход за волосами,,False
31142,"Средство для придания объёма волосам, подверженным выпадению "" Эксперт нео """,Уход за волосами,,False
31145,Туалетная вода glacier rock,Парфюмерия,,False
31151,Объемная тушь для ресниц «роковой соблазн» giordani gold - черный,Макияж,,False
31153,Пляжная шляпа,Аксессуары,,False
31158,Стойкая тон. основа the one everlasting - теплый фарфоровый,Макияж,,False
31159,Стойкая тональная основа The ONE EverLasting - Светлый бежевый,Макияж,high,True
31160,Стойкая тональная основа The ONE EverLasting - Фарфоровый,Макияж,high,True
31161,Стойкая тональная основа The ONE EverLasting - Прозрачный бежевый,Макияж,high,True
31162,Стойкая тональная основа The ONE EverLasting - Розовый беж,Макияж,high,True
31163,Стойкая тональная основа The ONE EverLasting - Естественный бежевый,Макияж,high,True
31164,Стойкая тональная основа The ONE EverLasting - Слоновая кость,Макияж,high,True
31166,Стойкий корректор the one everlasting - светлый,Макияж,,False
31167,Тональная основа - Естественный,Макияж,medium,True
31170,Блеск для губ the one power shine prismatic - полярная звезда,Макияж,,False
31172,Коралловая галактика,Макияж,medium,True
31186,Ультрамягкие тени-карандаш для век the one - дымчатый серый,Макияж,,False
31187,Тени-карандаш для век The ONE - Угольно-черный,Макияж,high,True
31188,Тени-карандаш для век The ONE - Полночный синий,Макияж,high,True
31189,Мультифункциональная тушь the one double effect - угольный черный,Макияж,,False
31194,Стойкий лак для ногтей the one - блестящий аметист,Макияж,,False
31199,Туалетная вода giordani man notte,Парфюмерия,,False
31202,Парфюмерная вода volare. мини-спрей,Парфюмерия,,False
31203,Туалетная вода pretty swan. мини-спрей,Парфюмерия,,False
31205,Мужские солнцезащитные очки,Уход за телом,,False
31212,Серьги-трансформеры с подвесками-сферами,Украшения,,False
31213,Серьги-трансформеры,Украшения,,False
31220,"Лак для волос очень сильной фиксации "" Эксперт-стайлинг "" . мини-версия",Уход за волосами,,False
31222,Набор серег,Наборы,,False
31223,Набор колец,Наборы,,False
31226,Серьги с застежкой-крючком,Украшения,,False
31228,Браслет-кафф,Украшения,,False
31229,Ожерелье с круглой подвеской,Украшения,,False
31230,Серьги в форме цветков,Украшения,,False
31233,"Шампунь-объём для тонких волос "" Зелёный чай и бергамот """,Уход за волосами,,False
31234,"Кондиционер-объём для тонких волос "" Зелёный чай и бергамот """,Уход за волосами,,False
31236,Туалетная вода eclat homme sport,Парфюмерия,,False
31239,Ожерелье с подвеской в форме цветка,Украшения,,False
31240,Дезодорант-антиперспирант для тела excite,Дезодоранты,,False
31252,"Гель для душа "" Свежесть исландии """,Уход за телом,,False
31253,"Мыло "" Свежесть исландии """,Уход за телом,,False
31254,"Жидкое мыло для рук "" Свежесть исландии """,Уход за руками и ногами,,False
31256,Серьги с подвесками 4-в-1,Украшения,,False
31257,Ожерелье с подвесками,Украшения,,False
31258,Ожерелье-трансформер 3-в-1,Украшения,,False
31259,Браслет на ногу,Украшения,,False
31262,Набор колец,Наборы,,False
31263,Серьги-клаймберы,Украшения,,False
31264,"Дневной крем против морщин с высокой степенью защиты spf 30 "" Эколлаген """,Уход за лицом,,False
31266,Двойное ожерелье с камнями,Украшения,,False
31270,Шариковый дезодорант-антиперспирант 48-часового действия «Активэль — Экстремальная защита»,Дезодоранты,high,True
31271,Спрей дезодорант-антиперспирант 48-часового действия Activelle - Экстремальная защита,Дезодоранты,high,True
31275,"Антивозрастной шампунь "" Эксперт плюс """,Уход за волосами,,False
31276,"Антивозрастная сыворотка-уход "" Эксперт плюс """,Уход за лицом,,False
31277,"Крем для депиляции "" Нежность шёлка """,Уход за телом,,False
31279,"Крем для тела "" Нежность шёлка """,Уход за телом,,False
31280,"Крем для душа "" Нежность шёлка """,Уход за телом,,False
31281,"Мыло "" Нежность шёлка """,Уход за телом,,False
31283,"Освежающий крем для ног "" Мята и киви """,Уход за руками и ногами,,False
31284,"Освежающий спрей для ног "" Мята и киви """,Уход за руками и ногами,,False
31288,Туалетная вода signature zoom,Парфюмерия,,False
31290,Серьги с камнями,Украшения,,False
31291,Дезодорант-антиперспирант signature,Дезодоранты,,False
31292,Туалетная вода eclat femme weekend (пробник),Парфюмерия,,False
31293,Туалетная вода eclat femme weekend,Парфюмерия,,False
31296,Туалетная вода solar,Парфюмерия,,False
31297,Парфюмерная вода divine idol,Парфюмерия,,False
31299,Туалетная вода vivacity. мини-спрей,Парфюмерия,,False
31300,Туалетная вода wonderflower,Парфюмерия,,False
31302,"Крем для лица "" Малина """,Уход за лицом,,False
31303,"Средство для умывания "" Малина """,Уход за лицом,,False
31304,"Скраб для лица "" Малина """,Уход за лицом,,False
31308,"Ночная восстанавливающая сыворотка для лица "" Власть над временем """,Уход за лицом,,False
31309,Отшелушивающая маска для совершенства кожи true perfection,Уход за лицом,,False
31311,"Увлажняющий лосьон для тела "" Боди актив """,Уход за телом,,False
31312,"Смягчающий лосьон для тела "" Боди актив """,Уход за телом,,False
31313,Питательный лосьон для тела «боди актив»,Уход за телом,,False
31314,"Подтягивающий лосьон для тела "" Боди актив """,Уход за телом,,False
31315,Серьги-гвоздики,Украшения,,False
31317,Антицеллюлитный гель для тела «боди актив»,Уход за телом,,False
31318,"Интенсивный разглаж. крем-бальзам для лица "" Королевский бархат """,Уход за лицом,,False
31322,"Антивозраст. солнцезащ. лосьон для лица, плеч и области декольте sun zone со средн. степенью защиты spf 25",Уход за лицом,,False
31326,"Очищающее средство для интимной гигиены с экстрактом алоэ вера "" Феминэль """,Гигиена и полость рта,,False
31344,Защитный крем для рук «нежность»,Уход за руками и ногами,,False
31345,"Питательный крем для рук "" Нежность """,Уход за руками и ногами,,False
31346,"Очищающий гель для рук "" Нежность """,Уход за руками и ногами,,False
31347,Защитный крем для рук «нежность». большой объем,Уход за руками и ногами,,False
31348,Питательный крем для рук «нежность». большой объем,Уход за руками и ногами,,False
31349,"Очищающие влажные салфетки для рук "" Нежность """,Товары для дома и подарки,,False
31350,Туалетная вода wonderflower (пробник),Парфюмерия,,False
31363,"Крем для рук "" Нежность шёлка """,Уход за руками и ногами,,False
31364,"Крем для рук "" Нежность шёлка "" . большой объём",Уход за руками и ногами,,False
31365,"Дезодорант-антиперспирант 24-часового действия "" Нежность шёлка """,Дезодоранты,,False
31366,"Антивозрастной стик-корректор "" Секрет совершенства "" Gg - светлый",Макияж,,False
31367,Средний,Макияж,low,True
31376,"Губная помада "" Золотой соблазн "" Gg - чарующий кофейный",Макияж,,False
31377,Утончённый розовый,Макияж,medium,True
31378,Морозный лиловый,Макияж,medium,True
31379,Мистический фиалковый,Макияж,medium,True
31380,Искушающий красный,Макияж,medium,True
31381,"Контурный карандаш для губ роскошный контур "" Giordani gold - гардения",Макияж,,False
31382,Коралл,Макияж,medium,True
31383,Роза,Макияж,medium,True
31384,Фуксия,Макияж,medium,True
31385,Мак,Макияж,medium,True
31393,"Антивозрастной кондиционер "" Эксперт плюс """,Уход за волосами,,False
31394,"Дневной антивозрастной крем с коэнзимом q10 "" Люцерна """,Уход за лицом,,False
31395,"Ночной антивозрастной крем с коэнзимом q10 "" Люцерна """,Уход за лицом,,False
31396,"Антивозрастной крем для кожи вокруг глаз с коэнзимом q10 "" Люцерна """,Уход за лицом,,False
31401,"Контурный карандаш для глаз "" Бархатный взгляд "" Gg - роскошный чёрный",Макияж,,False
31402,Изысканный кофейный,Макияж,medium,True
31403,Таинственный серый,Макияж,medium,True
31404,Полночный синий,Макияж,medium,True
31412,Силиконовый спонж для макияжа,Аксессуары,,False
31430,"Моделирующий гель для бровей "" Идеальный изгиб "" Gg - естественный",Макияж,,False
31431,Коричневый,Макияж,low,True
31433,Карандаш для губ the one colour stylist - бежевая роза,Макияж,,False
31434,Тёплая корица,Макияж,medium,True
31435,Классическая роза,Макияж,medium,True
31436,Лиловый клевер,Макияж,medium,True
31437,Соблазнительная фуксия,Макияж,medium,True
31438,Нежный коралловый,Макияж,medium,True
31439,Красное вино,Макияж,medium,True
31440,Терракотовая дымка,Макияж,medium,True
31442,Мультиактивный бальзам для губ spf 8 the one - прозрачный,Макияж,,False
31443,Нежный розовый,Макияж,medium,True
31444,Лак для ногтей The ONE (французский маникюр) - Естественный розовый,Макияж,high,True
31446,Серьги со съемными подвесками,Украшения,,False
31447,Браслет-кафф с бусинами,Украшения,,False
31449,Ожерелье со съемными подвесками,Украшения,,False
31453,Ожерелье-цепь,Украшения,,False
31462,Серьги-пусеты в виде звеньев,Украшения,,False
31463,Шарф-браслет 2-в-1,Украшения,,False
31467,Ожерелье с подвеской-брошью,Украшения,,False
31468,Фигурные серьги-пусеты,Украшения,,False
31471,Ажурные серьги,Украшения,,False
31472,Ажурное кольцо,Украшения,,False
31473,Тушь для ресниц the one eyes wide open - насыщенный чёрный,Макияж,,False
31474,Тушь для ресниц The ONE Eyes Wide Open - Тёмный сливовый,Макияж,high,True
31476,Лак для французского маникюра the one - нежный персик,Уход за руками и ногами,,False
31477,Лак для французского маникюра The ONE - Слоновая кость,Макияж,high,True
31478,Лак для французского маникюра The ONE - Розовый лепесток,Макияж,high,True
31480,Отбеливающий карандаш для французского маникюра the one,Макияж,,False
31481,Ожерелье-цепь крупного плетения,Украшения,,False
31482,Белый лак для французского маникюра the one,Уход за руками и ногами,,False
31483,Длинное ожерелье,Украшения,,False
31484,Стойкий лак для ногтей the one - ночной океан,Макияж,,False
31485,Стойкий лак для ногтей The ONE - Густой плющ,Макияж,high,True
31486,Стойкий лак для ногтей The ONE - Пурпурное небо,Макияж,high,True
31487,Стойкий лак для ногтей The ONE - Солнечный луч,Макияж,high,True
31488,Стойкий лак для ногтей The ONE - Цитрусовый фреш,Макияж,high,True
31490,Гель-кондиционер для бровей и ресниц the one,Уход за волосами,,False
31491,Серьги-трансформеры с цепочками,Украшения,,False
31492,Тушь для ресниц 5-в-1 the one wonderlash - черный,Макияж,,False
31493,Парфюмерная вода love potion secrets,Парфюмерия,,False
31494,Парфюмерная вода love potion secrets,Парфюмерия,,False
31495,Парфюмерная вода volare forever,Парфюмерия,,False
31496,Парфюмерная вода volare forever (пробник),Парфюмерия,,False
31501,Браслет-кафф с цепочкой,Украшения,,False
31502,Фантазийные серьги-пусеты,Украшения,,False
31507,Ожерелье 2-в-1 с подвеской,Украшения,,False
31508,Сумка с декоративным бантом,Товары для дома и подарки,,False
31510,Сумочка-клатч,Аксессуары,,False
31515,Кошелек со съемным ремешком и брелоком,Аксессуары,,False
31516,Двусторонний пояс-трансформер,Аксессуары,,False
31522,Платок с геометрическим принтом,Аксессуары,,False
31523,Берет,Одежда и текстиль,high,True
31524,Сумка с металлическими элементами,Аксессуары,,False
31526,Сумка-рюкзак,Аксессуары,,False
31527,Теплый шарф с кистями,Аксессуары,,False
31528,Клатч-косметичка с орнаментом,Аксессуары,,False
31539,Двухцветные варежки с отворотом,Одежда и текстиль,,False
31540,Дневной крем-лифтинг spf 15 novage ultimate lift,Уход за лицом,,False
31541,Ночной крем-лифтинг novage ultimate lift,Уход за лицом,,False
31542,Крем-лифтинг для кожи вокруг глаз novage ultimate lift,Уход за лицом,,False
31543,Сыворотка-лифтинг для лица и шеи novage ultimate lift,Уход за лицом,,False
31544,Дневной крем против морщин spf 15 novage ecollagen,Уход за лицом,,False
31545,Ночной крем против морщин novage ecollagen,Уход за лицом,,False
31546,Крем для кожи вокруг глаз против морщин novage ecollagen,Уход за лицом,,False
31547,Сыворотка для лица против морщин novage ecollagen,Уход за лицом,,False
31553,Отшелушивающий гель для душа «малина и мята». мегаобъем,Уход за телом,,False
31555,Двухцветная шапка с отворотом,Одежда и текстиль,,False
31556,Пончо,Одежда и текстиль,high,True
31557,Карандаш-подводка для глаз the one high impact - черный,Макияж,,False
31558,Карандаш-подводка для глаз The ONE High Impact - Синий,Макияж,high,True
31559,Карандаш-подводка для глаз The ONE High Impact - Хаки,Макияж,high,True
31560,Карандаш-подводка для глаз The ONE High Impact - Сливовый,Макияж,high,True
31561,Сумка-торба с двойным ремешком,Аксессуары,,False
31563,Сумочка через плечо,Аксессуары,,False
31571,Пудра с эффектом загара the one illuskin,Макияж,,False
31572,"Жидкие тени для век с эффектом "" Металлик "" The one liquid metal - жемчужный",Макияж,,False
31573,Жидкие тени для век The ONE Liquid Metal - Бирюзовый,Макияж,high,True
31574,Жидкие тени для век The ONE Liquid Metal - Пурпурный,Макияж,high,True
31575,Жидкие тени для век The ONE Liquid Metal - Лазурный,Макияж,high,True
31576,Жидкие тени для век The ONE Liquid Metal - Стальной,Макияж,high,True
31577,Стойкие тени-карандаш для век the one colour unlimited - хрусталь,Макияж,,False
31578,Стойкие тени-карандаш для век The ONE Colour Unlimited - Серебро,Макияж,high,True
31579,Стойкие тени-карандаш для век The ONE Colour Unlimited - Бронза,Макияж,high,True
31580,Стойкие тени-карандаш для век The ONE Colour Unlimited - Слива,Макияж,high,True
31581,Стойкие тени-карандаш для век The ONE Colour Unlimited - Кофе,Макияж,high,True
31582,Стойкие тени-карандаш для век The ONE Colour Unlimited - Графит,Макияж,high,True
31585,База под макияж the one illuskin,Макияж,,False
31586,Подводка для глаз the one wonder liner,Макияж,,False
31587,Стойкая матирующая тон. основа с spf 20 the one matte velvet - фарфоровый,Макияж,,False
31588,Стойкая матирующая тональная основа The ONE Matte Velvet SPF 20 - Светлый беж,Макияж,high,True
31589,Стойкая матирующая тональная основа The ONE Matte Velvet SPF 20 - Слоновая кость,Макияж,high,True
31590,Стойкая матирующая тональная основа The ONE Matte Velvet SPF 20 - Тёплый беж,Макияж,high,True
31591,Стойкая матирующая тональная основа The ONE Matte Velvet SPF 20 - Естественный беж,Макияж,high,True
31592,Компактная матирующая пудра the one matte velvet - фарфоровый,Макияж,,False
31593,Компактная матирующая пудра The ONE Matte Velvet - Светлый бежевый,Макияж,medium,True
31594,Многофункциональный вв-крем the one - естественный,Уход за лицом,,False
31595,Многофункциональный BB-крем The ONE SPF 30 - Светлый,Макияж,high,True
31596,Многофункциональный BB-крем The ONE SPF 30 - Средний,Макияж,high,True
31598,Рассыпчатая пудра the one - прозрачный,Макияж,,False
31599,Рассыпчатая пудра The ONE - Светлый,Макияж,high,True
31600,Рассыпчатая пудра The ONE - Естественный,Макияж,high,True
31601,"Сахарный скраб для тела "" Молоко и мёд - золотая серия """,Уход за телом,,False
31602,"Питательный крем для рук и тела "" Молоко и мёд - золотая серия """,Уход за руками и ногами,,False
31603,"Жидкое мыло для рук "" Молоко и мёд - золотая серия """,Уход за руками и ногами,,False
31604,"Крем-мыло "" Молоко имёд - золотая серия """,Уход за телом,,False
31605,"Увлажняющий крем для душа "" Молоко и мёд - золотая серия """,Уход за телом,,False
31606,"Увлажняющий крем для рук "" Молоко и мёд - золотая серия """,Уход за руками и ногами,,False
31609,Шампунь eleo,Уход за волосами,,False
31610,Кондиционер для волос eleo,Уход за волосами,,False
31611,Маска для волос eleo,Уход за волосами,,False
31613,Восстанавливающее масло для волос eleo,Уход за волосами,,False
31614,Защитное масло для волос eleo,Уход за волосами,,False
31615,Разглаживающее масло для волос eleo,Уход за волосами,,False
31616,Питательное масло для волос против секущихся кончиков eleo,Уход за волосами,,False
31624,Ухаживающая крем-помада the one colour soft - тёплый беж,Макияж,,False
31625,Ухаживающая губная помада The ONE Colour Soft - Нежный абрикосовый,Макияж,high,True
31626,Ухаживающая губная помада The ONE Colour Soft - Естественный розовый,Макияж,high,True
31627,Ухаживающая губная помада The ONE Colour Soft - Соблазнительный клюквенный,Макияж,high,True
31628,Ухаживающая губная помада The ONE Colour Soft - Сочный ягодный,Макияж,high,True
31630,Туалетная вода happydisiac woman,Парфюмерия,,False
31634,Парфюмированный спрей для тела miss relax,Парфюмерия,,False
31635,Парфюмированный спрей для тела miss happy,Парфюмерия,,False
31637,Палантин с узорным принтом,Аксессуары,,False
31639,Туалетная вода excite force,Парфюмерия,,False
31641,Мужской спрей-парфюм go! cool & charming,Парфюмерия,,False
31642,Мужской спрей-парфюм go! hot & sexy,Парфюмерия,,False
31650,Пляжное полотенце,Одежда и текстиль,,False
31651,Кремовая помада 5-в-1 the one colour stylist - шифоновый беж,Макияж,,False
31652,Многофункциональная губная помада 5-в-1 The ONE Colour Stylist - Шёлковая роза,Макияж,high,True
31653,Многофункциональная губная помада 5-в-1 The ONE Colour Stylist - Розовый атлас,Макияж,high,True
31654,Многофункциональная губная помада 5-в-1 The ONE Colour Stylist - Ягодный вельвет,Макияж,high,True
31655,Многофункциональная губная помада 5-в-1 The ONE Colour Stylist - Вишнёвая тафта,Макияж,high,True
31656,Многофункциональная губная помада 5-в-1 The ONE Colour Stylist - Ночная орхидея,Макияж,high,True
31657,Многофункциональная губная помада 5-в-1 The ONE Colour Stylist - Бархатный коралл,Макияж,high,True
31658,Многофункциональная губная помада 5-в-1 The ONE Colour Stylist - Красная вуаль,Макияж,high,True
31668,"Мыло "" Ананас и шалфей """,Уход за телом,,False
31669,"Гель для душа "" Ананас и шалфей """,Уход за телом,,False
31672,"Гель для душа "" Свежесть исландии "" . мегаобъём.",Уход за телом,,False
31673,Зубная паста «оптифреш – травяной комплекс»,Гигиена и полость рта,,False
31674,"Шампунь-бальзам 2-в1 "" Холодное сердце """,Уход за волосами,,False
31676,"Туалетная вода "" Холодное сердце """,Парфюмерия,,False
31681,"Дезодорант-спрей для ног против натирания "" Актив-уход """,Дезодоранты,,False
31684,Стойкая губн. помада the one colour unlimited true matte - пастельный розовый,Макияж,,False
31685,Стойкая матовая губная помада The ONE Color Unlimited Matte - Яркий розовый,Макияж,high,True
31686,Стойкая матовая губная помада The ONE Color Unlimited Matte - Глубокий коралловый,Макияж,high,True
31687,Стойкая матовая губная помада The ONE Color Unlimited Matte - Страстный рубиновый,Макияж,high,True
31688,Стойкая матовая губная помада The ONE Color Unlimited Matte - Неповторимый ягодный,Макияж,high,True
31697,Мужской спрей дезодорант-антиперспирант flamboyant,Дезодоранты,,False
31698,Дезодорант-антиперспирант для тела eclat homme,Дезодоранты,,False
31699,Мужской спрей дезодорант-антиперспирант ascendant,Дезодоранты,,False
31700,Мужской спрей дезодорант-антиперспирант s8 night,Дезодоранты,,False
31704,Парфюмированный спрей-дезодорант для тела love potion,Парфюмерия,,False
31705,Парфюмированный спрей-дезодорант для тела eclat femme weekend,Парфюмерия,,False
31706,Спрей-дезодорант для тела paradise,Дезодоранты,,False
31707,Парфюмированный спрей-дезодорант для тела giordani gold original,Парфюмерия,,False
31708,Шампунь «молоко и мед – золотая серия»,Уход за волосами,,False
31709,Кондиционер для волос «молоко и мед – золотая серия»,Уход за волосами,,False
31710,Маска для волос «молоко и мед – золотая серия»,Уход за волосами,,False
31711,Мужской спрей дезодорант-антиперспирант architect,Дезодоранты,,False
31723,Парфюмированный крем для тела my red,Парфюмерия,,False
31725,Парфюмированный лосьон для тела vivacity,Парфюмерия,,False
31734,Лак для ногтей «стокгольм» - морской индиго,Макияж,,False
31735,Лак для ногтей Very Me Stockholm - Солнечный жёлтый,Макияж,medium,True
31736,Многофункц. кремовый блеск для губ 5-в-1 the one colour stylist - пыльная роза,Макияж,,False
31737,Многофункциональный кремовый блеск для губ 5-в-1 The ONE Colour Stylist - Элегантный пион,Макияж,high,True
31738,Многофункциональный кремовый блеск для губ 5-в-1 The ONE Colour Stylist - Сочный нектарин,Макияж,high,True
31739,Многофункциональный кремовый блеск для губ 5-в-1 The ONE Colour Stylist - Цветущая камелия,Макияж,high,True
31740,Многофункциональный кремовый блеск для губ 5-в-1 The ONE Colour Stylist - Солнечный гранат,Макияж,high,True
31750,Пребиотический напиток с пищевыми волокнами,Wellness и питание,,False
31766,Комплекс «морской кальций и витамин d»,Wellness и питание,,False
31772,Комплексный уход для совершенства кожи novage true perfection,Уход за лицом,,False
31773,Комплексный лифтинг-уход novage ultimate lift,Уход за лицом,,False
31774,Комплексный омолаживающий уход novage time restore,Уход за лицом,,False
31775,Комплексный уход против пигментации novage bright sublime,Уход за лицом,,False
31777,Парфюмированный крем для тела divine,Парфюмерия,,False
31778,Парфюмированный крем для тела eclat femme,Парфюмерия,,False
31779,Парфюмированный крем для тела love potion,Парфюмерия,,False
31781,Парфюмированный крем для тела gg essenza,Парфюмерия,,False
31784,Парфюмированный крем для тела possess,Парфюмерия,,False
31786,Комплексный уход против морщин novage ecollagen wrinkle power,Уход за лицом,,False
31789,"Карандаш для глаз с эффектом "" Металлик "" The one metallic - морозное серебро",Макияж,,False
31790,Карандаш для глаз с эффектом металлик The ONE Metallic - Искристый графит,Макияж,high,True
31791,Карандаш для глаз с эффектом металлик The ONE Metallic - Лучистый изумруд,Макияж,high,True
31792,Карандаш для глаз с эффектом металлик The ONE Metallic - Кофейное сияние,Макияж,high,True
31793,"Стойкая краска для волос "" Цвет-эксперт "" - интенсивный медный",Уход за волосами,,False
31794,Ультрасветлый жемчужный блонд,Уход за волосами,,False
31802,"Стойкая минерал. тон. основа "" Роскошный атлас "" Gg - фарфоровый",Макияж,,False
31803,Стойкая минеральная тональная основа «Роскошный атлас» Giordani Gold - Естественный розовый,Макияж,high,True
31804,Стойкая минеральная тональная основа «Роскошный атлас» Giordani Gold - Слоновая кость,Макияж,high,True
31805,Стойкая минеральная тональная основа «Роскошный атлас» Giordani Gold - Бежево-розовый,Макияж,high,True
31806,Стойкая минеральная тональная основа «Роскошный атлас» Giordani Gold - Естественный бежевый,Макияж,high,True
31808,Компактная минеральная пудра giordani gold - светлый,Макияж,,False
31809,Стойкая минеральная тональная основа «Роскошный атлас» Giordani Gold - Естественный,Макияж,medium,True
31811,Увлажняющий блеск для губ giordani gold - воздушный розовый,Макияж,,False
31812,Увлажняющий блеск для губ Giordani Gold - Нежный лавандовый,Макияж,high,True
31813,Увлажняющий блеск для губ Giordani Gold - Кристальный розовый,Макияж,high,True
31814,Увлажняющий блеск для губ Giordani Gold - Тёплый коралловый,Макияж,high,True
31815,Увлажняющий блеск для губ Giordani Gold - Винтажный розовый,Макияж,high,True
31816,Парфюмерная вода giordani gold essenza,Парфюмерия,,False
31817,Парфюмированная вода giordani gold essenza,Парфюмерия,,False
31824,Мужская туалетная вода possess,Парфюмерия,,False
31825,Мужская туалетная вода possess man,Парфюмерия,,False
31836,Закрепляющее матирующее покрытие для лака The ONE,Макияж,high,True
31837,Маска для сна,Уход за лицом,,False
31839,Дизайнерская сумочка,Аксессуары,,False
31850,Жидкое мыло для рук с лимоном и вербеной essense & co.,Уход за руками и ногами,,False
31851,Лосьон для рук и тела с лимоном и вербеной essense & co.,Уход за руками и ногами,,False
31852,Гель для душа с лимоном и вербеной essense & co.,Уход за телом,,False
31853,Жидкое мыло для рук с розой и сандалом essense & co.,Уход за руками и ногами,,False
31854,Лосьон для рук и тела с розой и сандалом essense & co.,Уход за руками и ногами,,False
31855,Мыло с розой и сандалом essense & co.,Уход за телом,,False
31859,Дизайнерский платок,Аксессуары,,False
31860,Набор кремов для рук «подарок природы»,Наборы,,False
31861,Набор для ухода за кожей рук «шведский спа-салон»,Наборы,,False
31862,Перчатки-митенки 2-в-1 с помпоном,Аксессуары,,False
31863,"Гель для душа "" Знойная танзания """,Уход за телом,,False
31864,"Мыло "" Знойная танзания """,Уход за телом,,False
31865,Цветной бальзам для губ «конфетти» - розовая мята,Макияж,,False
31866,Оттеночный бальзам для губ Very Me Colour Mania - Солнечный цитрон,Макияж,high,True
31867,Подарочное мыло «звездное сияние»,Уход за телом,,False
31868,Крем для рук «кружево»,Уход за руками и ногами,,False
31869,Мыло «кружево»,Уход за телом,,False
31870,Туалетная вода stardust,Парфюмерия,,False
31871,Гель для душа и пена для ванны 2-в-1 «звездная пыль»,Уход за телом,,False
31872,Парфюмированный крем для тела «звездная пыль»,Парфюмерия,,False
31873,Шапка с помпоном,Одежда и текстиль,,False
31874,Шарф с помпонами,Аксессуары,,False
31875,Туалетная вода tenderly promise,Парфюмерия,,False
31876,Двухцветная сумочка-клатч,Аксессуары,,False
31877,Тени для век - смоки,Макияж,,False
31878,Двусторонняя сумка с косметичкой,Аксессуары,,False
31879,Тени для век «Романтика»,Макияж,high,True
31880,Прямоугольная сумочка с ручкой и съемной меховой деталью,Аксессуары,,False
31883,"Текстурный лак для ногтей "" Жидкий песок "" - апельсиновый кекс",Макияж,,False
31884,Клубничное безе,Макияж,medium,True
31885,Черничный бисквит,Макияж,medium,True
31886,Сахарная волна,Макияж,medium,True
31887,Мятный марципан,Макияж,medium,True
31891,Стеганая сумка со съемным ремнем,Аксессуары,,False
31892,"Бронзирующая пудра "" Бархатный персик "" - естественный",Макияж,,False
31893,Золотистый,Макияж,medium,True
31894,Сумочка-клатч со съемным ремешком 3-в-1,Аксессуары,,False
31895,Лак-тинт для ногтей - спелая малина,Макияж,,False
31896,Свежая мята,Макияж,medium,True
31901,"Матирующая тональная основа "" Вельвет "" - нежный фарфоровый",Макияж,,False
31902,Естественный бежевый,Макияж,medium,True
31904,"Лак для ногтей "" Многоточие "" - клубника и сливки",Макияж,,False
31905,Кофе и молоко,Макияж,medium,True
31906,Море и песок,Макияж,medium,True
31907,Соль и перец,Макияж,medium,True
31910,Цветная подводка для глаз - черный,Макияж,,False
31911,Индиго,Макияж,medium,True
31912,Бирюзовый,Макияж,medium,True
31913,Хаки,Макияж,medium,True
31915,Цветная тушь для ресниц - синий,Макияж,,False
31916,Серебристый,Макияж,medium,True
31917,Золотой,Макияж,medium,True
31920,Лак-база для ногтей - синий иней,Макияж,,False
31921,Розовый жемчуг,Макияж,medium,True
31924,Лак-топ для ногтей - голубые звезды,Макияж,,False
31925,Искристое шампанское,Макияж,medium,True
31926,"Дневной крем-флюид "" Огурец и череда """,Уход за лицом,,False
31927,"Спрей для лица "" Огурец и череда """,Уход за лицом,,False
31928,"Крем для тела "" Огурец и череда """,Уход за телом,,False
31929,Оранжевый шарф с бахромой,Аксессуары,,False
31940,Палитра губной помады the one - высокая мода,Наборы,,False
31941,Яркий глянец,Макияж,medium,True
31942,Современная классика,Макияж,medium,True
31944,Жидкая губная помада-мусс the one lip sensation - карамельный,Макияж,,False
31945,Темно-розовый,Макияж,medium,True
31946,Коралловый,Макияж,medium,True
31947,Красный,Макияж,medium,True
31948,Персиковый,Макияж,medium,True
31949,Ярко-розовый,Макияж,medium,True
31950,Малиновый,Макияж,medium,True
31951,Бордовый,Макияж,medium,True
31952,Шарф с бахромчатым краем,Аксессуары,,False
31953,Шарф с цветочным принтом и розовой каймой,Аксессуары,,False
31954,Палантин-плед,Одежда и текстиль,,False
31955,Ручка в подарочной упаковке,Аксессуары,,False
31975,Подарочный набор модных носков,Наборы,,False
31976,"Тени для век "" Сити """,Макияж,,False
31977,Крем для ног «скандинавский кедр»,Уход за руками и ногами,,False
31978,Дневной увлажняющий крем novage true perfection,Уход за лицом,,False
31979,Сыворотка мгновенного действия novage true perfection,Уход за лицом,,False
31980,Ночной обновляющий крем-бальзам novage true perfection,Уход за лицом,,False
31981,Крем вокруг глаз novage true perfection,Уход за лицом,,False
31983,Укрепляющий гель для груди и живота «Боди Актив»,Уход за телом,high,True
31984,Защитный крем для рук spf 10 «боди актив»,Уход за руками и ногами,,False
31985,Двустороннее пончо,Одежда и текстиль,high,True
31993,Мужской шарф с принтом «гусиная лапка»,Аксессуары,,False
31998,Парфюмерная вода vip only,Парфюмерия,,False
32001,Шампунь против перхоти «норд ориджинал»,Уход за волосами,,False
32002,Пена для бритья «норд ориджинал»,Уход за телом,,False
32004,Бальзам после бритья «норд ориджинал»,Уход за телом,,False
32005,Шампунь для волос и тела «норд ориджинал»,Уход за волосами,,False
32006,Спрей дезодорант-антиперспирант 24-часового действия «норд ориджинал»,Дезодоранты,,False
32007,Мыло «норд ориджинал»,Уход за телом,,False
32008,Средство для умывания и скраб для лица 2-в-1 «норд энергетик»,Уход за лицом,,False
32009,Тонизирующий гель для бритья «норд энергетик»,Уход за телом,,False
32010,Тонизирующий гель для лица «норд энергетик»,Уход за лицом,,False
32011,Тонизирующий шампунь для волос и тела «норд энергетик»,Уход за волосами,,False
32012,Спрей-дезодорант-антиперспирант 48-часового действия «норд энергетик»,Дезодоранты,,False
32013,Дезодорант-антиперспирант 48-часового действия «норд энергетик»,Дезодоранты,,False
32014,Антивозрастной мужской крем для лица «норд антиэйдж»,Уход за лицом,,False
32015,Антивозрастной мужской крем для кожи вокруг глаз «норд антиэйдж»,Уход за лицом,,False
32016,Пена для бритья для чувствительной кожи «норд сенситив»,Уход за телом,,False
32017,Крем для чувствительной кожи лица «норд сенситив»,Уход за лицом,,False
32018,Набор «норд ориджинал»,Наборы,,False
32019,Набор «норд энергетик»,Наборы,,False
32024,Крем для лица «олива»,Уход за лицом,,False
32025,Очищающее молочко для лица «олива»,Уход за лицом,,False
32026,Бальзам для губ «олива»,Макияж,,False
32031,Набор для коррекции бровей the one,Наборы,,False
32033,Карандаш-маркер для бровей the one,Макияж,,False
32035,Ультраудлиняющая тушь для ресниц the one instant extensions - чёрный,Макияж,,False
32036,Сине-чёрный,Макияж,medium,True
32038,Укрепляющее покрытие для ногтей the one,Макияж,,False
32047,Антивозрастная тон. основа giordani gold - фарфоровый,Макияж,,False
32048,Нежно-розовый,Макияж,medium,True
32049,Слоновая кость,Макияж,medium,True
32050,Розовый беж,Макияж,medium,True
32051,Естественный беж,Макияж,medium,True
32057,Компактная минеральная пудра giordani gold - прозрачный,Макияж,,False
32058,База под макияж giordani gold,Макияж,,False
32066,"Лак для ногтей "" Роскошный глянец "" Gg - драгоценный жемчужный",Макияж,,False
32067,Нежный розовый,Макияж,medium,True
32068,"Лак для ногтей "" Роскошный глянец "" Gg - золотистый абрикосовый",Макияж,,False
32069,Воздушный кофейный,Макияж,medium,True
32070,Дымчатый сиреневый,Макияж,medium,True
32071,Загадочный фиалковый,Макияж,medium,True
32072,Классический красный,Макияж,medium,True
32073,Бургундское вино,Макияж,medium,True
32075,Четырёхцветные тени для век giordani gold - мокрый асфальт,Макияж,,False
32076,Молочный шоколад,Макияж,medium,True
32077,Кашемировая слива,Макияж,medium,True
32079,Ультраудлиняющая тушь для ресниц giordani gold,Макияж,,False
32080,Мужской ремень,Аксессуары,,False
32081,Румяна в шариках giordani gold - естественное сияние,Макияж,,False
32082,Благородная бронза,Макияж,medium,True
32083,Жемчужная роза,Макияж,medium,True
32084,Шоколадный загар,Макияж,medium,True
32088,Компактная шелковая пудра giordani gold - светлый,Макияж,,False
32089,Компактная шелковая пудра Giordani Gold - Естественный,Макияж,high,True
32091,Гелевый карандаш-подводка для глаз the one - чёрный,Макияж,,False
32092,Дневной крем против морщин spf 15 novage ecollagen (пробник),Уход за лицом,,False
32093,Ночной крем против морщин novage ecollagen (пробник),Уход за лицом,,False
32097,Омолаживающий дневной крем spf 15 novage time restore (пробник),Уход за лицом,,False
32098,Омолаживающий ночной крем novage time restore (пробник),Уход за лицом,,False
32100,Сыворотка-лифтинг для лица и шеи novage ultimate lift. мини-версия,Уход за лицом,,False
32105,Дневной увлажняющий крем для совершенства кожи novage true perfection (пробник),Уход за лицом,,False
32106,Ночной обновляющий крем-бальзам для совершенства кожи novage true perfection (пробник),Уход за лицом,,False
32108,Стойкий лак для ногтей the one - мерцающий иней,Макияж,,False
32109,Стойкий лак для ногтей The ONE - Пылающая медь,Макияж,high,True
32110,Стойкий лак для ногтей The ONE - Морозная ночь,Макияж,high,True
32111,Стойкий лак для ногтей The ONE - Зачарованный лес,Макияж,high,True
32112,Стойкий лак для ногтей The ONE - Холодная сталь,Макияж,high,True
32115,Блеск для губ the one power shine - розовый бриллиант,Макияж,,False
32116,Блеск для губ The ONE Power Shine - Драгоценная бронза,Макияж,high,True
32117,Блеск для губ The ONE Power Shine - Лиловый сапфир,Макияж,high,True
32118,Блеск для губ The ONE Power Shine - Сияющий рубин,Макияж,high,True
32119,Блеск для губ The ONE Power Shine - Искрящийся аметист,Макияж,high,True
32128,Обновляющий тоник novage,Уход за лицом,,False
32133,Круглые серьги с металлическими вставками,Украшения,,False
32135,Колье-трансформер с подвеской 3-в-1,Украшения,,False
32136,Ожерелье с круглыми кристаллами,Украшения,,False
32137,Серьги с круглыми кристаллами,Украшения,,False
32138,Средство для снятия водостойкой косметики с глаз the one,Уход за лицом,,False
32139,Средство для снятия макияжа the one,Макияж,,False
32142,Сс-крем для волос «эксперт-уход»,Уход за волосами,,False
32144,"Увлажняющий лосьон для лица spf15 "" Аква + """,Уход за лицом,,False
32145,"Увлажняющая маска для лица "" Аква+ """,Уход за лицом,,False
32146,"Интенсивно увлажняющие ночные капсулы для лица "" Аква+ """,Уход за лицом,,False
32150,Парфюмерная вода giordani gold originale,Парфюмерия,,False
32151,Золотистые серьги со сменными подвесками,Украшения,,False
32152,Серьги-гвоздики с прямоугольными подвесками,Украшения,,False
32153,Серьги-кольца с подвесками,Украшения,,False
32155,Туалетная вода giordani gold man,Парфюмерия,,False
32156,Серьги-гвоздики с каплевидными подвесками,Украшения,,False
32157,Длинное ожерелье с красными кристаллами омбре,Украшения,,False
32158,Мужская туалетная вода happydisiac man (пробник),Парфюмерия,,False
32159,Мужская туалетная вода happydisiac man,Парфюмерия,,False
32160,Дезодорант-антиперспирант giordani gold original,Дезодоранты,,False
32161,Ультрачерный маркер-подводка для глаз the one,Макияж,,False
32162,Браслет с красными кристаллами омбре,Украшения,,False
32171,Дезодорант-антиперспирант s8,Дезодоранты,,False
32172,Дезодорант-антиперспирант soul,Дезодоранты,,False
32173,Дезодорант-антиперспирант 24-часового действия glacier,Дезодоранты,,False
32174,Дезодорант-антиперспирант glacier,Дезодоранты,,False
32176,Дезодорант-антиперспирант giordani gold man,Дезодоранты,,False
32177,Металлические серьги-трансформеры с плоскими подвесками,Украшения,,False
32178,Металлическое ожерелье с плоской подвеской,Украшения,,False
32179,Кольцо с кристаллами,Украшения,,False
32185,Двусторонний карандаш для глаз «двойная игра» - день & ночь,Товары для дома и подарки,,False
32186,Двусторонний карандаш для глаз - Орех & шоколад,Макияж,medium,True
32187,Двусторонний карандаш для глаз - Бирюза & изумруд,Макияж,medium,True
32188,Двусторонний карандаш для глаз - Кобальт & индиго,Макияж,medium,True
32189,Двусторонний карандаш для глаз - Сирень & фиалка,Макияж,medium,True
32191,Контурный карандаш «Верный штрих» - Молочный шоколад,Макияж,high,True
32192,Контурный карандаш «Верный штрих» - Яркий коралл,Макияж,medium,True
32194,Контурный карандаш «Верный штрих» - Дикая роза,Макияж,medium,True
32197,Очищающее молочко ecobeauty,Уход за лицом,,False
32198,Освежающий тоник ecobeauty,Уход за лицом,,False
32199,Увлажняющий дневной крем-уход ecobeauty,Уход за лицом,,False
32200,Разглаживающий крем для кожи вокруг глаз ecobeauty,Уход за лицом,,False
32201,Питательное масло для лица ecobeauty,Уход за лицом,,False
32202,Обновляющая маска для лица ecobeauty,Уход за лицом,,False
32203,Восстанавливающая сыворотка для лица ecobeauty,Уход за лицом,,False
32214,Защитный крем для лица spf 30 novage,Уход за лицом,,False
32234,Туалетная вода elvie,Парфюмерия,,False
32235,Туалетная вода elvie,Парфюмерия,,False
32237,Неоновая губная помада 5-в-1 the one colour stylist intense - слива,Макияж,,False
32238,Неоновая губная помада 5-в-1 The ONE Colour Stylist - Черешня,Макияж,high,True
32239,Неоновая губная помада 5-в-1 The ONE Colour Stylist - Орхидея,Макияж,high,True
32240,Неоновая губная помада 5-в-1 The ONE Colour Stylist - Брусника,Макияж,high,True
32241,Неоновая губная помада 5-в-1 The ONE Colour Stylist - Мандарин,Макияж,high,True
32242,Неоновая губная помада 5-в-1 The ONE Colour Stylist - Барби,Макияж,high,True
32243,Неоновая губная помада 5-в-1 The ONE Colour Stylist - Гибискус,Макияж,high,True
32245,Коралл,Макияж,high,True
32246,Сангрия,Макияж,high,True
32248,Набор декоративной косметики giordani gold,Наборы,,False
32250,Жидкая подводка для глаз giordani gold - черный,Макияж,,False
32252,Консилер giordani gold - светлый,Макияж,,False
32254,Средний,Макияж,high,True
32256,Жидкая губная помада-мусс the one lip sensation - винный,Макияж,,False
32257,Сливовый,Макияж,high,True
32261,"Лак для ногтей "" Роскошь сияния "" Gg - благородный коричневый",Макияж,,False
32262,Звёздный синий,Макияж,high,True
32263,Перламутровый розовый,Макияж,high,True
32264,"Губная помада "" Роскошь сияния "" Gg - хрустальная роза",Макияж,,False
32265,Морозная фуксия,Макияж,high,True
32266,Сияющий рубин,Макияж,high,True
32275,Ультрачерная тушь 5-в-1 с эффектом мерцания the one wonder lash - черный бриллиант,Макияж,,False
32278,Объемная тушь для ресниц the one smokey - черный,Макияж,,False
32279,Набор для ухода за лицом love nature,Наборы,,False
32280,Солнцезащитный спрей для тела с высокой степенью защиты spf 50,Уход за телом,,False
32283,Ультрастойкая корректирующая тон. основа spf 30 the one everlasting - ванильный,Макияж,,False
32284,Фарфоровый,Макияж,high,True
32285,Бежево-розовый,Макияж,high,True
32286,Натуральный беж,Макияж,high,True
32287,Слоновая кость,Макияж,high,True
32288,Тёплый беж,Макияж,high,True
32291,Карандаш для глаз the one - черный,Макияж,,False
32292,Коричневый,Макияж,high,True
32293,Серый,Макияж,high,True
32294,Натуральный,Макияж,high,True
32297,Тени-карандаш для глаз the one smokey - глубокий черный,Макияж,,False
32298,Мерцающий чёрный,Макияж,high,True
32299,Дымчатый серый,Макияж,high,True
32317,Матовая губная помада «икона стиля» gg - чайная роза,Макияж,,False
32318,Пыльная роза,Макияж,high,True
32319,Освежающий розовый,Макияж,high,True
32320,Коралловый розовый,Макияж,high,True
32321,Оранжевый коралл,Макияж,high,True
32322,Матовая губная помада «Икона стиля» Giordani Gold - Лиловая орхидея,Макияж,high,True
32323,Матовая губная помада «Икона стиля» Giordani Gold - Насыщенный ягодный,Макияж,high,True
32324,Матовая губная помада «Икона стиля» Giordani Gold - Сумеречная роза,Макияж,high,True
32325,Матовая губная помада «Икона стиля» Giordani Gold - Глубокий малиновый,Макияж,high,True
32326,Матовая губная помада «Икона стиля» Giordani Gold - Терпкий бордовый,Макияж,high,True
32328,Матовая губная помада «икона стиля» gg - чайная роза (пробник),Макияж,,False
32329,Матовая губная помада «Икона стиля» Giordani Gold - Пыльная роза (пробник),Макияж,high,True
32330,Матовая губная помада «Икона стиля» Giordani Gold - Освежающий розовый (пробник),Макияж,high,True
32331,Матовая губная помада «Икона стиля» Giordani Gold - Коралловый розовый (пробник),Макияж,high,True
32332,Матовая губная помада «Икона стиля» Giordani Gold - Оранжевый коралл (пробник),Макияж,high,True
32333,Матовая губная помада «Икона стиля» Giordani Gold - Лиловая орхидея (пробник),Макияж,high,True
32334,Матовая губная помада «Икона стиля» Giordani Gold - Насыщенный ягодный (пробник),Макияж,high,True
32335,Матовая губная помада «Икона стиля» Giordani Gold - Сумеречная роза (пробник),Макияж,high,True
32336,Матовая губная помада «Икона стиля» Giordani Gold - Глубокий малиновый (пробник),Макияж,high,True
32337,Матовая губная помада «Икона стиля» Giordani Gold - Терпкий бордовый (пробник),Макияж,high,True
32338,Парфюмированный крем для тела amber elixir,Парфюмерия,,False
32340,Увлажняющий бальзам для интимных зон «феминэль»,Гигиена и полость рта,,False
32365,Бальзам для мгновенного увеличения объема губ the one,Уход за лицом,,False
32368,Крем-антиперспирант для ног feet up comfort,Дезодоранты,,False
32369,Смягчающий крем для ног feet up comfort. большой объем,Уход за руками и ногами,,False
32370,Ночной увлажняющий крем для ног feet up comfort,Уход за руками и ногами,,False
32371,Питательный крем для ног feet up comfort. большой объем,Уход за руками и ногами,,False
32372,Освежающий cпрей-дезодорант для ног feet up comfort,Дезодоранты,,False
32373,Тонизирующий скраб для ног feet up comfort,Уход за руками и ногами,,False
32374,Дезодорирующий тальк для ног feet up comfort,Уход за руками и ногами,,False
32375,Расслабляющая ванночка для ног feet up comfort,Уход за руками и ногами,,False
32399,Набор украшений в подарочной упаковке,Наборы,,False
32401,Серьги с комплектом сменных подвесок,Наборы,,False
32404,Сменные насадки-щётки Skin Pro Sonic для мужской кожи,Аксессуары,high,True
32414,Восстанавливающий бальзам для губ spf 12 giordani gold - розовый,Макияж,,False
32415,Увлажняющий гель для умывания для всех типов кожи optimals hydra,Уход за лицом,,False
32416,Антивозрастное молочко для снятия макияжа optimals age revive,Макияж,,False
32417,Антивозрастной тоник optimals age revive,Уход за лицом,,False
32418,Отшелушивающий скраб для лица optimals,Уход за лицом,,False
32421,Разделяющая тушь для ресниц the one featherlight - черный,Макияж,,False
32422,Разделяющая тушь для ресниц The ONE Featherlight - Сливовый,Макияж,high,True
32435,Тушь с эффектом накладных ресниц the one hypnotic depth - глубокий черный,Макияж,,False
32436,Тушь с эффектом накладных ресниц The ONE Hypnotic Depth - Глубокий синий,Макияж,high,True
32438,Туалетная вода women's collection white lilac,Парфюмерия,,False
32440,Туалетная вода women's collection cherry blossom,Парфюмерия,,False
32441,Туалетная вода women's collection innocent white lilac,Парфюмерия,,False
32442,Туалетная вода women's collection delicate cherry blossom,Парфюмерия,,False
32444,Жидкая губная лаковая помада the one lip sensation - мандариновый,Макияж,,False
32445,Жидкая помада-лак The ONE Lip Sensation - Карминный,Макияж,medium,True
32448,Жидкая помада-лак The ONE Lip Sensation - Фуксия,Макияж,high,True
32449,Жидкая помада-лак The ONE Lip Sensation - Коралловый,Макияж,high,True
32450,Жидкая помада-лак The ONE Lip Sensation - Малиновый,Макияж,high,True
32451,Жидкая помада-лак The ONE Lip Sensation - Лиловый,Макияж,medium,True
32452,Жидкая губная помада The ONE Lip Sensation - Сиреневый,Макияж,high,True
32453,Жидкая губная помада The ONE Lip Sensation - Ежевичный,Макияж,medium,True
32454,Туалетная вода blue wonders,Парфюмерия,,False
32459,Парфюмированный дезодорант elvie,Парфюмерия,,False
32460,Дезодорант-антиперспирант lucia,Дезодоранты,,False
32461,Спрей дезодорант-антиперспирант для тела giordani gold man,Дезодоранты,,False
32462,Увлажн. дневной крем для нормал./комбинир. кожи optimals hydra radiance,Уход за лицом,,False
32463,Увлажн. ночной крем для нормал./комбинир. кожи optimals hydra radiance,Уход за лицом,,False
32464,Увлажняющий крем для век для всех типов кожи optimals hydra,Макияж,,False
32465,Матирующий дневной крем-флюид для жирной кожи optimals hydra,Уход за лицом,,False
32468,Увлажн. дневной крем для сух./чувствит. кожи optimals hydra care,Уход за лицом,,False
32469,Увлажн. ночной крем для сух./чувствит. кожи optimals hydra care,Уход за лицом,,False
32474,Антивозрастной дневной крем для лица spf 15 optimals age revive,Уход за лицом,,False
32475,Антивозрастной ночной крем optimals age revive,Уход за лицом,,False
32476,Антивозрастной крем для кожи вокруг глаз optimals age revive,Уход за лицом,,False
32477,Антивозрастная сыворотка для лица optimals age revive,Уход за лицом,,False
32478,Защитный крем-флюид против пигментации spf 35 optimals even out,Уход за лицом,,False
32479,Дневной крем против пигментации spf 20 optimals even out,Уход за лицом,,False
32480,Ночной крем против пигментации optimals even out,Уход за лицом,,False
32487,Шкатулка для украшений,Товары для дома и подарки,medium,True
32489,Парфюмированный крем для тела power woman,Парфюмерия,,False
32490,Парфюмированный спрей-дезодорант для тела divine idol,Парфюмерия,,False
32491,Парфюмированный дезодорант happydisiac woman,Парфюмерия,,False
32492,Парфюмированный дезодорант volare,Парфюмерия,,False
32493,Парфюмированный дезодорант divine,Парфюмерия,,False
32494,Парфюмированный лосьон для тела tenderly,Парфюмерия,,False
32495,Парфюмированный дезодорант volare forever,Парфюмерия,,False
32496,Спрей дезодорант-антиперспирант possess man,Дезодоранты,,False
32497,Дезодорант-антиперспирант eclat homme sport,Дезодоранты,,False
32498,Парфюмированный спрей-дезодорант для тела my destiny,Парфюмерия,,False
32499,Парфюмированный лосьон для тела elvie,Парфюмерия,,False
32500,Парфюмированный лосьон для тела miss giordani,Парфюмерия,,False
32502,Туалетная вода venture (пробник),Парфюмерия,,False
32503,Туалетная вода venture,Парфюмерия,,False
32504,Парфюмерная вода amazing paradise,Парфюмерия,,False
32505,Парфюмерная вода amazing paradise (пробник),Парфюмерия,,False
32518,Тени для век «флирт»,Макияж,,False
32525,Дорожный набор аксессуаров,Наборы,,False
32527,Лак для ногтей - дымчатый,Макияж,,False
32528,Лак-топ для ногтей Very Me - Мятный,Макияж,medium,True
32530,Лак-топ для ногтей - апельсиновый,Макияж,,False
32531,Лак-топ для ногтей Very Me - Васильковый,Макияж,high,True
32532,Туалетная вода eclat femme. специальный выпуск,Парфюмерия,,False
32533,Набор пилок для ногтей,Наборы,,False
32535,Парфюмерная вода my destiny,Парфюмерия,,False
32536,Парфюмерная вода my destiny (пробник),Парфюмерия,,False
32537,Специальное смягчающее средство с медом «нежная забота»,Уход за лицом,,False
32538,Туалетная вода incognito for her,Парфюмерия,,False
32540,Туалетная вода incognito for him,Парфюмерия,,False
32542,Питательный дневной крем «молоко и мед – золотая серия»,Уход за лицом,,False
32543,Питательный ночной крем «молоко и мед – золотая серия»,Уход за лицом,,False
32544,Дизайнерское кольцо,Украшения,,False
32556,Дизайнерские серьги,Украшения,,False
32557,Напиток «Аква Глоу» с Ceramosides™ и брусникой,Wellness и питание,high,True
32563,Цветная тушь для ресниц «ультрадлина» - ультрамарин,Макияж,,False
32564,Цветная тушь для ресниц «УЛЬТРАдлина» Very Me - Малахит,Макияж,high,True
32566,Кремовые тени для век - миндаль,Макияж,,False
32567,Каштан,Уход за волосами,,False
32568,Слива,Макияж,low,True
32569,Туалетная вода my naked truth. мини-спрей,Парфюмерия,,False
32570,Туалетная вода imagination. мини-спрей,Парфюмерия,,False
32571,Туалетная вода miss o. мини-спрей,Парфюмерия,,False
32574,Сияющая пудра в шариках giordani gold,Макияж,,False
32576,Универсальная супертушь для ресниц giordani gold - черный,Макияж,,False
32580,Сыворотка для ногтей 5-в-1 the one,Макияж,,False
32581,Закрепляющее покрытие с эффектом гель-лака The ONE,Макияж,high,True
32583,Рассыпчатые тени для век the one featherlight - холодное серебро,Макияж,,False
32584,Рассыпчатые тени для век The ONE Featherlight - Золотистая корица,Макияж,high,True
32585,Рассыпчатые тени для век The ONE Featherlight - Морозная бронза,Макияж,high,True
32586,Рассыпчатые тени для век The ONE Featherlight - Сияющая лаванда,Макияж,high,True
32587,Рассыпчатые тени для век The ONE Featherlight - Прохладная мята,Макияж,high,True
32592,Палитра маскирующих средств the one - светлый,Наборы,,False
32593,Средний,Макияж,low,True
32594,Естественный,Макияж,low,True
32596,Очищающая гель-пенка novage,Уход за лицом,,False
32597,Очищающее молочко novage,Уход за лицом,,False
32598,Восковые полоски для депиляции «шелковая нежность»,Уход за телом,,False
32599,Восковые полоски для депиляции лица «шелковая нежность»,Уход за телом,,False
32600,Крем для депиляции «шелковая нежность»,Уход за телом,,False
32601,Гель для бритья «шелковая нежность»,Уход за телом,,False
32602,Отшелушивающий гель для душа «малина и мята»,Уход за телом,,False
32603,Лосьон для тела «малина и мята»,Уход за телом,,False
32604,Мыло «малина и мята»,Уход за телом,,False
32605,Смягчающий крем для душа «авокадо»,Уход за телом,,False
32606,Жидкое мыло для рук «олива и алоэ»,Уход за руками и ногами,,False
32607,Мыло «авокадо»,Уход за телом,,False
32608,Гель для душа «олива и алоэ»,Уход за телом,,False
32609,Мыло «олива и алоэ»,Уход за телом,,False
32610,Отшелушивающий гель для душа «клубника и лайм»,Уход за телом,,False
32611,Отшелушивающее мыло «клубника и лайм»,Уход за телом,,False
32612,Гель для душа «лаванда»,Уход за телом,,False
32613,Лосьон для тела «лаванда»,Уход за телом,,False
32614,Скраб для тела «лаванда»,Уход за телом,,False
32616,Крем для душа «миндаль»,Уход за телом,,False
32617,Лосьон для тела «миндаль»,Уход за телом,,False
32618,Шампунь для сухих волос «пшеница и кокос»,Уход за волосами,,False
32619,Кондиционер для сухих волос «пшеница и кокос»,Уход за волосами,,False
32620,Масло для сухих волос «пшеница и кокос»,Уход за волосами,,False
32621,Шампунь для окрашенных волос «шиповник и лен»,Уход за волосами,,False
32622,Кондиционер для окрашенных волос «шиповник и лен»,Уход за волосами,,False
32623,Шампунь против перхоти «чайное дерево и репейник»,Уход за волосами,,False
32624,Шампунь-уход 2-в-1 для всех типов волос «авокадо и ромашка»,Уход за волосами,,False
32625,Шампунь для жирных волос «крапива и лимон»,Уход за волосами,,False
32627,Омолаживающий дневной крем spf 15 novage time restore,Уход за лицом,,False
32628,Омолаживающий ночной крем novage time restore,Уход за лицом,,False
32629,Омолаживающий крем для контура глаз и губ novage time restore,Уход за лицом,,False
32630,Омолаживающая сыворотка для лица и шеи novage time restore,Уход за лицом,,False
32631,Восстанавливающие капсулы для лица с концентратом масел novage nutri6,Уход за лицом,,False
32633,Увлажняющая маска для лица «огурец»,Уход за лицом,,False
32634,Питательная маска для лица «овес»,Уход за лицом,,False
32635,Очищающая маска для лица «репейник»,Уход за лицом,,False
32636,Туалетная вода s8 icon,Парфюмерия,,False
32637,Туалетная вода s8 icon (пробник),Парфюмерия,,False
32638,Гель для душа «японские церемонии»,Уход за телом,,False
32639,Гель для душа «японская философия»,Уход за телом,,False
32640,Мыло «японские церемонии»,Уход за телом,,False
32641,Крем для душа «весенний букет»,Уход за телом,,False
32642,Крем для рук «весенний букет»,Уход за руками и ногами,,False
32643,Освежающий cпрей-дезодорант для ног feet up comfort. большой объем,Дезодоранты,,False
32644,Освежающий крем для ног feet up comfort,Уход за руками и ногами,,False
32645,Обновляющий скраб для лица novage,Уход за лицом,,False
32646,Очищающий гель для умывания pure skin,Уход за лицом,,False
32647,Отшелушивающий гель-скраб для умывания pure skin,Уход за лицом,,False
32648,Освежающий тоник pure skin,Уход за лицом,,False
32649,Матирующий крем-флюид для лица pure skin,Уход за лицом,,False
32650,Маска для лица против черных точек pure skin,Уход за лицом,,False
32651,Гель против прыщей для точечного воздействия pure skin,Уход за лицом,,False
32652,Скраб и очищающая маска для лица pure skin,Уход за лицом,,False
32655,Легкий дневной крем против морщин novage ecollagen,Уход за лицом,,False
32658,Ночной крем против пигментации novage bright sublime,Уход за лицом,,False
32661,Увлажняющая тональная основа spf 20 giordani gold,Макияж,,False
32664,Средство для снятия макияжа с глаз novage,Макияж,,False
32671,Туалетная вода memories daydreaming in a hammock,Парфюмерия,,False
32672,Туалетная вода memories сhasing butterflies,Парфюмерия,,False
32673,Туалетная вода memories flirting under fireworks,Парфюмерия,,False
32674,Туалетная вода memories daydreaming in a hammock (пробник),Парфюмерия,,False
32675,Туалетная вода memories chasing butterflies (пробник),Парфюмерия,,False
32676,Туалетная вода memories flirting under fireworks (пробник),Парфюмерия,,False
32677,Туалетная вода si magnifique!,Парфюмерия,,False
32678,Парфюмерная вода amber elixir. мини-спрей,Парфюмерия,,False
32679,Туалетная вода eclat femme. мини-спрей,Парфюмерия,,False
32680,Парфюмерная вода so fever her. мини-спрей,Парфюмерия,,False
32681,Парфюмерная вода divine idol. мини-спрей,Парфюмерия,,False
32686,Рассыпчатые румяна the one featherlight - роза,Макияж,,False
32687,Рассыпчатые румяна The ONE Featherlight - Персик,Макияж,high,True
32688,Рассыпчатые румяна The ONE Featherlight - Бронза,Макияж,high,True
32690,Губная помада с ароматом меда - ирис,Парфюмерия,,False
32691,Роза,Макияж,low,True
32692,Нектарин,Макияж,low,True
32694,Тени-карандаш very me - тауп,Макияж,,False
32695,Глянцевый лак для ногтей - Снежный,Макияж,medium,True
32696,Глянцевый лак для ногтей - Фисташковый,Макияж,high,True
32697,Глянцевый лак для ногтей - Деним,Макияж,high,True
32704,"Сыворотка-концентрат, выравнивающая тон кожи, с spf 15 «защита и осветление»",Уход за лицом,,False
32707,Стойкий лак для ногтей the one - ночной ирис,Макияж,,False
32708,Стойкий лак для ногтей The ONE Long Wear - Небесный ультрамарин,Макияж,high,True
32709,Стойкий лак для ногтей The ONE Long Wear - Бирюзовая волна,Макияж,high,True
32710,Стойкий лак для ногтей The ONE Long Wear - Морская пена,Макияж,high,True
32712,Ультралегкая губная помада 5-в-1 the one colour stylist featherlight - розовое облако,Макияж,,False
32713,Стойкий лак для ногтей The ONE Long Wear - Персиковое безе,Макияж,high,True
32714,Стойкий лак для ногтей The ONE Long Wear - Элегантный пион,Макияж,high,True
32715,Стойкий лак для ногтей The ONE Long Wear - Цветущая орхидея,Макияж,high,True
32716,Стойкий лак для ногтей The ONE Long Wear - Нежная фрезия,Макияж,high,True
32717,Стойкий лак для ногтей The ONE Long Wear - Кофейная роза,Макияж,high,True
32718,Стойкий лак для ногтей The ONE Long Wear - Пурпурный бархат,Макияж,high,True
32719,Стойкий лак для ногтей The ONE Long Wear - Ежевичный мусс,Макияж,high,True
32722,Стойкие тени-карандаш для век the one colour unlimited - глубокий океан,Макияж,,False
32723,Стойкий лак для ногтей The ONE Long Wear - Золотистый хаки,Макияж,high,True
32724,Стойкий лак для ногтей The ONE Long Wear - Лиловый риф,Макияж,high,True
32726,Стойкий лак для ногтей the one - брусничный смузи,Макияж,,False
32727,Малиновый коктейль,Wellness и питание,,False
32728,Стойкий лак для ногтей The ONE Long Wear - Абрикосовый фреш,Макияж,high,True
32729,Стойкий лак для ногтей The ONE Long Wear - Мятный мохито,Макияж,high,True
32730,Стойкий лак для ногтей The ONE Long Wear - Грушевый лимонад,Макияж,high,True
32732,Стойкий лак для ногтей the one - розовый аметист,Макияж,,False
32733,Стойкий лак для ногтей The ONE Long Wear - Ночной ирис,Макияж,high,True
32734,Стойкий лак для ногтей The ONE Long Wear - Пылающий алый,Макияж,high,True
32735,Стойкий лак для ногтей The ONE Long Wear - Холодное шампанское,Макияж,high,True
32736,Стойкий лак для ногтей The ONE Long Wear - Королевская фиалка,Макияж,high,True
32742,Смягчающий тоник novage,Уход за лицом,,False
32744,Ультрачерная тушь для ресниц 5-в-1 the one wonder lash bold intensity,Макияж,,False
32748,Тени для век в шариках giordani gold - теплый кофейный,Макияж,,False
32750,Стойкий лак для ногтей The ONE Long Wear - Морозный синий,Макияж,high,True
32751,Стойкий лак для ногтей The ONE Long Wear - Таинственный зеленый,Макияж,high,True
32762,Туалетная вода «звездные войны»,Парфюмерия,,False
32763,Мыло «в поисках дори»,Уход за телом,,False
32769,Палитра теней для век the one bold intensity - розовый пион,Наборы,,False
32770,Стойкий лак для ногтей The ONE Long Wear - Зеленый турмалин,Макияж,high,True
32780,Губная помада the one power shine - золотое сияние,Макияж,,False
32781,Губная помада The ONE Power Shine - Розовые искры,Макияж,high,True
32782,Губная помада The ONE Power Shine - Королевский рубин,Макияж,high,True
32783,Губная помада The ONE Power Shine - Ягодный шербет,Макияж,high,True
32784,Губная помада The ONE Power Shine - Роскошный пурпур,Макияж,high,True
32786,Лак для ногтей - сиреневый,Макияж,,False
32792,Кремовые тени-трансформер the one colour impact - розовая орхидея,Макияж,,False
32793,Солнечная медь (оттенок макияжа),Макияж,medium,True
32794,Голубая лазурь (оттенок макияжа),Макияж,medium,True
32795,Ночной аметист (оттенок макияжа),Макияж,medium,True
32796,Золотая пыльца (оттенок макияжа),Макияж,medium,True
32797,Туалетная вода giordani gold notte,Парфюмерия,,False
32798,Туалетная вода giordani gold notte (пробник),Парфюмерия,,False
32799,Туалетная вода venture beyond,Парфюмерия,,False
32800,Туалетная вода venture beyond (пробник),Парфюмерия,,False
32803,Дневной крем против пигментации spf 20 novage bright sublime,Уход за лицом,,False
32804,Крем для кожи вокруг глаз против пигментации novage bright sublime,Уход за лицом,,False
32805,Сыворотка для лица против пигментации novage bright sublime,Уход за лицом,,False
32818,Лак для ногтей «роскошный глянец» gg - жемчужный белый,Макияж,,False
32819,Губная помада - Пыльный розовый,Макияж,medium,True
32820,Губная помада - Нежная фуксия,Макияж,medium,True
32821,Губная помада - Сияющий коралл,Макияж,medium,True
32822,Губная помада - Королевский красный,Макияж,medium,True
32823,Гель для душа «в поисках дори»,Уход за телом,,False
32824,Туалетная вода «в поисках дори»,Парфюмерия,,False
32825,Шампунь для волос и тела 2-в-1 «звездные войны»,Уход за волосами,,False
32826,Мыло «звездные войны»,Уход за телом,,False
32827,Жидкое мыло для рук essense & co.,Уход за руками и ногами,,False
32828,Лосьон для рук и тела essense & co.,Уход за руками и ногами,,False
32829,Мыло с нероли и жасмином essense & co.,Уход за телом,,False
32831,Бальзам для губ «фруктовый лед» - кокос,Макияж,,False
32832,Бальзам для губ Very Me Фруктовый лёд - Арбуз,Макияж,high,True
32835,Жидкая подводка very me - черный,Макияж,,False
32836,Лак для ногтей - Кобальт,Макияж,medium,True
32837,Лак для ногтей - Тёмно-синий,Макияж,medium,True
32838,Лак для ногтей - Изумруд,Макияж,medium,True
32839,Гель для душа «японские церемонии». большой объем,Уход за телом,,False
32840,Гель для душа si magnifique!,Уход за телом,,False
32841,Лосьон для тела с эффектом мерцания si magnifique!,Уход за телом,,False
32842,Крем для рук «пряный цитрус»,Уход за руками и ногами,,False
32843,Мыло «пряный цитрус»,Уход за телом,,False
32844,Мыло «морское путешествие»,Уход за телом,,False
32845,Крем для ног «сливовый пунш»,Уход за руками и ногами,,False
32846,"Крем для рук "" Пралине """,Уход за руками и ногами,,False
32847,"Мыло "" Пралине """,Уход за телом,,False
32849,Двойные тени для век very me - роза & сталь,Макияж,,False
32850,Тени для век - Деним & пепел,Макияж,medium,True
32851,Тени для век - Фиалка & графит,Макияж,medium,True
32853,Жемчужная губная помада - кварц,Макияж,,False
32854,Роза (оттенок макияжа),Макияж,low,True
32855,Вишня (оттенок макияжа),Макияж,low,True
32858,Слива (оттенок макияжа),Макияж,low,True
32871,Туалетная вода eclat mademoiselle,Парфюмерия,,False
32872,Туалетная вода eclat mademoiselle (пробник),Парфюмерия,,False
32875,Восстанавливающий шампунь для сухих и поврежденных волос hairx,Уход за волосами,,False
32877,Восстанавливающий шампунь для волос hairx. большой объем,Уход за волосами,,False
32878,Восстанавливающий кондиционер для сухих и поврежденных волос hairx,Уход за волосами,,False
32881,Восстанавливающая маска для сухих и поврежденных волос hairx,Уход за волосами,,False
32882,Восстанавливающая сыворотка для сухих и поврежденных волос hairx,Уход за волосами,,False
32883,Ухаживающий шампунь для окрашенных волос hairx,Уход за волосами,,False
32884,Шампунь для окрашенных волос hairx. большой объем,Уход за волосами,,False
32885,Ухаживающий кондиционер для окрашенных волос hairx,Уход за волосами,,False
32887,Ухаживающая маска для окрашенных волос hairx,Уход за волосами,,False
32888,Шампунь для придания объема тонким волосам hairx,Уход за волосами,,False
32890,Шампунь для тонких волос hairx. большой объем,Уход за волосами,,False
32891,Кондиционер для придания объема тонким волосам hairx,Уход за волосами,,False
32892,Сухой шампунь для придания объема тонким волосам hairx,Уход за волосами,,False
32893,Шампунь против перхоти hairx,Уход за волосами,,False
32894,Шампунь-стимулятор роста волос hairx,Уход за волосами,,False
32895,Средство для придания объема подверженным выпадению волосам hairx,Уход за волосами,,False
32897,Тоник-стимулятор роста волос hairx,Уход за волосами,,False
32898,Шампунь для жирных волос hairx,Уход за волосами,,False
32900,Увлажняющий шампунь для блеска волос hairx,Уход за волосами,,False
32901,Увлажняющий спрей для блеска волос hairx,Уход за волосами,,False
32902,Разглаживающий шампунь для непослушных волос hairx,Уход за волосами,,False
32903,Разглаживающий кондиционер для непослушных волос hairx,Уход за волосами,,False
32904,Разглаживающая сыворотка для непослушных волос hairx,Уход за волосами,,False
32905,Кондиционер для жирных волос hairx,Уход за волосами,,False
32907,Сухой шампунь для жирных волос hairx,Уход за волосами,,False
32908,Мультифункциональный сс-крем для волос hairx,Уход за волосами,,False
32912,Увлажняющий шампунь для блеска волос hairx. большой объем,Уход за волосами,,False
32919,Шелковая тональная основа-флюид giordani gold - ванильный,Макияж,,False
32920,Тональное средство - Фарфоровый,Макияж,medium,True
32921,Тональный крем - Слоновая кость,Макияж,high,True
32922,Тональный крем - Песочный беж,Макияж,high,True
32923,Тональный крем - Естественный беж,Макияж,high,True
32935,Шелк. тон. основа-флюид spf 12 giordani gold - ванильный (пробник),Макияж,,False
32936,Тональный крем - Фарфоровый (пробник),Макияж,high,True
32937,Тональный крем - Слоновая кость (пробник),Макияж,high,True
32938,Тональный крем - Песочный беж (пробник),Макияж,high,True
32939,Тональный крем - Естественный беж (пробник),Макияж,high,True
32950,Туалетная вода eclat lui,Парфюмерия,,False
32951,Туалетная вода eclat lui (пробник),Парфюмерия,,False
32955,Освежающий гель для душа blue wonders,Уход за телом,,False
32956,Увлажняющий крем для тела blue wonders,Уход за телом,,False
32957,Парфюмерная вода vip only (мини-спрей),Парфюмерия,,False
32959,Туалетная вода tenderly. мини-спрей,Парфюмерия,,False
32973,Многофункц. сс-крем против пигментации spf 30 optimals even out - естественный беж,Уход за лицом,,False
32974,Помада/блеск для губ - Натуральный,Макияж,medium,True
32976,Губная помада colourbox - розовое сияние,Макияж,,False
32977,Помада для губ - Жемчужный розовый,Макияж,medium,True
32978,Помада для губ - Мягкая корица,Макияж,medium,True
32979,Помада для губ - Жемчужная карамель,Макияж,medium,True
32980,Помада для губ - Персиковый нюд,Макияж,medium,True
32981,Помада для губ - Нежный коралл,Макияж,medium,True
32982,Помада для губ - Мерцающий коралл,Макияж,medium,True
32983,Помада для губ - Красный апельсин,Макияж,medium,True
32984,Помада для губ - Алый мак,Макияж,medium,True
32985,Помада для губ - Красный бархат,Макияж,medium,True
32986,Помада для губ - Мягкий ягодный,Макияж,medium,True
32987,Помада для губ - Сияющий малиновый,Макияж,medium,True
32988,Помада для губ - Розовый пион,Макияж,medium,True
32989,Помада для губ - Розовые искры,Макияж,medium,True
32990,Помада для губ - Розовое мерцание,Макияж,medium,True
32991,Розовый бриллиант,Макияж,high,True
32992,Жемчужная фуксия,Макияж,high,True
32993,Сахарная вишня,Макияж,high,True
32994,Ягодный пунш,Макияж,high,True
32995,Спелая слива,Макияж,high,True
32996,Туалетная вода paradise man (пробник),Парфюмерия,,False
32997,Туалетная вода paradise man,Парфюмерия,,False
32998,Восстанавливающий шампунь «эксперт–питание»,Уход за волосами,,False
32999,Восстанавливающий кондиционер «эксперт–питание»,Уход за волосами,,False
33000,Восстанавливающая маска для волос «эксперт-питание»,Уход за волосами,,False
33004,Водостойкая тушь для ресниц 5-в-1 the one wonderlash черный,Макияж,,False
33005,Влажные диски для снятия лака the one,Макияж,,False
33010,Отшелушивающий гель для душа «киви»,Уход за телом,,False
33012,Мыло «киви»,Уход за телом,,False
33015,Крем для душа «абрикос и рисовое молочко»,Уход за телом,,False
33017,Мыло «абрикос и рисовое молочко»,Уход за телом,,False
33018,Восстанавливающий шампунь для блеска волос «береза и морошка»,Уход за волосами,,False
33019,Гель для душа «кубинские ритмы»,Уход за телом,,False
33020,Мыло «кубинские ритмы»,Уход за телом,,False
33022,Освежающее средство для интимной гигиены с розовой водой «феминэль»,Гигиена и полость рта,,False
33023,Антибактериальное средство «чайное дерево»,Уход за лицом,,False
33027,Крем для загрубевшей кожи ног feet up advanced,Уход за лицом,,False
33028,Интенсивно увлажняющая маска для ног feet up advanced,Уход за руками и ногами,,False
33030,Крем-сыворотка от натоптышей feet up advanced,Уход за руками и ногами,,False
33033,Отшелушивающий крем для ног feet up advanced,Уход за руками и ногами,,False
33034,Дезодорант-антиперспирант для ног 36-часового действия feet up advanced,Дезодоранты,,False
33035,Cпрей для ног против натирания feet up advanced,Уход за руками и ногами,,False
33040,Карандаш-подводка для глаз «каллиграфия» gg - синий,Товары для дома и подарки,,False
33042,Коричневый,Макияж,medium,True
33044,Парфюмерная вода amber elixir crystal,Парфюмерия,,False
33045,Парфюмерная вода amber elixir crystal,Парфюмерия,,False
33092,Карандаш для бровей giordani gold - пепельный,Макияж,,False
33093,Каштановый,Уход за волосами,,False
33095,Карандаш для губ colourbox - теплый коралл,Макияж,,False
33096,Пыльный розовый,Макияж,high,True
33097,Натуральный красный,Макияж,high,True
33103,Палитра теней для век the one blend palette - нюд,Наборы,,False
33104,Смоки,Макияж,high,True
33105,Фэнтези,Макияж,medium,True
33106,Гель для душа «тосканский закат»,Уход за телом,,False
33107,Мыло «тосканский закат»,Уход за телом,,False
33108,Сыворотка против пигментации optimals even out,Уход за лицом,,False
33111,Кремовые румяна в стике giordani gold - розовое золото,Макияж,,False
33112,Бронзовое сияние,Макияж,high,True
33114,Компактная пудра colourbox - светлый беж,Макияж,,False
33115,Розовый беж,Макияж,high,True
33120,Парфюмированный крем для тела my naked truth,Парфюмерия,,False
33121,Спрей дезодорант-антиперспирант giordani gold notte,Дезодоранты,,False
33123,Парфюмированный лосьон для тела the one disguise,Парфюмерия,,False
33126,Стойкий лак для ногтей the one - античная бронза,Макияж,,False
33135,Увлажняющая сыворотка для лица для всех типов кожи optimals hydra,Уход за лицом,,False
33137,Парфюмерная вода giordani gold white original,Парфюмерия,,False
33138,Парфюмерная вода giordani gold white original (пробник),Парфюмерия,,False
33139,Шариковый дезодорант-антиперспирант с ухаживающим комплексом activelle,Дезодоранты,,False
33140,Шариковый дезодорант-антиперспирант с освежающим эффектом activelle,Дезодоранты,,False
33141,Шариковый дезодорант-антиперспирант без белых следов activelle,Дезодоранты,,False
33142,Дезодорант-антиперспирант для экстремальной защиты activelle,Дезодоранты,,False
33143,Шариковый дезодорант-антиперспирант c осветляющим эффектом activelle,Дезодоранты,,False
33144,Спрей дезодорант с ухаживающим комплексом activelle,Дезодоранты,,False
33145,Спрей дезодорант-антиперспирант с освежающим эффектом activelle,Дезодоранты,,False
33146,Спрей дезодорант-антиперспирант без белых следов activelle,Дезодоранты,,False
33147,Спрей дезодорант для экстремальной защиты activelle,Дезодоранты,,False
33148,Спрей дезодорант-антиперспирант с осветляющим эффектом activelle,Дезодоранты,,False
33149,Кремовый дезодорант-антиперспирант с ухаживающим комплексом activelle,Дезодоранты,,False
33152,Палетка для контуринга The ONE,Макияж,high,True
33154,Увлажняющая тон. основа the one aqua boost - ванильный,Макияж,,False
33155,Фарфоровый,Макияж,high,True
33156,Бежевый нюд,Макияж,high,True
33157,Розовый нюд,Макияж,high,True
33158,Слоновая кость,Макияж,high,True
33159,Естественный беж,Макияж,high,True
33160,Комплексное средство для душа «норд анлимитед»,Уход за телом,,False
33161,Пена для бритья «норд анлимитед»,Уход за телом,,False
33162,Лосьон после бритья «норд анлимитед»,Уход за телом,,False
33166,Компактные румяна giordani gold heritage - бронзовое сияние,Макияж,,False
33167,Естественное сияние,Макияж,medium,True
33168,Женская туалетная вода women´s collection sensual jasmine,Парфюмерия,,False
33169,Туалетная вода women's collection sensual jasmine (пробник),Парфюмерия,,False
33175,Глянцевый лак для ногтей «леденец» - малина,Макияж,,False
33176,Виноград,Макияж,medium,True
33177,Апельсин,Макияж,medium,True
33178,Голубика,Макияж,medium,True
33186,Помада-стик the one - розовый,Макияж,,False
33187,Помада-стик The ONE - Коралловый,Макияж,high,True
33188,Помада-стик The ONE - Оранжевый,Макияж,medium,True
33189,Помада-стик The ONE - Фуксия,Макияж,medium,True
33190,Помада-стик The ONE - Красный,Макияж,medium,True
33191,Помада-стик The ONE - Винный,Макияж,medium,True
33193,Помада-стик The ONE - Индиго,Макияж,medium,True
33195,Объемная тушь для ресниц colourbox - черный,Макияж,,False
33196,Мини-крем для рук. юбилейный выпуск,Уход за руками и ногами,,False
33197,Гель для снятия тяжести в ногах Feet Up Advanced,Уход за руками и ногами,high,True
33198,Средство для умывания и скраб 2-в-1 novage men,Уход за лицом,,False
33199,Тонизирующий гель для кожи вокруг глаз novage men,Уход за лицом,,False
33200,Увлажняющая энергосыворотка для лица novage men,Уход за лицом,,False
33201,Увлажняющий гель-крем против старения кожи novage men,Уход за лицом,,False
33216,Объемная тушь для ресниц the one lash transformer,Макияж,,False
33218,Щеточка для туши «Сенсационное удлинение» (The ONE Lash Transformer),Макияж,high,True
33219,Щеточка для туши «Эффект накладных ресниц» (The ONE Lash Transformer),Макияж,high,True
33220,Щеточка для туши «Экстремальное подкручивание» (The ONE Lash Transformer),Макияж,high,True
33222,Объемная термосмываемая тушь для ресниц the one no compromise - черный,Товары для дома и подарки,,False
33224,Пенка для умывания против пигментации even out,Уход за лицом,,False
33225,Тоник против пигментации even out,Уход за лицом,,False
33226,Крем против пигментации для кожи вокруг глаз even out,Уход за лицом,,False
33241,Туалетная вода my little garden,Парфюмерия,,False
33242,Туалетная вода my little garden (пробник),Парфюмерия,,False
33245,Кремовые тени для век giordani gold - сияющий беж,Макияж,,False
33246,Кремовые тени для век Giordani Gold - Драгоценный изумруд,Макияж,high,True
33247,Кремовые тени для век Giordani Gold - Ночной аметист,Макияж,medium,True
33252,Двусторонний карандаш для глаз the one dual drama - оранжевый & черный,Макияж,,False
33253,Двусторонний карандаш для глаз The ONE Dual Drama - Хаки & Кофейный,Макияж,high,True
33254,Двусторонний карандаш для глаз The ONE Dual Drama - Желтый & Аквамарин,Макияж,medium,True
33255,Двусторонний карандаш для глаз The ONE Dual Drama - Небесный & Деним,Макияж,medium,True
33257,Лак для ногтей colourbox - лаванда,Макияж,,False
33258,Лак для ногтей Colourbox - Нюд,Макияж,high,True
33259,Лак для ногтей Colourbox - Роза,Макияж,medium,True
33260,Лак для ногтей Colourbox - Сакура,Макияж,high,True
33261,Лак для ногтей Colourbox - Пион,Макияж,medium,True
33262,Лак для ногтей Colourbox - Мак,Макияж,medium,True
33263,Лак для ногтей Colourbox - Вишня,Макияж,medium,True
33264,Лак для ногтей Colourbox - Малина,Макияж,medium,True
33265,Лак для ногтей ColourBox - Виноград,Макияж,high,True
33266,Лак для ногтей ColourBox - Слива,Макияж,medium,True
33268,Губная помада «икона стиля» giordani gold heritage - сатиновый беж,Макияж,,False
33269,Губная помада «Икона стиля» Giordani Gold - Сияющий пионовый,Макияж,high,True
33270,Губная помада «Икона стиля» Giordani Gold - Нежный коралловый,Макияж,high,True
33271,Губная помада «Икона стиля» Giordani Gold - Элегантный красный,Макияж,high,True
33272,Губная помада «Икона стиля» Giordani Gold - Глубокий винный,Макияж,high,True
33285,Стойкий лак для ногтей the one - сиреневая роса,Макияж,,False
33286,Стойкий лак для ногтей The ONE - Фиолетовая галактика,Макияж,high,True
33287,Стойкий лак для ногтей The ONE - Молодой виноград,Макияж,high,True
33288,Стойкий лак для ногтей The ONE - Арбузный сок,Макияж,high,True
33289,Стойкий лак для ногтей The ONE - Апельсиновый сорбет,Макияж,medium,True
33290,Стойкий лак для ногтей The ONE - Розовый нюд,Макияж,medium,True
33291,Стойкий лак для ногтей The ONE - Туманное небо,Макияж,high,True
33292,Стойкий лак для ногтей The ONE - Таинственный лес,Макияж,medium,True
33293,Стойкий лак для ногтей The ONE - Королевская лазурь,Макияж,medium,True
33294,Стойкий лак для ногтей The ONE - Полночный океан,Макияж,medium,True
33300,Антивозрастная основа-эликсир под макияж giordani gold,Уход за лицом,,False
33313,Жидкая подводка для глаз с эффектом «металлик» the one brush stroke - черный,Макияж,,False
33314,Синий,Макияж,medium,True
33315,Желтый,Макияж,medium,True
33316,Зеленый,Макияж,medium,True
33318,Тени-кайал для век the one styling kajal - угольный черный,Макияж,,False
33319,Нежный голубой,Макияж,medium,True
33320,Яркий фиолетовый,Макияж,medium,True
33323,Лак для ногтей the one - звездное мерцание,Макияж,,False
33324,Лунный металлик,Макияж,medium,True
33325,Серый кашемир,Макияж,medium,True
33330,Отшелушивающий гель для душа «малина и мята». большой объем,Уход за телом,,False
33334,Гель для душа «олива и алоэ». большой объем,Уход за телом,,False
33335,Крем для душа «миндаль». большой объем,Уход за телом,,False
33336,Гель для душа «лаванда». большой объем,Уход за телом,,False
33337,Шампунь для жирных волос «крапива и лимон». большой объем,Уход за волосами,,False
33338,Шампунь-уход 2-в-1 для всех типов волос «авокадо и ромашка». большой объем,Уход за волосами,,False
33339,Шампунь для сухих волос «пшеница и кокос». большой объем,Уход за волосами,,False
33348,Туалетная вода men's collection cool lavender (пробник),Парфюмерия,,False
33349,Туалетная вода men´s collection cool lavender,Парфюмерия,,False
33350,Спрей дезодорант-антиперспирант excite force,Дезодоранты,,False
33353,Шариковый дезодорант-антиперспирант happydisiac man,Дезодоранты,,False
33354,Специальное смягчающее средство с маслом морошки,Уход за лицом,,False
33355,Антивозрастной дневной крем для лица spf 15 optimals age revive (пробник),Уход за лицом,,False
33357,Антивозрастной ночной крем optimals age revive (пробник),Уход за лицом,,False
33364,Стойкая суперматовая губная помада the one color unlimited - бежевый нюд,Макияж,,False
33365,Натуральный розовый,Макияж,high,True
33366,Розовый коралл,Макияж,high,True
33367,Цветущая фуксия,Макияж,high,True
33368,Сочный оранж,Макияж,high,True
33369,Яркий коралл,Макияж,high,True
33370,Пламенный красный,Макияж,high,True
33371,Красный рубин,Макияж,high,True
33372,Вишневый бархат,Макияж,high,True
33373,Глубокий сливовый,Макияж,high,True
33375,Жидкая губная помада-крем the one lip sensation - светло-розовый,Макияж,,False
33376,Клубничный,Макияж,high,True
33377,Коралловый,Макияж,high,True
33378,Розовый,Макияж,high,True
33379,Красный,Макияж,high,True
33380,Малиновый,Макияж,high,True
33381,Ежевичный,Макияж,high,True
33382,Черничный,Макияж,high,True
33383,Туалетная вода friends world for him (пробник),Парфюмерия,,False
33384,Туалетная вода friends world for him,Парфюмерия,,False
33386,Антивозрастная губная помада giordani gold mastercreation spf 20 - благородный нюд,Макияж,,False
33387,Пудровый розовый,Макияж,high,True
33388,Нежный пион,Макияж,high,True
33389,Антивозрастная губная помада giordani gold mastercreation spf 20 - сочный коралл,Макияж,,False
33390,Антивозрастная губная помада giordani gold mastercreation spf 20 - элегантная фуксия,Макияж,,False
33391,Антивозрастная губная помада giordani gold mastercreation spf 20 - королевский янтарь,Макияж,,False
33392,Насыщенный красный,Макияж,high,True
33393,Спелый ягодный,Макияж,high,True
33394,Теплый бордовый,Макияж,high,True
33395,Антивозрастная губная помада giordani gold mastercreation spf 20 - глубокий винный,Макияж,,False
33402,Тональная основа colourbox - фарфоровый,Макияж,,False
33403,Слоновая кость,Макияж,medium,True
33404,Тональная основа Colourbox - Естественный беж,Макияж,high,True
33405,Тональная основа Colourbox - Тёплый беж,Макияж,high,True
33412,Парфюмерная вода the one disguise (пробник),Парфюмерия,,False
33413,Парфюмерная вода the one disguise,Парфюмерия,,False
33414,Парфюмерная вода sublime nature tuberose (пробник),Парфюмерия,,False
33415,Парфюмерная вода sublime nature tuberose,Парфюмерия,,False
33416,Кремовый хайлайтер the one,Макияж,,False
33417,Парфюмерная вода sublime nature tonka bean (пробник),Парфюмерия,,False
33418,Парфюмерная вода sublime nature tonka bean,Парфюмерия,,False
33422,Оттеночный бальзам-хамелеон для губ the one colour adapt,Уход за лицом,,False
33423,Туалетная вода northern beauty,Парфюмерия,,False
33425,Тени для век colourbox - мерцающий беж,Макияж,,False
33426,Тени для век Colourbox - Жемчужный розовый,Макияж,high,True
33427,Тени для век Colourbox - Сияющий тауп,Макияж,high,True
33428,Тени для век Colourbox - Нежный лиловый,Макияж,high,True
33429,Тени для век Colourbox - Тёмный оливковый,Макияж,high,True
33430,Тени для век Colourbox - Глубокий синий,Макияж,high,True
33431,Тени для век Colourbox - Тёплая корица,Макияж,high,True
33432,Тени для век Colourbox - Чёрный смоки,Макияж,high,True
33433,Карандаш для глаз colourbox - черный,Макияж,,False
33434,Двухфазный пилинг для обновления кожи novage,Уход за лицом,,False
33441,Питательный крем для рук и тела «молоко и мед – золотая серия». праздничный выпуск,Уход за руками и ногами,,False
33442,Специальное смягчающее средство с маслом корицы «нежная забота»,Уход за лицом,,False
33445,Специальное смягчающее средство с маслом черники,Уход за лицом,,False
33446,Специальное смягчающее средство с маслом клюквы,Уход за лицом,,False
33447,Скраб для рук «молоко и мед – золотая серия»,Уход за руками и ногами,,False
33448,Парфюмерная вода volare gold,Парфюмерия,,False
33450,Гель для душа northern beauty,Уход за телом,,False
33451,Лосьон для рук и тела northern beauty,Уход за руками и ногами,,False
33452,Жидкое мыло для рук и тела с магнолией и инжиром essense & co.,Уход за руками и ногами,,False
33454,Лосьон для рук и тела с магнолией и инжиром essense & co.,Уход за руками и ногами,,False
33457,Туалетная вода «моана»,Парфюмерия,,False
33459,Очищающее средство для интимной гигиены с экстрактом ромашки «феминэль»,Гигиена и полость рта,,False
33461,"Гель для душа "" Свежесть исландии "" . мегаобъём",Уход за телом,,False
33462,Мыло «рождественский пирог»,Уход за телом,,False
33465,Крем для рук «рождественский пирог»,Уход за руками и ногами,,False
33468,"Мыло "" Моана """,Уход за телом,,False
33469,Шампунь и кондиционер 2-в-1 «моана»,Уход за волосами,,False
33470,Туалетная вода «тачки 3»,Парфюмерия,,False
33471,"Мыло "" Тачки 3 """,Уход за телом,,False
33472,Шампунь для волос и тела «тачки 3»,Уход за волосами,,False
33473,Пена для ванны и гель для душа 2-в-1 northern glow,Уход за телом,,False
33474,Крем для тела northern glow,Уход за телом,,False
33475,Крем для душа «цветочный»,Уход за телом,,False
33476,Крем для рук «цветочный»,Уход за руками и ногами,,False
33478,Запеченные тени для век giordani gold - лиловый кашемир,Макияж,,False
33479,Запечённые тени для век Giordani Gold - Бежевый атлас,Макияж,high,True
33480,Запечённые тени для век Giordani Gold - Синяя замша,Макияж,high,True
33481,Запечённые тени для век Giordani Gold - Сливовая парча,Макияж,high,True
33482,Запечённые тени для век Giordani Gold - Золотой шёлк,Макияж,high,True
33486,Стойкий карандаш-подводка для глаз the one - фиолетовый,Макияж,,False
33487,Лак для ногтей Giordani Gold - Зелёный,Макияж,medium,True
33490,Ночная маска для интенсивного восстановления кожи novage,Уход за лицом,,False
33492,Парфюмерная вода possess. мини-спрей,Парфюмерия,,False
33493,Парфюмерная вода giordani gold essenza. мини-спрей,Парфюмерия,,False
33494,Парфюмерная вода amazing paradise. мини-спрей,Парфюмерия,,False
33497,Восстанавливающий бальзам для губ spf 12 giordani gold - бежевый,Макияж,,False
33498,Лак для ногтей Giordani Gold - Тёмно-розовый,Макияж,medium,True
33502,Лак для ногтей «роскошный глянец» gg - кремовый кофейный,Макияж,,False
33503,Лак для ногтей Giordani Gold - Дымчатый синий,Макияж,medium,True
33504,Лак для ногтей Giordani Gold - Королевский изумрудный,Макияж,high,True
33508,Стойкий лак для ногтей the one - пурпурный шторм,Макияж,,False
33509,Лак для ногтей Giordani Gold - Океанская волна,Макияж,medium,True
33510,Лак для ногтей Giordani Gold - Солёный прибой,Макияж,medium,True
33511,Лак для ногтей Giordani Gold - Золотистый песок,Макияж,medium,True
33514,Стойкий лак для ногтей the one - теплая охра,Макияж,,False
33515,Лак для ногтей Giordani Gold - Малиновая тайна,Макияж,medium,True
33516,Лак для ногтей Giordani Gold - Чёрный оникс,Макияж,medium,True
33517,Лак для ногтей The ONE - Белый глянец,Макияж,high,True
33519,Увлажняющий гель для ногтей the one,Макияж,,False
33520,Закрепляющее покрытие-сушка для лака The ONE,Макияж,high,True
33521,Блеск для губ с эффектом сияния the one,Макияж,,False
33522,Пенка для умывания «овес»,Уход за лицом,,False
33523,Крем для лица «овес»,Уход за лицом,,False
33524,Тоник для лица «овес»,Уход за лицом,,False
33526,Тонизирующий гель для умывания pure skin,Уход за лицом,,False
33529,Крем для ног «вишневый десерт»,Уход за руками и ногами,,False
33530,"Крем для рук и тела "" Молоко и мёд - золотая орхидея """,Уход за руками и ногами,,False
33531,"Мыло "" Молоко и мёд - золотая орхидея """,Уход за телом,,False
33532,Мыло «макарун»,Уход за телом,,False
33533,Крем для рук «макарун»,Уход за руками и ногами,,False
33535,Жидкая губная помада-мусс the one lip sensation - брусничный,Макияж,,False
33536,Лак для ногтей The ONE - Грейпфрутовый,Макияж,medium,True
33537,Лак для ногтей The ONE - Фуксия,Макияж,medium,True
33541,Многофункц. губная помада 5-в-1 the one colour stylist - лилово-розовый,Макияж,,False
33542,Лак для ногтей The ONE - Ягодный розовый,Макияж,medium,True
33543,Лак для ногтей The ONE - Коралловый красный,Макияж,medium,True
33544,Лак для ногтей The ONE - Глубокий винный,Макияж,medium,True
33545,Лак для ногтей The ONE - Виноградно-красный,Макияж,medium,True
33568,Многофункц.тушь для ресниц 5-в-1 the one wonderlash. праздничный выпуск - угольно-черный,Макияж,,False
33584,Стойкий лак для ногтей the one - золотистый розовый,Макияж,,False
33586,Лак для ногтей The ONE - Коричневый,Макияж,medium,True
33587,Лак для ногтей The ONE - Искристый бронзовый,Макияж,medium,True
33592,Парфюмированный спрей miss charming,Парфюмерия,,False
33593,Парфюмированный спрей miss charming (пробник),Парфюмерия,,False
33632,Парфюмированный спрей для тела vip club ibiza,Парфюмерия,,False
33634,Туалетная вода vip club ibiza bm (пробник),Парфюмерия,,False
33635,Парфюмированный спрей для тела vip club bali,Парфюмерия,,False
33636,Парфюмированный спрей для тела vip club bali (пробник),Парфюмерия,,False
33637,Питательный крем для ног «клубника и ревень»,Уход за руками и ногами,,False
33639,Освежающий спрей-дезодорант для ног «клубника и ревень»,Дезодоранты,,False
33640,Отшелушивающий гель для душа «малина и мята». мегаобъем,Уход за телом,,False
33641,Шампунь для сухих волос «пшеница и кокос». мегаобъем,Уход за волосами,,False
33642,Защитный крем для рук «облепиха»,Уход за руками и ногами,,False
33643,Туалетная вода northern glow,Парфюмерия,,False
33649,Парфюмерная вода possess the secret man,Парфюмерия,,False
33650,Парфюмерная вода possess the secret man,Парфюмерия,,False
33652,Туалетная вода eternal man,Парфюмерия,,False
33653,Туалетная вода mister giordani,Парфюмерия,,False
33654,Туалетная вода mister giordani,Парфюмерия,,False
33656,Объемная основа под тушь giordani gold,Макияж,,False
33661,Матовые тени для век the one - нежный беж,Макияж,,False
33662,Тени для век - Песочный нюд,Макияж,medium,True
33663,Тени для век - Мягкий тауп,Макияж,medium,True
33666,Тени для век - Пудровая роза,Макияж,medium,True
33667,Тени для век - Приглушенная слива,Макияж,medium,True
33668,Гелевая подводка для глаз giordani gold - глубокий черный,Макияж,,False
33673,Тени-рефил для век the one - морозное серебро,Макияж,,False
33674,Тени-рефил для век the one - белый перламутр,Макияж,,False
33675,Тени для век - Золотистый песочный,Макияж,medium,True
33677,Тени-рефил для век the one - розовое золото,Макияж,,False
33678,Тени для век - Жемчужный розовый,Макияж,medium,True
33679,Тени для век - Нежная сирень,Макияж,medium,True
33680,Тени для век - Сливовый тауп,Макияж,medium,True
33681,Тени для век - Насыщенный медный,Макияж,medium,True
33682,Тени для век - Винтажный зеленый,Макияж,medium,True
33683,Тени для век - Глубокий синий,Макияж,medium,True
33684,Тени для век - Темный кофейный,Макияж,medium,True
33685,Тени-рефил для век The ONE - Угольный черный,Макияж,high,True
33687,Тени-рефил для век The ONE - Бежевый нюд,Макияж,medium,True
33688,Магнитная палетка-рефил the one make-up pro (малая),Товары для дома и подарки,,False
33689,Магнитная палетка-рефил the one make-up pro (большая),Товары для дома и подарки,,False
33692,Тушь для бровей the one - светло-коричневый,Макияж,,False
33693,Тушь для бровей the one - коричневый,Макияж,,False
33694,Тушь для бровей the one - темно-коричневый,Макияж,,False
33697,Двусторонний карандаш для бровей the one - пепельный,Макияж,,False
33698,Двусторонний карандаш для бровей the one - коричневый,Макияж,,False
33706,Стойкий консилер the one everlasting - светлый,Макияж,,False
33707,Консилер The ONE EverLasting - Естественный,Макияж,high,True
33709,Праймер для визуального уменьшения пор the one,Макияж,,False
33711,Румяна-рефил the one make-up pro - розовый,Макияж,,False
33712,Консилер The ONE EverLasting - Персиковый,Макияж,medium,True
33713,Консилер The ONE EverLasting - Терракотовый,Макияж,medium,True
33715,Палитра губной помады the one lip creation,Наборы,,False
33727,Базовое покрытие-пленка для ногтей the one,Макияж,,False
33732,Подкручивающая термосмываемая тушь для ресниц the one no compromise - черный,Товары для дома и подарки,,False
33733,Тушь-уход для ресниц с освежающим эффектом the one eyes wide open - черный,Макияж,,False
33774,Румяна colourbox - розовый,Макияж,,False
33775,Лак для ногтей COLOURBOX - Коралловый,Макияж,medium,True
33780,Лак для ногтей colourbox - крем-брюле,Макияж,,False
33781,Лак для ногтей COLOURBOX - Персик,Макияж,medium,True
33782,Лак для ногтей COLOURBOX - Сирень,Макияж,high,True
33783,Лак для ногтей COLOURBOX - Марсала,Макияж,high,True
33784,Лак для ногтей COLOURBOX - Баклажан,Макияж,medium,True
33800,Жидкая губная помада-эликсир spf 15 giordani gold - розовый нюд,Макияж,,False
33801,Жидкая губная помада-эликсир Giordani Gold SPF 15 - Притягательный коралл,Макияж,high,True
33802,Жидкая губная помада-эликсир Giordani Gold SPF 15 - Обворожительная роза,Макияж,high,True
33803,Жидкая губная помада-эликсир Giordani Gold SPF 15 - Изысканная фуксия,Макияж,high,True
33804,Жидкая губная помада-эликсир Giordani Gold SPF 15 - Оранжевый кармин,Макияж,high,True
33805,Жидкая губная помада-эликсир Giordani Gold SPF 15 - Классический красный,Макияж,high,True
33806,Жидкая губная помада-эликсир Giordani Gold SPF 15 - Насыщенный бордо,Макияж,high,True
33807,Жидкая губная помада-эликсир Giordani Gold SPF 15 - Темная слива,Макияж,high,True
33844,Многофункц. губная помада 5-в-1 the one colour stylist - свежий грейпфрут,Макияж,,False
33845,Губная помада The ONE Colour Stylist 5-в-1 - Огненная лава,Макияж,high,True
33846,Губная помада The ONE Colour Stylist 5-в-1 - Сочная питайя,Макияж,high,True
33847,Губная помада The ONE Colour Stylist 5-в-1 - Красный виноград,Макияж,high,True
33848,Губная помада The ONE Colour Stylist 5-в-1 - Спелый инжир,Макияж,high,True
33856,Стойкая суперматовая губная помада the one colour unlimited - холодный нюд,Макияж,,False
33857,Губная помада - Теплый розовый,Макияж,medium,True
33858,Губная помада The ONE Colour Unlimited - Мягкий малиновый,Макияж,high,True
33859,Губная помада The ONE Colour Unlimited - Насыщенный кармин,Макияж,high,True
33860,Губная помада The ONE Colour Unlimited - Глубокий сливовый,Макияж,high,True
33862,Губная помада colourbox - сочный коралловый,Макияж,,False
33863,Губная помада The ONE Colour Unlimited - Холодный розовый,Макияж,high,True
33864,Губная помада The ONE Colour Unlimited - Яркий ягодный,Макияж,high,True
33865,Губная помада The ONE Colour Unlimited - Тёплый красный,Макияж,high,True
33866,Губная помада The ONE Colour Unlimited - Мягкий сливовый,Макияж,high,True
33867,Двухфазное масло для ногтей и кутикулы the one,Макияж,,False
33869,Стойкий лак для ногтей the one - зеленый хамелеон,Макияж,,False
33870,Лак для ногтей The ONE - Сочный ананас,Макияж,high,True
33871,Лак для ногтей The ONE - Спелая папайя,Макияж,high,True
33872,Лак для ногтей The ONE - Райская птица,Макияж,high,True
33873,Лак для ногтей The ONE - Тропическая орхидея,Макияж,high,True
33874,Закрепляющее покрытие с неоновым эффектом для ногтей The ONE,Макияж,high,True
33893,Бальзам-праймер для губ the one,Макияж,,False
33897,Многофункц. тушь для ресниц с насыщенным черным пигментом 5-в-1 the one wonder lash,Макияж,,False
33907,Карандаш для глаз с эффектом «металлик» the one metallic - звездная пыль,Макияж,,False
33908,Бронзовый отблеск,Макияж,,False
33938,Стойкий лак для ногтей the one - розовый трепет,Макияж,,False
33939,Лак для ногтей The ONE - Лунный камень,Макияж,medium,True
33940,Лак для ногтей The ONE - Дикий ирис,Макияж,medium,True
33941,Лак для ногтей The ONE - Полночный графит,Макияж,medium,True
33944,Выравнивающий праймер-уход novage,Макияж,,False
33950,Туалетная вода venture power (пробник),Парфюмерия,,False
33951,Туалетная вода venture power,Парфюмерия,,False
33952,Туалетная вода leader (пробник),Парфюмерия,,False
33953,Туалетная вода leader,Парфюмерия,,False
33954,Специальное смягчающее средство. праздничный выпуск,Уход за лицом,,False
33955,Парфюмерная вода possess the secret,Парфюмерия,,False
33956,Парфюмерная вода possess the secret (пробник),Парфюмерия,,False
33957,Парфюмерная вода eclat mon parfum,Парфюмерия,,False
33958,Парфюмированный спрей для тела love potion so tempting,Парфюмерия,,False
33959,Парфюмерная вода luminescence,Парфюмерия,,False
33960,Туалетная вода lucia bright aura,Парфюмерия,,False
33962,Туалетная вода friends world for her,Парфюмерия,,False
33963,Туалетная вода on the edge,Парфюмерия,,False
33964,Парфюмерная вода live in colour,Парфюмерия,,False
33973,Восстанавливающая тканевая маска для лица novage,Уход за лицом,,False
33975,Крем для лица против покраснений novage,Уход за лицом,,False
33979,Крем для кожи вокруг глаз против морщин novage ecollagen wrinkle power,Уход за лицом,,False
33980,Сыворотка для лица против морщин novage ecollagen wrinkle power,Уход за лицом,,False
33981,Дневной крем против морщин spf 30 novage ecollagen wrinkle power,Уход за лицом,,False
33982,Ночной крем против морщин novage ecollagen wrinkle power,Уход за лицом,,False
33984,Очищающий гель-тоник для умывания novage,Уход за лицом,,False
33987,Увлажняющая эссенция для лица novage,Уход за лицом,,False
33988,Обновляющий пилинг для лица novage,Уход за лицом,,False
33990,"Средство для душа, волос и умывания 3-в-1 «норд экстрим»",Уход за волосами,,False
33991,Пена для бритья «норд экстрим»,Уход за телом,,False
33993,Мыло «норд экстрим»,Уход за телом,,False
33995,Увлажняющий тоник для всех типов кожи optimals hydra,Уход за лицом,,False
33996,Мыло «нежные чувства»,Уход за телом,,False
33997,Крем для рук «нежные чувства»,Уход за руками и ногами,,False
34002,Очищающая мицеллярная вода optimals hydra,Уход за лицом,,False
34008,Очищающая глиняная маска для всех типов кожи optimals,Уход за лицом,,False
34009,Питательный крем для ног «апельсиновая вода»,Уход за руками и ногами,,False
34010,Освежающий спрей-дезодорант для ног «апельсиновая вода»,Дезодоранты,,False
34011,Крем для ног «гранат и вереск»,Уход за руками и ногами,,False
34012,Мыло «нежность цветов»,Уход за телом,,False
34013,Мыло «снежная фантазия»,Уход за телом,,False
34014,Шариковый дезодорант-антиперспирант 48-часового действия с лаймом и эвкалиптом Activelle,Дезодоранты,high,True
34015,Спрей дезод.-антиперспирант 48-часового действия с лаймом и эвкалиптом «активэль»,Дезодоранты,,False
34016,Увлажняющий лосьон для ног feet up advanced,Уход за руками и ногами,,False
34017,Питательный бустер для лица optimals,Уход за лицом,,False
34018,Набор для глубокой очистки кожи лица «шведский spa-салон»,Наборы,,False
34019,Расслабляющее средство для ванны «шведский spa-салон»,Уход за телом,,False
34020,Пенящееся масло для душа «шведский spa-салон»,Уход за телом,,False
34021,Массажное мыло-скраб swedish spa,Уход за телом,,False
34022,Солевой скраб для тела «шведский spa-салон»,Уход за телом,,False
34023,"Мусс для душа "" Шведский spa-салон """,Уход за телом,,False
34024,Увлажняющее масло для тела swedish spa,Уход за телом,,False
34025,Питательное крем-масло для тела «шведский spa-салон»,Уход за телом,,False
34031,Скраб для лица «огурец»,Уход за лицом,,False
34032,Маска для лица «огурец»,Уход за лицом,,False
34033,Крем-гель для лица «огурец»,Уход за лицом,,False
34034,Бальзам для губ «кокос»,Макияж,,False
34035,Бальзам для губ «манго»,Макияж,,False
34036,Бальзам для губ «дыня»,Макияж,,False
34037,Защитный крем для рук «пчелиный воск и миндаль»,Уход за руками и ногами,,False
34038,Защитный крем для лица «пчелиный воск и миндаль»,Уход за лицом,,False
34039,Успокаивающее средство для интимной гигиены с экстрактом орхидеи «феминэль»,Гигиена и полость рта,,False
34040,Защитный бальзам для губ «пчелиный воск и миндаль»,Макияж,,False
34042,Специальное смягчающее средство с маслом граната,Уход за лицом,,False
34043,Жидкое мыло для рук и тела с бузиной и бергамотом essense & co.,Уход за руками и ногами,,False
34044,Лосьон для рук и тела с бузиной и бергамотом essense & co.,Уход за руками и ногами,,False
34045,Гель для душа «французский прованс»,Уход за телом,,False
34047,Мыло «французский прованс»,Уход за телом,,False
34048,Гель для душа «французский прованс». большой объем,Уход за телом,,False
34049,Экспресс-маска для глубокого очищения кожи pure skin,Уход за лицом,,False
34052,Гель для душа elvie summer joy,Уход за телом,,False
34053,Парфюмированный лосьон для тела elvie summer joy,Парфюмерия,,False
34054,Пена для ванны «рождественский пирог»,Уход за телом,,False
34055,Парфюмированный крем для душа miss giordani intense,Парфюмерия,,False
34056,Парфюмированный лосьон для тела miss giordani intense,Парфюмерия,,False
34057,Крем для душа loving care. мегаобъем,Уход за телом,,False
34058,Крем для душа loving care,Уход за телом,,False
34059,Шампунь-кондиционер для всех типов волос loving care. мегаобъем,Уход за волосами,,False
34060,Шампунь-кондиционер для всех типов волос loving care,Уход за волосами,,False
34061,Крем для рук loving care,Уход за руками и ногами,,False
34063,Лосьон для тела loving care,Уход за телом,,False
34065,Крем для рук «авокадо»,Уход за руками и ногами,,False
34066,Мыло для лица и тела loving care,Уход за лицом,,False
34067,Мыло «озера новой зеландии»,Уход за телом,,False
34068,Гель для душа «озера новой зеландии»,Уход за телом,,False
34069,Жидкое крем-мыло для рук loving care,Уход за руками и ногами,,False
34070,Крем для рук «нежность цветов»,Уход за руками и ногами,,False
34071,Детская зубная паста «хранитель лев»,Гигиена и полость рта,,False
34073,Крем-пена для ванны «молоко и мед – золотая серия»,Уход за телом,,False
34074,Увлажняющий лосьон-кондиционер для душа «молоко и мед – золотая серия»,Уход за волосами,,False
34076,Шариковый дезодорант-антиперспирант be the legend,Дезодоранты,,False
34077,Шариковый дезодорант-антиперспирант glacier rock,Дезодоранты,,False
34078,Мыло «суперсемейка 2»,Уход за телом,,False
34079,Шариковый дезодорант miss giordani,Дезодоранты,,False
34080,Шампунь и кондиционер 2-в-1 «минни маус»,Уход за волосами,,False
34081,Бальзам для губ «минни маус»,Макияж,,False
34082,Парфюмированный спрей-дезодорант для тела giordani gold essenza,Парфюмерия,,False
34083,Мыло «микки маус»,Уход за телом,,False
34084,Шампунь для волос и тела «суперсемейка 2»,Уход за волосами,,False
34087,Гель для душа с кокосовой водой и дыней love nature,Уход за телом,,False
34088,Парфюмированный крем для тела eclat femme weekend,Парфюмерия,,False
34090,"Лосьон для тела "" Кокосовая вода и дыня """,Уход за телом,,False
34092,Мыло «кокосовая вода и дыня»,Уход за телом,,False
34093,Крем для душа «миндаль». мегаобъем,Уход за телом,,False
34094,Шампунь-уход 2-в-1 для всех типов волос «авокадо и ромашка». мегаобъем,Уход за волосами,,False
34095,Шампунь для придания объема волосам «зеленый чай и личи»,Уход за волосами,,False
34097,Укрепляющий шампунь и кондиционер 2-в-1 «яблоко и бамбук»,Уход за волосами,,False
34098,Масло для тела и волос «авокадо»,Уход за волосами,,False
34101,Гель для душа «солнечные мальдивы»,Уход за телом,,False
34102,Мыло «солнечные мальдивы»,Уход за телом,,False
34106,Пена для ванны «приятный сюрприз»,Уход за телом,,False
34107,Мегаобъемная тушь для ресниц 5-в-1 the one wonderlash xxl - черный,Макияж,,False
34108,Закрепляющий спрей для макияжа The ONE,Макияж,high,True
34143,Мультифункциональный защитный крем для лица spf 50 novage,Уход за лицом,,False
34144,Румяна в шариках giordani gold - золотое сияние,Макияж,,False
34145,Туалетная вода lucia bright aura,Парфюмерия,,False
34146,Восстанавливающий шампунь для сухих волос hairx (пробник),Уход за волосами,,False
34147,Ухаживающий шампунь для окрашенных волос hairx (пробник),Уход за волосами,,False
34148,Шампунь для придания объема тонким волосам hairx (пробник),Уход за волосами,,False
34149,Увлажняющий шампунь для блеска волос hairx (пробник),Уход за волосами,,False
34158,Туалетная вода elvie summer joy,Парфюмерия,,False
34160,Парфюмерная вода miss giordani intense,Парфюмерия,,False
34165,Скраб для лица «кокосовая вода»,Уход за лицом,,False
34166,Крем для лица и тела «кокосовая вода»,Уход за лицом,,False
34167,Шампунь «молоко и мед – золотая серия». мини-версия,Уход за волосами,,False
34168,Кондиционер для волос «молоко и мед – золотая серия». мини-версия,Уход за волосами,,False
34169,Крем для душа «миндаль». мини-версия,Уход за телом,,False
34170,Лосьон для тела «миндаль». мини-версия,Уход за телом,,False
34175,Массажное масло для тела love potion so tempting,Уход за телом,,False
34179,Расслабляющее массажное масло для сна,Уход за телом,high,True
34180,Расслабляющий спрей для сна (для тела и постельного белья),Уход за телом,high,True
34189,Парфюмерная вода live in colour (пробник),Парфюмерия,,False
34255,Увлажняющая тон. основа the one aqua boost - ванильный (пробник),Макияж,,False
34256,Тональный крем - Фарфоровый (пробник),Макияж,high,True
34257,Тональный крем - Светлый бежевый (пробник),Макияж,high,True
34258,Тональный крем - Тёплый бежевый (пробник),Макияж,high,True
34259,Тональное средство - Слоновая кость (пробник),Макияж,medium,True
34260,Тональное средство - Естественный беж (пробник),Макияж,medium,True
34262,Стойкая суперматовая губная помада the one color unlimited - бежевый нюд (пробник),Макияж,,False
34263,Губная помада - Натуральный розовый (пробник),Макияж,medium,True
34264,Губная помада - Розовый коралл (пробник),Макияж,high,True
34265,Губная помада - Цветущая фуксия (пробник),Макияж,high,True
34266,Губная помада - Сочный оранж (пробник),Макияж,high,True
34267,Губная помада - Яркий коралл (пробник),Макияж,high,True
34268,Губная помада - Пламенный красный (пробник),Макияж,high,True
34269,Губная помада - Красный рубин (пробник),Макияж,high,True
34270,Губная помада - Вишневый бархат (пробник),Макияж,high,True
34271,Губная помада - Глубокий сливовый (пробник),Макияж,high,True
34287,Мужской гель для душа «озера новой зеландии»,Уход за телом,,False
34288,Пена для ванны «золотое сияние»,Уход за телом,,False
34289,Лосьон для тела «золотое сияние»,Уход за телом,,False
34297,Туалетная вода divine. мини-спрей,Парфюмерия,,False
34298,Парфюмерная вода giordani gold white original. мини-спрей,Парфюмерия,,False
34299,Туалетная вода eclat femme. мини-спрей,Парфюмерия,,False
34300,Парфюмерная вода love potion. мини-спрей,Парфюмерия,,False
34301,Тонизирующее средство для умывания optimals radiance,Уход за лицом,,False
34302,Тонизирующая маска для лица optimals radiance,Уход за лицом,,False
34303,Тонизирующий гель-крем для лица optimals radiance,Уход за лицом,,False
34304,Матирующий ночной крем для жирной кожи optimals hydra,Уход за лицом,,False
34326,Тени-карандаш для век the one - черный,Макияж,,False
34327,Золотистый розовый,Макияж,medium,True
34328,Искристый бронзовый,Макияж,medium,True
34330,Парфюмированный спрей для тела miss yes to love,Парфюмерия,,False
34332,Крем для лица и тела loving care,Уход за лицом,,False
34333,Гель для душа «нежность цветов»,Уход за телом,,False
34334,Туалетная вода men's collection intense oud,Парфюмерия,,False
34335,Туалетная вода menґs collection intense oud (пробник),Парфюмерия,,False
34336,Парфюмерная вода volare. мини-спрей,Парфюмерия,,False
34337,Парфюмированный спрей-дезодорант для тела possess,Парфюмерия,,False
34338,Туалетная вода soul focus,Парфюмерия,,False
34349,Туалетная вода friends world for her (пробник),Парфюмерия,,False
34356,Многофункц. губная помада 5-в-1 the one colour stylist - дерзкий лиловый,Макияж,,False
34357,Розовый трепет,Макияж,medium,True
34358,Волнующий красный,Макияж,medium,True
34359,Пронзительный ягодный,Макияж,medium,True
34360,Черная губная помада-трансформер the one 5-in-1 colour stylist,Макияж,,False
34361,Туалетная вода women's collection mysterial oud,Парфюмерия,,False
34363,Туалетная вода womenґs collection mysterial oud (пробник),Парфюмерия,,False
34366,Блеск для губ colourbox - персик,Макияж,,False
34367,Сакура,Макияж,medium,True
34368,Роза,Макияж,medium,True
34369,Фуксия,Макияж,medium,True
34370,Мак,Макияж,medium,True
34371,Слива,Макияж,medium,True
34384,Бальзам для губ colourbox lip pop - роза,Макияж,,False
34385,Коралл,Макияж,medium,True
34386,Фуксия,Макияж,high,True
34387,Малина,Макияж,high,True
34417,Антивозрастное молочко для снятия макияжа optimals age revive (пробник),Макияж,,False
34418,Антивозрастной тоник optimals age revive (пробник),Уход за лицом,,False
34419,Антивозрастной крем для кожи вокруг глаз optimals age revive (пробник),Уход за лицом,,False
34420,Антивозрастная сыворотка для лица optimals age revive (пробник),Уход за лицом,,False
34421,Защитный крем-флюид против пигментации even out (пробник),Уход за лицом,,False
34422,Дневной крем против пигментации spf 20 optimals even out (пробник),Уход за лицом,,False
34423,Ночной крем против пигментации optimals even out (пробник),Уход за лицом,,False
34424,Сыворотка против пигментации even out (пробник),Уход за лицом,,False
34425,Крем против пигментации для кожи вокруг глаз even out (пробник),Уход за лицом,,False
34426,Пенка для умывания против пигментации even out (пробник),Уход за лицом,,False
34427,Тоник против пигментации even out (пробник),Уход за лицом,,False
34436,Увлажняющая сыворотка для лица для всех типов кожи optimals hydra (пробник),Уход за лицом,,False
34445,Праймер для век the one,Макияж,,False
34447,Сияющая пудра в шариках giordani gold,Макияж,,False
34461,Гель для душа «джунгли коста-рики»,Уход за телом,,False
34462,Мыло «джунгли коста-рики»,Уход за телом,,False
34463,Гель для душа «голливудская мечта»,Уход за телом,,False
34464,Мыло «голливудская мечта»,Уход за телом,,False
34465,Гель для душа «неизведанная камчатка»,Уход за телом,,False
34466,Мыло «неизведанная камчатка»,Уход за телом,,False
34471,Туалетная вода be the wild legend,Парфюмерия,,False
34475,Туалетная вода divine royal,Парфюмерия,,False
34477,Скраб для лица «алоэ вера»,Уход за лицом,,False
34478,Туалетная вода glacier fire,Парфюмерия,,False
34482,Парфюмированный спрей для тела north for men fresh,Парфюмерия,,False
34484,Туалетная вода dare to shine,Парфюмерия,,False
34485,Туалетная вода dare to shine (пробник),Парфюмерия,,False
34486,Парфюмированный спрей для тела north for men intense,Парфюмерия,,False
34488,Туалетная вода born to fly for her,Парфюмерия,,False
34490,Туалетная вода born to fly for him,Парфюмерия,,False
34492,Парфюмерная вода magnetista,Парфюмерия,,False
34495,Гель для душа «неизведанная камчатка». большой объем,Уход за телом,,False
34496,Гель для душа «пляжи калифорнии». большой объем,Уход за телом,,False
34498,Защитный гель для интимной гигиены feminelle,Гигиена и полость рта,,False
34499,Успокаивающий гель для интимной гигиены feminelle,Гигиена и полость рта,,False
34500,Освежающий гель для интимной гигиены feminelle,Гигиена и полость рта,,False
34501,Мягкий гель для интимной гигиены feminelle,Гигиена и полость рта,,False
34504,Смягчающий крем-гель для интимной гигиены feminelle,Гигиена и полость рта,,False
34505,Смягчающий лосьон для интимной гигиены feminelle,Гигиена и полость рта,,False
34506,Парфюмерная вода magnetista,Парфюмерия,,False
34508,Матирующий гель для жирной кожи novage,Уход за лицом,,False
34509,Сыворотка для лица против пигментации novage brilliance infinite luminosity,Уход за лицом,,False
34510,Дневной крем-лифтинг spf 15 novage ultimate lift contour define,Уход за лицом,,False
34511,Дневной крем-энергетик против первых возрастных признаков novage skinergise ideal perfection spf 30,Уход за лицом,,False
34513,Тени для бровей the one,Макияж,,False
34515,Крем-энергетик для кожи вокруг глаз против первых возрастных признаков novage skinergise ideal perfection,Уход за лицом,,False
34517,Сыворотка-энергетик для лица против первых возрастных признаков novage skinergise ideal perfection,Уход за лицом,,False
34519,Туалетная вода scentsational,Парфюмерия,,False
34522,Мужская парфюмерная вода eclat style,Парфюмерия,,False
34540,Мультифункциональный крем-тон для лица the one a-z hydra spf 30 - светлый,Уход за лицом,,False
34541,Слоновая кость,Макияж,high,True
34542,Естественный,Макияж,high,True
34543,Бежевый,Макияж,high,True
34545,Румяна-бронзер в шариках giordani gold - естественное сияние,Макияж,,False
34546,Персиковое сияние,Макияж,high,True
34547,Сияющая пудра в шариках giordani gold subtle rose - нежно-розовый,Макияж,,False
34549,Ночной крем-лифтинг novage ultimate lift contour define,Уход за лицом,,False
34550,Сыворотка-лифтинг для лица и шеи novage ultimate lift contour define,Уход за лицом,,False
34552,Крем-лифтинг для кожи вокруг глаз novage ultimatelift contour define,Уход за лицом,,False
34580,Тушь с экстремальным объемом the one tremendous - черный,Макияж,,False
34608,Увлажняющая маска для всех типов кожи optimals,Уход за лицом,,False
34612,Увлажняющий гель-крем против старения кожи novage men,Уход за лицом,,False
34613,Увлажняющая энергосыворотка для лица novage men,Уход за лицом,,False
34637,Матирующая компактная пудра giordani gold - слоновая кость,Макияж,,False
34638,Тёплый беж,Макияж,high,True
34645,Румяна в шариках giordani gold. праздничный выпуск,Макияж,,False
34647,Компактная матирующая пудра the one everlasting - светлый,Макияж,,False
34648,Средний,Макияж,medium,True
34649,Тёмный,Макияж,medium,True
34650,Интенсивный тёмный,Макияж,medium,True
34651,Корректирующая пудра-фиксатор the one,Макияж,,False
34662,Стойкий быстросохнущий лак с глянцевым покрытием The ONE Cosmic Gloss - Розовый перламутр,Макияж,high,True
34663,Лиловое облако,Макияж,high,True
34664,Звёздный аметист,Макияж,high,True
34665,Красное искушение,Макияж,high,True
34666,Мерцающий винный,Макияж,high,True
34668,Верхнее покрытие для маникюра с глиттером the one,Уход за руками и ногами,,False
34678,Лак для ногтей colourbox - шампанское,Макияж,,False
34679,Бабл-гам,Макияж,high,True
34680,Клевер,Макияж,high,True
34730,Питательная маска для рук swedish spa,Уход за руками и ногами,,False
34731,Питательный крем для ног «тыквенный пирог»,Уход за руками и ногами,,False
34732,Увлажняющий бальзам-защита для губ spf 20 the one,Уход за лицом,,False
34733,Крем для рук «клюквенный чай»,Уход за руками и ногами,,False
34750,Удлиняющая тушь для ресниц oncolour - черный,Макияж,,False
34751,Удлиняющая тушь-уход для ресниц giordani gold - черный бархат,Макияж,,False
34773,Ультрамягкие тени-кайал для век the one - угольно-черный,Макияж,,False
34774,Дымчатый серый,Макияж,high,True
34775,Насыщенный кофейный,Макияж,high,True
34790,Тени-рефил для век the one - золотистый хаки,Макияж,,False
34791,Тени-рефил для век the one - небесный голубой,Макияж,,False
34792,Благородный серый,Макияж,high,True
34794,Стойкие тени-карандаш для век the one colour unlimited - шампанское,Макияж,,False
34795,Золотой песок,Макияж,high,True
34796,Индиго,Макияж,high,True
34798,Тени для век colourbox - искристая карамель,Макияж,,False
34799,Мерцающая терракота,Макияж,medium,True
34800,Сливовая искра,Макияж,medium,True
34805,Крем для душа divine royal,Уход за телом,,False
34810,Гель для душа sunkiss garden,Уход за телом,,False
34812,Туалетная вода eclat femme weekend. мини-спрей,Парфюмерия,,False
34813,Парфюмерная вода love potion secrets. мини-спрей,Парфюмерия,,False
34814,Парфюмерная вода miss giordani. мини-спрей,Парфюмерия,,False
34817,Отшелушивающий гель для душа «клубника и лайм». большой объем,Уход за телом,,False
34819,Очищающий крем для умывания с органическим алоэ вера и кокосовой водой love nature,Уход за лицом,,False
34820,Освежающий тоник для лица с органическим алоэ вера и кокосовой водой love nature,Уход за лицом,,False
34821,Увлажняющий крем для лица с органическим алоэ вера и кокосовой водой love nature,Уход за лицом,,False
34822,Восстанавливающая маска-скраб 2-в-1 для лица с органическим алоэ вера и кокосовой водой love nature,Уход за лицом,,False
34830,Крем для душа «кунжутное масло и магнолия»,Уход за телом,,False
34831,Лосьон для тела «кунжутное масло и магнолия»,Уход за телом,,False
34832,Шампунь для окрашенных волос «гранат и овес»,Уход за волосами,,False
34833,Кондиционер для окрашенных волос «гранат и овес»,Уход за волосами,,False
34840,Гель для душа «фруктовый микс»,Уход за телом,,False
34841,Очищающий гель для умывания с органическим чайным деревом и лаймом love nature,Уход за лицом,,False
34842,Жидкое мыло для рук «фруктовый микс»,Уход за руками и ногами,,False
34843,Сужающий поры тоник для лица с органическим чайным деревом и лаймом love nature,Уход за лицом,,False
34845,Матирующий крем-флюид для лица love nature,Уход за лицом,,False
34847,Жидкое мыло с кардамоном и хлопком essense & co.,Уход за телом,,False
34849,Антибактериальное средство для лица love nature,Уход за лицом,,False
34850,Лосьон с кардамоном и хлопком essense & co.,Уход за телом,,False
34852,"Средство для душа, волос и умывания north for men urban",Уход за волосами,,False
34855,"Антибактериальный карандаш-корректор "" Чайное дерево """,Макияж,,False
34858,Смягчающая мицеллярная вода с органическим овсом и ягодами годжи love nature,Уход за лицом,,False
34860,Успокаивающая маска для лица с органическим овсом и ягодами годжи love nature,Уход за лицом,,False
34862,Питательный крем для лица с органическим овсом и ягодами годжи love nature,Уход за лицом,,False
34863,Увлажняющая маска для лица «арбуз»,Уход за лицом,,False
34864,Очищающая маска для лица «яблоко»,Уход за лицом,,False
34865,Успокаивающая маска для лица «роза»,Уход за лицом,,False
34872,Очищающая маска-пленка с углем pure skin,Уход за лицом,,False
34878,Пена для ванны velvet passion. мегаобъем,Уход за телом,,False
34882,Мыло с бузиной и бергамотом essense & co.,Уход за телом,,False
34883,Пена для ванн «звездные войны»,Уход за телом,,False
34885,Мыло «утиные истории»,Уход за телом,,False
34886,Шампунь для волос и тела «утиные истории»,Уход за волосами,,False
34887,Мыло «русалочка»,Уход за телом,,False
34888,Туалетная вода «русалочка»,Парфюмерия,,False
34890,Солнцезащитный лосьон для лица и тела sun 360 с spf 30,Уход за лицом,,False
34891,Солнцезащитный спрей для лица и тела sun 360 с spf 50,Уход за лицом,,False
34896,Детский солнцезащитный крем для лица и тела sun 360 с spf 50,Уход за лицом,,False
34897,Увлажняющий лосьон после загара sun zone,Уход за телом,,False
34898,Спрей-автозагар sun zone,Уход за телом,,False
34899,Солнцезащитный стик для лица и тела sun 360 с spf 30,Уход за лицом,,False
34906,Пена для бритья north for men urban,Уход за телом,,False
34907,Ночное восстанавливающее масло-эликсир для волос eleo,Уход за волосами,,False
34911,Мыло north for men urban,Уход за телом,,False
34912,Защитный шампунь с эффектом климат-контроля hairx,Уход за волосами,,False
34913,Защитный кондиционер с эффектом климат-контроля hairx,Уход за волосами,,False
34914,Термозащитный спрей HairX Style Smart,Уход за волосами,high,True
34915,Защитная крем-сыворотка с эффектом климат-контроля hairx,Уход за лицом,,False
34919,Лак для волос hairx stylesmart,Уход за волосами,,False
34920,Невидимый гель для укладки волос north for men,Уход за волосами,,False
34922,Крем для рук и тела «молоко и мед - золотая серия». праздничный выпуск,Уход за руками и ногами,,False
34923,Мерцающее масло для тела «молоко и мед - золотая серия». праздничный выпуск,Уход за телом,,False
34924,Мыло «молоко и мед - золотая серия». праздничный выпуск,Уход за телом,,False
34926,Крем для рук «арника»,Уход за руками и ногами,,False
34930,Восстанавливающий крем для рук «алоэ вера»,Уход за руками и ногами,,False
34933,Крем для ног «манго и женьшень»,Уход за руками и ногами,,False
34935,Ночной увлажняющий крем для ног feet up comfort. большой объем,Уход за руками и ногами,,False
34938,Мусс для укладки волос hairx stylesmart,Уход за волосами,,False
34939,Спрей-блеск для волос hairx stylesmart,Уход за волосами,,False
34955,Крем для рук «искры любви»,Уход за руками и ногами,,False
35010,V стойкий лак для ногтей the one - зеленый чай латте,Макияж,,False
35011,Лак для ногтей The ONE - Лимонный чизкейк,Макияж,high,True
35012,Лак для ногтей The ONE - Ягодный йогурт,Макияж,high,True
35013,Лак для ногтей The ONE - Лавандовый раф,Макияж,high,True
35014,Лак для ногтей The ONE - Мятный леденец,Макияж,high,True
35057,Туалетная вода «звездные войны»,Парфюмерия,,False
35070,Питательная маска для лица «какао»,Уход за лицом,,False
35071,Маска-пленка для сияния кожи «личи»,Уход за лицом,,False
35073,Интенсивный антивозрастной крем для рук с spf 25 novage,Уход за руками и ногами,,False
35074,Разглаживающая тканевая маска для лица novage,Уход за лицом,,False
35075,Ночной крем-энергетик против первых возрастных признаков novage skinergise ideal perfection,Уход за лицом,,False
35076,Концентрированный крем-скульптор для шеи и декольте novage,Уход за лицом,,False
35077,Укрепляющая тканевая маска для лица novage,Уход за лицом,,False
35078,Питательная тканевая маска для лица novage,Уход за лицом,,False
35080,Дневной крем против морщин spf 30 novage ecollagen wrinkle power (пробник),Уход за лицом,,False
35081,Крем для кожи вокруг глаз против морщин novage ecollagen wrinkle power (пробник),Уход за лицом,,False
35082,Ночной крем против морщин novage ecollagen wrinkle power (пробник),Уход за лицом,,False
35083,Сыворотка для лица против морщин novage ecollagen wrinkle power (пробник),Уход за лицом,,False
35084,Очищающий гель-тоник для умывания novage (пробник),Уход за лицом,,False
35103,Карандаш для глаз colourbox - бежевый,Макияж,,False
35104,Блестящий синий,Макияж,medium,True
35115,Консилер Giordani Gold MasterCreation - Светлый,Макияж,high,True
35116,Консилер Giordani Gold MasterCreation - Средний,Макияж,high,True
35118,Губная помада colourbox confetti - мягкая корица,Макияж,,False
35119,Мерцающий нюд,Макияж,medium,True
35120,Пыльная роза,Макияж,medium,True
35121,Розовое мерцание,Макияж,medium,True
35122,Искристый рубин,Макияж,medium,True
35123,Винный блеск,Макияж,,False
35124,Сочная черешня,Макияж,medium,True
35125,Спелая слива,Макияж,medium,True
35127,Губная помада colourbox kiss me - розовый нюд,Макияж,,False
35128,Искристый розовый,Макияж,medium,True
35129,Яркая фуксия,Макияж,medium,True
35130,Насыщенный красный,Макияж,medium,True
35131,Мягкий вишневый,Макияж,medium,True
35138,Лак для ногтей colourbox - золотая пыльца,Макияж,,False
35139,Рубиновый блеск,Макияж,,False
35140,Голубой иней,Макияж,medium,True
35144,Мыло «приятный сюрприз»,Уход за телом,,False
35145,"Крем для лица и тела "" Каштан """,Уход за волосами,,False
35146,"Крем для душа "" Каштан """,Уход за волосами,,False
35149,Крем для лица и тела wild blueberry,Уход за лицом,,False
35155,Губная помада the one colour obsession - ванильное небо,Макияж,,False
35156,Тюльпанная лихорадка,Макияж,medium,True
35157,Дикая роза,Макияж,high,True
35158,Розовая пантера,Макияж,high,True
35159,Земляничная поляна,Макияж,high,True
35160,Заводной апельсин,Макияж,high,True
35161,Красная жара,Макияж,high,True
35162,Гранатовый браслет,Украшения,,False
35163,Черничные ночи,Макияж,high,True
35164,Вишневая бомба,Макияж,high,True
35166,Ультракремовая губная помада 5-в-1 the one colour stylist ultimate - нежная роза,Макияж,,False
35167,Карамельный беж,Макияж,high,True
35168,Розовое дерево,Макияж,high,True
35169,Пыльная роза,Макияж,high,True
35170,Цветущий клевер,Макияж,high,True
35171,Розовый пион,Макияж,high,True
35172,Дикая роза,Макияж,high,True
35173,Нежная фуксия,Макияж,high,True
35174,Брусничный джем,Макияж,high,True
35175,Мягкий вишневый,Макияж,high,True
35176,Яркая фуксия,Макияж,high,True
35177,Сочный малиновый,Макияж,high,True
35178,Спелая клубника,Макияж,high,True
35179,Солнечный коралл,Макияж,high,True
35180,Красный апельсин,Макияж,high,True
35181,Алый закат,Макияж,high,True
35182,Губная помада Colour Stylist Ultimate - Гранатовый сок,Макияж,high,True
35183,Губная помада Colour Stylist Ultimate - Карминный красный,Макияж,high,True
35184,Губная помада Colour Stylist Ultimate - Красное вино,Макияж,high,True
35185,Губная помада Colour Stylist Ultimate - Черная смородина,Макияж,high,True
35186,Губная помада Colour Stylist Ultimate - Глубокий терракотовый,Макияж,high,True
35187,Губная помада Colour Stylist Ultimate - Зимняя слива,Макияж,high,True
35188,Шоколадный крем,Уход за лицом,,False
35189,Губная помада Colour Stylist Ultimate - Сливовый тауп,Макияж,high,True
35190,Губная помада Colour Stylist Ultimate - Ежевичный мусс,Макияж,high,True
35191,Губная помада Colour Stylist Ultimate - Ночная фиалка,Макияж,high,True
35196,Румяна в шариках giordani gold. праздничный выпуск,Макияж,,False
35198,Омолаживающая сыворотка для лица и шеи novage time restore (пробник),Уход за лицом,,False
35200,Омолаживающий крем для контура глаз и губ novage time restore (пробник),Уход за лицом,,False
35210,Крем для кожи вокруг глаз против пигментации novage bright sublime (пробник),Уход за лицом,,False
35211,Сыворотка для лица против пигментации novage bright sublime (пробник),Уход за лицом,,False
35213,Матирующая пудровая тон. основа giordani gold metamorphosis - фарфоровый (холодный),Макияж,,False
35214,Тональное средство - Слоновая кость (теплый),Макияж,medium,True
35215,Тональное средство - Естественный беж (холодный),Макияж,medium,True
35217,Тональное средство - Корица (теплый),Макияж,medium,True
35221,Губная помада the one colour obsession - ванильное небо (пробник),Макияж,,False
35222,Блеск для губ The ONE Colour Obsession (пробник) - Тюльпанная лихорадка,Макияж,high,True
35223,Блеск для губ The ONE Colour Obsession (пробник) - Дикая роза,Макияж,medium,True
35224,Блеск для губ The ONE Colour Obsession (пробник) - Розовая пантера,Макияж,medium,True
35225,Блеск для губ The ONE Colour Obsession (пробник) - Земляничная поляна,Макияж,medium,True
35226,Блеск для губ The ONE Colour Obsession (пробник) - Заводной апельсин,Макияж,medium,True
35227,Блеск для губ The ONE Colour Obsession (пробник) - Красная жара,Макияж,medium,True
35228,Гранатовый браслет (пробник),Украшения,,False
35229,Блеск для губ The ONE Colour Obsession (пробник) - Черничные ночи,Макияж,medium,True
35230,Блеск для губ The ONE Colour Obsession (пробник) - Вишневая бомба,Макияж,medium,True
35231,Средство для умывания и скраба 2-в-1 novage men (пробник),Уход за лицом,,False
35232,Тонизирующий гель для кожи вокруг глаз novage men (пробник),Уход за лицом,,False
35233,Подарочный набор специальных смягчающих средств,Наборы,,False
35235,Преображающая тон. основа giordani gold mastercreation spf 18 - холодный фарфоровый,Макияж,,False
35236,Тональное средство - Теплый ванильный,Макияж,medium,True
35237,Тональное средство - Теплый нюд,Макияж,medium,True
35238,Тональная основа Giordani Gold MasterCreation SPF 18 - Слоновая кость,Макияж,high,True
35239,Тональная основа Giordani Gold MasterCreation SPF 18 - Холодный бежевый,Макияж,high,True
35240,Тональная основа Giordani Gold MasterCreation SPF 18 - Теплый бежевый,Макияж,high,True
35243,Шариковый дезодорант-антиперспирант leader,Дезодоранты,,False
35244,Гель для душа leader,Уход за телом,,False
35260,Удлиняющая тушь с металлическим аппликатором gg - бархатный черный,Макияж,,False
35262,Лак для ногтей colourbox - желтый,Макияж,,False
35263,Лак для ногтей COLOURBOX - Зеленый,Макияж,high,True
35264,Лак для ногтей COLOURBOX - Синий,Макияж,high,True
35265,Лак для ногтей COLOURBOX - Белый,Макияж,high,True
35304,Стойкая тональная основа the one everlasting - светлый фарфоровый,Макияж,,False
35328,Дневной крем-лифтинг spf 15 novage ultimate lift (пробник),Уход за лицом,,False
35332,Омолаживающий дневной крем spf 15 novage time restore (пробник),Уход за лицом,,False
35333,Омолаживающий ночной крем novage time restore (пробник),Уход за лицом,,False
35339,Дневной крем против пигментации spf 20 novage bright sublime (пробник),Уход за лицом,,False
35340,Ночной крем против пигментации novage bright sublime (пробник),Уход за лицом,,False
35394,Матовая губная помада металлик «икона стиля» gg - сияющий нюд,Макияж,,False
35395,Матовая губная помада Giordani Gold «Икона стиля» Металлик - Холодная роза,Макияж,high,True
35396,Матовая губная помада Giordani Gold «Икона стиля» Металлик - Рубиновое мерцание,Макияж,high,True
35397,Матовая губная помада Giordani Gold «Икона стиля» Металлик - Морозный аметист,Макияж,high,True
35398,Матовая губная помада Giordani Gold «Икона стиля» Металлик - Гранатовый кристалл,Макияж,high,True
35403,Туалетная вода «минни маус»,Парфюмерия,,False
35404,Туалетная вода «микки маус»,Парфюмерия,,False
35406,Гель для умывания для нормальной и комбинированной кожи optimals hydra radiance,Уход за лицом,,False
35408,Тоник для нормальной и комбинированной кожи optimals hydra radiance,Уход за лицом,,False
35409,Матирующий очищающий гель для жирной кожи optimals hydra,Уход за лицом,,False
35410,Матирующий тоник для жирной кожи optimals hydra,Уход за лицом,,False
35412,Очищающий крем-гель для сухой и чувствительной кожи optimals hydra,Уход за лицом,,False
35413,Мягкий тоник для сухой и чувствительной кожи optimals hydra,Уход за лицом,,False
35416,Энергетический бустер для лица optimals,Уход за лицом,,False
35418,Обновляющий бустер для лица optimals,Уход за лицом,,False
35424,Жидкая подводка oncolour - черный,Макияж,,False
35425,Удлиняющая тушь с эффектом наращивания ресниц the one lash extension - черный,Макияж,,False
35426,Восстанавливающая маска для лица с малиной и мятой love nature,Уход за лицом,,False
35427,Маска для сияния кожи лица с апельсином и инжиром love nature,Уход за лицом,,False
35428,Очищающая маска для лица с рисом и белым чаем love nature,Уход за лицом,,False
35431,Губная помада colourbox lovestruck - морозный беж,Макияж,,False
35432,Губная помада COLOURBOX Lovestruck - Нежный персик,Макияж,high,True
35433,Губная помада COLOURBOX Lovestruck - Арбузный леденец,Макияж,medium,True
35434,Губная помада COLOURBOX Lovestruck - Ароматное какао,Макияж,medium,True
35435,Губная помада COLOURBOX Lovestruck - Малиновый пунш,Макияж,medium,True
35439,Мыло «нежная роза»,Уход за телом,,False
35441,Мультизащитный дневной крем с spf 30 optimals,Уход за лицом,,False
35443,Подарочный набор специальных смягчающих средств,Наборы,,False
35447,Крем для рук «приятный сюрприз»,Уход за руками и ногами,,False
35462,Пенка для умывания против пигментации optimals even out,Уход за лицом,,False
35463,Тоник против пигментации optimals even out,Уход за лицом,,False
35465,Губная помада с эффектом сияния the one power shine hd - ослепительный беж,Макияж,,False
35466,Губная помада The ONE Power Shine HD - Персиковый сорбет,Макияж,high,True
35467,Губная помада The ONE Power Shine HD - Розовое шампанское,Макияж,high,True
35468,Губная помада The ONE Power Shine HD - Свежий клевер,Макияж,medium,True
35469,Губная помада The ONE Power Shine HD - Манящая малина,Макияж,medium,True
35470,Губная помада The ONE Power Shine HD - Вишневый леденец,Макияж,medium,True
35471,Ягодный коктейль,Wellness и питание,,False
35472,Губная помада The ONE - Искристый винный,Макияж,medium,True
35474,Губная помада the one colour obsession - кофе с собой,Макияж,,False
35475,Тинт для губ The ONE Colour Obsession - Розовый восторг,Макияж,high,True
35476,Тинт для губ The ONE Colour Obsession - Красавица фиалка,Макияж,high,True
35477,Стойкий быстросохнущий лак с глянцевым покрытием The ONE - Горячий красный,Макияж,high,True
35478,Стойкий быстросохнущий лак с глянцевым покрытием The ONE - Пряная вишня,Макияж,high,True
35479,Дневной крем-энергетик novage skinergise ideal perfection spf 30 (пробник),Уход за лицом,,False
35480,Ночной крем-энергетик novage skinergise ideal perfection (пробник),Уход за лицом,,False
35481,Сыворотка-энергетик для лица против первых возрастных признаков novage skinergise ideal perfection (пробник),Уход за лицом,,False
35482,Крем-энергетик novage skinergise ideal perfection (пробник),Уход за лицом,,False
35531,Туалетная вода so fever together him,Парфюмерия,,False
35532,Парфюмерная вода so fever together,Парфюмерия,,False
35533,Туалетная вода so fever together him (пробник),Парфюмерия,,False
35534,Туалетная вода so fever together her,Парфюмерия,,False
35545,"Очищающее молочко "" Королевский бархат """,Уход за лицом,,False
35546,"Смягчающий гель-тоник "" Королевский бархат """,Уход за лицом,,False
35551,"Парфюмированный тальк для тела "" Цветочная фантазия """,Парфюмерия,,False
35552,"Парфюмированный тальк для тела "" Нежность сандала """,Парфюмерия,,False
35553,"Парфюмированный тальк для тела "" Мятная прохлада """,Парфюмерия,,False
35555,Стойкий быстросохнущий лак с глянцевым покрытием The ONE - Молочный розовый,Макияж,high,True
35556,Стойкий быстросохнущий лак с глянцевым покрытием The ONE - Тёплый беж,Макияж,high,True
35557,Стойкий быстросохнущий лак с глянцевым покрытием The ONE - Цветущий клевер,Макияж,high,True
35558,Стойкий быстросохнущий лак с глянцевым покрытием The ONE - Горная лаванда,Макияж,high,True
35561,Стойкий быстросохнущий лак с глянцевым покрытием The ONE - Бирюзовая волна,Макияж,high,True
35562,Стойкий быстросохнущий лак с глянцевым покрытием The ONE - Сияющий индиго,Макияж,high,True
35563,Стойкий быстросохнущий лак с глянцевым покрытием The ONE - Ягодный десерт,Макияж,high,True
35564,Стойкий быстросохнущий лак с глянцевым покрытием The ONE - Ночная орхидея,Макияж,high,True
35566,Кремовая роза,Уход за лицом,,False
35567,Стойкий быстросохнущий лак с глянцевым покрытием The ONE - Арбузный сок,Макияж,high,True
35568,Стойкий быстросохнущий лак с глянцевым покрытием The ONE - Красный мак,Макияж,high,True
35569,Стойкий быстросохнущий лак с глянцевым покрытием The ONE - Рубиновый красный,Макияж,high,True
35570,Стойкий быстросохнущий лак с глянцевым покрытием The ONE - Томный бордо,Макияж,high,True
35571,Гранатовый браслет,Украшения,,False
35572,Стойкий быстросохнущий лак с глянцевым покрытием The ONE - Чёрный оникс,Макияж,high,True
35573,Стойкий быстросохнущий лак с глянцевым покрытием The ONE - Сладкая лакрица,Макияж,high,True
35574,Стойкий быстросохнущий лак с глянцевым покрытием The ONE - Золотистая роза,Макияж,high,True
35576,Очищающая маска-скраб 2-в-1 для лица с органическим чайным деревом и лаймом love nature,Уход за лицом,,False
35578,Мужская парфюмерная вода eclat style,Парфюмерия,,False
35587,База под макияж giordani gold mastercreation,Макияж,,False
35590,Освежающий крем-гель для кожи вокруг глаз с органическим алоэ вера и кокосовой водой love nature,Уход за лицом,,False
35630,Подарочный парфюмерный набор divine,Наборы,,False
35631,Дневной крем-лифтинг spf 15 novage ultimate lift contour define (пробник),Уход за лицом,,False
35632,Ночной крем-лифтинг novage ultimate lift contour define (пробник),Уход за лицом,,False
35633,Сыворотка-лифтинг для лица и шеи novage ultimate lift contour define (пробник),Уход за лицом,,False
35634,Крем-лифтинг для кожи вокруг глаз novage ultimate lift contour define (пробник),Уход за лицом,,False
35639,Bb-крем c spf 10 oncolour - светлый,Уход за лицом,,False
35640,Тональное средство - Естественный,Макияж,medium,True
35641,Тональное средство - Средний,Макияж,medium,True
35649,Туалетная вода eclat amour,Парфюмерия,,False
35650,Туалетная вода eclat amour,Парфюмерия,,False
35651,Туалетная вода для него eclat toujours,Парфюмерия,,False
35652,Туалетная вода eclat toujours,Парфюмерия,,False
35653,Парфюмерная вода infinita,Парфюмерия,,False
35654,Парфюмерная вода infinita,Парфюмерия,,False
35656,Туалетная вода joyce rose,Парфюмерия,,False
35658,Туалетная вода joyce turquoise,Парфюмерия,,False
35661,Парфюмерная вода volare moments,Парфюмерия,,False
35662,Парфюмерная вода volare moments,Парфюмерия,,False
35663,Туалетная вода mister giordani aqua,Парфюмерия,,False
35664,Туалетная вода mister giordani aqua,Парфюмерия,,False
35665,Туалетная вода glacier,Парфюмерия,,False
35666,Туалетная вода glacier,Парфюмерия,,False
35667,Туалетная вода glacier rock,Парфюмерия,,False
35668,Туалетная вода glacier rock,Парфюмерия,,False
35669,Туалетная вода glacier fire,Парфюмерия,,False
35670,Туалетная вода glacier fire,Парфюмерия,,False
35673,Туалетная вода debonair,Парфюмерия,,False
35674,Туалетная вода debonair,Парфюмерия,,False
35676,Туалетная вода joyce jade,Парфюмерия,,False
35679,Духи all or nothing,Парфюмерия,,False
35681,Парфюмерная вода amber elixir mystery,Парфюмерия,,False
35683,Смягчающее мыло-уход,Уход за телом,,False
35684,Антивозрастное очищающее молочко optimals age revive,Уход за лицом,,False
35685,Антивозрастной тоник optimals age revive,Уход за лицом,,False
35727,Тушь с эффектом кошачьих глаз the one tremendous - черный,Макияж,,False
35742,Подводка для глаз the one wonder liner - чёрный,Макияж,,False
35744,Дневной крем против пигментации spf 30 novage brilliance infinite luminosity,Уход за лицом,,False
35745,Ночной крем против пигментации novage brilliance infinite luminosity,Уход за лицом,,False
35746,Крем для кожи вокруг глаз против пигментации novage brilliance infinite luminosity,Уход за лицом,,False
35759,Желе для лица и тела после загара sun 360,Уход за лицом,,False
35760,Солнцезащитный крем для чувствительной кожи лица и тела sun 360 с spf 50,Уход за телом,,False
35764,Очищающее средство для лица 3-в-1 essentials,Уход за лицом,,False
35765,Увлажняющая маска для лица essentials,Уход за лицом,,False
35766,Питательный бальзам для губ essentials,Макияж,,False
35767,Универсальный увлажняющий крем для лица и тела essentials,Уход за лицом,,False
35769,Осветляющий крем для лица с spf 10 fairness essentials,Уход за лицом,,False
35771,Очищающее средство для лица 3-в-1 fairness essentials,Уход за лицом,,False
35772,Детский многофункциональный бальзам baby o,Уход за лицом,,False
35773,Детское масло для кожи Baby O,Уход за телом,high,True
35774,Крем под подгузник baby o,Уход за лицом,,False
35775,Детский шампунь для волос и тела baby o,Уход за волосами,,False
35776,Очищающее молочко для кожи под подгузником baby o,Уход за лицом,,False
35778,Адаптивная тон. основа the one everlasting sync spf 30 - холодный алебастровый,Макияж,,False
35779,Адаптивная тональная основа the one - нейтральный ванильный,Макияж,,False
35780,Тональное средство - Холодный фарфоровый,Макияж,medium,True
35781,Тональное средство - Нейтральный нюд,Макияж,medium,True
35782,Тональная основа - Холодный розовый,Макияж,high,True
35783,Тональная основа - Нейтральный беж,Макияж,high,True
35784,Тональная основа - Теплый песочный,Макияж,high,True
35785,Тональная основа - Естественный беж,Макияж,high,True
35786,Тональная основа - Нейтральный оливковый,Макияж,high,True
35787,Тональная основа - Теплый беж,Макияж,high,True
35807,Специальное смягчающее средство с маслом эквадорской розы,Уход за лицом,,False
35808,Специальное смягчающее средство с маслом апельсина,Уход за лицом,,False
35809,Набор специальных смягчающих средств,Наборы,,False
35822,Жидкая губная помада-мусс the one lip sensation - нежный латте,Макияж,,False
35823,Сливочная помадка,Макияж,,False
35824,Губная помада-мусс The ONE Lip Sensation - Ореховое пралине,Макияж,high,True
35825,Губная помада-мусс The ONE Lip Sensation - Соленая карамель,Макияж,high,True
35826,Губная помада-мусс The ONE Lip Sensation - Пряное какао,Макияж,high,True
35827,Губная помада-мусс The ONE Lip Sensation - Насыщенный мокко,Макияж,high,True
35828,Губная помада-мусс The ONE Lip Sensation - Глубокий бордо,Макияж,high,True
35829,Губная помада-мусс The ONE Lip Sensation - Темный шоколад,Макияж,high,True
35830,Жидкое мыло для рук и тела с ирисом и шалфеем essense&co.,Уход за руками и ногами,,False
35831,Лосьон для рук и тела с ирисом и шалфеем essense&co.,Уход за руками и ногами,,False
35832,Мыло с ирисом и шалфеем essense&co.,Уход за телом,,False
35833,Жидкое мыло для рук и тела с зелёным мандарином и флёрдоранжем essense&co.,Уход за руками и ногами,,False
35834,Лосьон для рук и тела с зелёным мандарином и флёрдоранжем essense&co.,Уход за руками и ногами,,False
35835,Сыворотка-рязмягчитель мозолей и натоптышей feet up anvanced,Уход за лицом,,False
35836,Крем для ног «имбирь и мандарин»,Уход за руками и ногами,,False
35837,Средство для распаривания кожи стоп «имбирь и мандарин»,Одежда и текстиль,,False
35838,Мыло «мини-маппеты»,Уход за телом,,False
35839,Мыло «король лев»,Уход за телом,,False
35840,Детская зубная паста «мини-маппеты»,Гигиена и полость рта,,False
35841,Шампунь для волос и тела «король лев»,Уход за волосами,,False
35842,Мыло disney pixar «история игрушек 4»,Уход за телом,,False
35843,Шампунь для волос и тела disney pixar «история игрушек 4»,Уход за волосами,,False
35844,Туалетная вода disney pixar «история игрушек 4»,Парфюмерия,,False
35846,Питательный крем для рук «кокос»,Уход за руками и ногами,,False
35847,Крем для душа «весенний букет»,Уход за телом,,False
35848,Крем для рук «весенний букет»,Уход за руками и ногами,,False
35851,Освежающий спрей-дезодорант для ног «зеленое яблоко и мята»,Дезодоранты,,False
35852,Пена для ванны festive wonderland,Уход за телом,,False
35853,Мыло festive wonderland,Уход за телом,,False
35854,Крем для рук festive wonderland,Уход за руками и ногами,,False
35859,Спрей-блеск для волос и тела crystologie,Уход за волосами,,False
35861,Крем для душа wild blueberry,Уход за телом,,False
35864,Защитный гель для бритья novage men,Уход за лицом,,False
35865,Успокаивающий крем-гель после бритья novage men,Уход за лицом,,False
35870,Пена для бритья и умывания 2-в-1 north for men subzero,Уход за лицом,,False
35877,Увлажняющий гель после бритья north for men subzero,Уход за телом,,False
35878,Шампунь для волос и тела north for men subzero,Уход за волосами,,False
35880,Шариковый дезодорант-антиперспирант north for men subzero,Дезодоранты,,False
35887,Мыло north for men subzero,Уход за телом,,False
35888,Лосьон для укрощения бороды north for men,Уход за телом,,False
35889,Обновляющее мыло beautanicals,Уход за телом,,False
35890,Восстанавливающий кондиционер для волос beautanicals,Уход за волосами,,False
35891,Восстанавливающий шампунь beautanicals,Уход за волосами,,False
35892,Очищающее средство для душа beautanicals,Уход за лицом,,False
35893,Увлажняющий крем для рук beautanicals,Уход за руками и ногами,,False
35896,Кремовый дезодорант-антиперспирант с осветляющим эффектом activelle,Дезодоранты,,False
35898,Кондиционер-пенка для волос eleo,Уход за волосами,,False
35899,Мыло love letter,Уход за телом,,False
35900,Крем для рук love letter,Уход за руками и ногами,,False
35910,Очищающее средство для сияния лица с органическим абрикосом и апельсином love nature,Уход за лицом,,False
35911,Гель для сияния лица с органическим абрикосом и апельсином Love Nature,Уход за лицом,high,True
35912,Тоник с органическим абрикосом и апельсином love nature,Уход за лицом,,False
35916,Патчи для лица optimals,Уход за лицом,,False
35917,Маска для глубокого увлажнения кожи optimals,Уход за лицом,,False
35918,Успокаивающий бустер для лица optimals,Уход за лицом,,False
35923,Мыло для лица и тела fairness essentials,Уход за лицом,,False
35924,Маска-скраб 2-в-1 fairness essentials,Уход за телом,,False
35926,Шампунь против выпадения волос hairx,Уход за волосами,,False
35931,Кондиционер против выпадения волос hairx,Уход за волосами,,False
35933,Масло для ухода за бородой north for men,Уход за лицом,,False
35934,Парфюмерная вода love potion midnight wish,Парфюмерия,,False
35937,Охлаждающий лосьон для рук и тела «арбуз и лимон»,Уход за руками и ногами,,False
35947,Гель для душа «кокосовая вода и дыня». большой объем,Уход за телом,,False
35948,Шампунь против перхоти «чайное дерево и репейник». большой объем,Уход за волосами,,False
35953,Жидкое мыло для рук и тела с лавандой и амброй milk & honey gold,Уход за руками и ногами,,False
35954,Мыло с лавандой и амброй milk & honey gold,Уход за телом,,False
35956,Крем для рук и тела с лавандой и амброй milk & honey gold,Уход за руками и ногами,,False
35957,Шампунь «молоко и мед – золотая серия»,Уход за волосами,,False
35958,Кондиционер для волос «молоко и мед – золотая серия»,Уход за волосами,,False
35959,Маска для волос «молоко и мед – золотая серия»,Уход за волосами,,False
35960,Крем для душа «молоко и мед - золотая серия»,Уход за телом,,False
35963,Подарочный набор eclat femme weekend,Наборы,,False
35964,Подарочный набор giordani gold original,Наборы,,False
35967,Гель для душа «пляжи калифорнии»,Уход за телом,,False
35968,Мыло «пляжи калифорнии»,Уход за телом,,False
35990,Объемная подкручивающая тушь giordani gold - черный,Макияж,,False
35991,Пробуждающий гель для душа wake up,Уход за телом,,False
35992,Вдохновляющий гель для душа be happy,Уход за телом,,False
35993,Чувственный гель для душа loved up,Уход за телом,,False
35994,Расслабляющий гель для душа chill out,Уход за телом,,False
36000,Туалетная вода soul,Парфюмерия,,False
36002,Туалетная вода signature,Парфюмерия,,False
36004,Туалетная вода lucia,Парфюмерия,,False
36030,Мультифункциональный бальзам для губ the one a-z spf 25 - мягкий персиковый,Макияж,,False
36031,Нежный розовый,Макияж,medium,True
36087,Двусторонний карандаш для глаз oncolour - день & ночь,Макияж,,False
36088,Тени для век - Карамель & Шоколад,Макияж,medium,True
36089,Тени для век - Индиго & Кобальт,Макияж,medium,True
36090,Тени для век - Бирюза & Изумруд,Макияж,medium,True
36091,Тени для век - Сирень & Фиалка,Макияж,medium,True
36093,Парфюмированный крем для тела love potion midnight wish,Парфюмерия,,False
36101,Оттеночный гель-уход для бровей и ресниц oncolour,Макияж,,False
36111,Губная помада с эффектом сияния the one power shine hd - ослепительный беж (пробник),Макияж,,False
36112,Губная помада The ONE Power Shine HD - Персиковый сорбет (пробник),Макияж,high,True
36113,Губная помада The ONE Power Shine HD - Розовое шампанское (пробник),Макияж,high,True
36114,Губная помада The ONE Power Shine HD - Свежий клевер (пробник),Макияж,high,True
36115,Губная помада The ONE Power Shine HD - Манящая малина (пробник),Макияж,high,True
36116,Губная помада The ONE Power Shine HD (пробник) - Вишневый леденец,Макияж,high,True
36117,Ягодный коктейль (пробник),Wellness и питание,,False
36118,Губная помада The ONE Power Shine HD (пробник) - Искристый винный,Макияж,medium,True
36125,Палетка для контуринга The ONE - Светлый,Макияж,high,True
36126,Палетка для контуринга The ONE - Средний,Макияж,high,True
36133,Жидкий хайлайтер the one illuskin,Макияж,,False
36139,Стик для макияжа the one - хайлайтер,Макияж,,False
36140,Стик для макияжа the one - румяна,Макияж,,False
36141,Стик для макияжа the one - бронзер,Макияж,,False
36142,Стик для макияжа the one - средство для контуринга,Уход за лицом,,False
36149,Карандаш для глаз oncolour - черный,Макияж,,False
36150,Карандаш для глаз OnColour - Коричневый,Макияж,high,True
36151,Cмягчающее средство с маслом чёрной смородины,Уход за лицом,,False
36152,Специальное смягчающее средство с маслом малиновых семян,Уход за лицом,,False
36153,Специальное смягчающее средство с маслом маракуйи,Уход за лицом,,False
36154,Мыло warmest wishes,Уход за телом,,False
36169,Протеиновый комплекс,Wellness и питание,,False
36189,Подарочный пакет,Товары для дома и подарки,,False
36190,Мыло с кардамоном и хлопком essense & co.,Уход за телом,,False
36193,Мыло «нежный букет»,Уход за телом,,False
36194,Витаминный крем для лица «папайя»,Уход за лицом,,False
36195,Очищающее средство для лица «папайя»,Уход за лицом,,False
36196,Очищающее средство для лица с питательным комплексом,Уход за лицом,,False
36197,Крем для лица и тела с питательным комплексом,Уход за лицом,,False
36203,Крем для кожи вокруг глаз против пигментации novage brilliance (пробник),Уход за лицом,,False
36206,Ночной крем против пигментации novage brilliance (пробник),Уход за лицом,,False
36217,Жидкая подводка giordani gold - матовый черный,Макияж,,False
36250,Антиоксидантный бустер для лица optimals,Уход за лицом,,False
36487,Мультифункциональный матирующий крем-тон для лица the one a-z hydra spf 30 - светлый,Уход за лицом,,False
36488,Крем-тон для лица The ONE A-Z SPF 30 - Слоновая кость,Макияж,high,True
36489,Крем-тон для лица The ONE A-Z SPF 30 - Естественный,Макияж,high,True
36490,Крем-тон для лица The ONE A-Z SPF 30 - Бежевый,Макияж,high,True
36547,Карандаш-подводка для глаз the one high impact – черная ночь,Макияж,,False
36548,Теплый каштан,Уход за волосами,,False
36549,Карандаш-подводка для глаз The ONE High Impact - Красное дерево,Макияж,high,True
36550,Карандаш-подводка для глаз The ONE High Impact - Лесные травы,Макияж,high,True
36551,Карандаш-подводка для глаз The ONE High Impact - Мокрый асфальт,Макияж,high,True
36552,Карандаш-подводка для глаз the one high impact - дымчатый серый,Макияж,,False
36553,Карандаш-подводка для глаз The ONE High Impact - Звездное небо,Макияж,high,True
36554,Карандаш-подводка для глаз The ONE High Impact - Сияющая бронза,Макияж,high,True
36799,Матовая губная помада giordani gold iconic - бежевый крем,Макияж,,False
36800,Матовая губная помада Giordani Gold Iconic - Нежный имбирь,Макияж,high,True
36801,Матовая губная помада Giordani Gold Iconic - Ангельская роза,Макияж,high,True
36802,Матовая губная помада Giordani Gold Iconic - Цветущий пион,Макияж,high,True
36803,Матовая губная помада Giordani Gold Iconic - Пурпурная фуксия,Макияж,high,True
36804,Матовая губная помада Giordani Gold Iconic - Неоновый коралл,Макияж,high,True
36805,Матовая губная помада Giordani Gold Iconic - Бесконечный красный,Макияж,high,True
36806,Матовая губная помада Giordani Gold Iconic - Кофейная карамель,Макияж,high,True
36807,Матовая губная помада Giordani Gold Iconic - Теплый бордо,Макияж,high,True
36808,Матовая губная помада Giordani Gold Iconic - Пряная слива,Макияж,high,True
37092,Адаптивная тон. основа the one everlasting sync spf 30 - холодный алебастровый (пробник),Макияж,,False
37099,Адаптивная тональная основа the one everlasting sync spf 30 - естественный беж (пробник),Макияж,,False
37213,Туалетная вода wake up,Парфюмерия,,False
37214,Туалетная вода loved up,Парфюмерия,,False
37229,Трафарет для контурирования лица The ONE,Аксессуары,high,True
37230,Карманное зеркало 3 в 1,Аксессуары,,False
37262,Массажёр для кожи головы,Уход за телом,,False
37263,Отшелушивающая губка для душа,Уход за телом,,False
37285,Сухая смесь для коктейля natural balance - клубничный вкус,Wellness и питание,,False
37289,Сухая смесь для коктейля natural balance - шоколадный вкус,Wellness и питание,,False
37290,Сухая смесь для коктейля natural balance - ванильный вкус,Wellness и питание,,False
37293,Протеиновый комплекс,Wellness и питание,,False
37300,Губная помада 5-в-1 с глянцевым финишем the one colour stylist ultimate - сладкий персик,Макияж,,False
37301,Губная помада The ONE Colour Stylist Ultimate - Розовый румянец,Макияж,high,True
37302,Губная помада The ONE Colour Stylist Ultimate - Цветущий клевер,Макияж,high,True
37303,Губная помада The ONE Colour Stylist Ultimate - Нежный сиреневый,Макияж,high,True
37304,Губная помада The ONE Colour Stylist Ultimate - Розовый глянец,Макияж,high,True
37305,Губная помада The ONE Colour Stylist Ultimate - Воздушный коралл,Макияж,high,True
37306,Губная помада The ONE Colour Stylist Ultimate - Стильный красный,Макияж,high,True
37307,Губная помада The ONE Colour Stylist Ultimate - Карминный красный,Макияж,high,True
37308,Губная помада The ONE Colour Stylist Ultimate - Бургундский шик,Макияж,high,True
37309,Губная помада The ONE Colour Stylist Ultimate - Темный шоколад,Макияж,high,True
37313,Цепочка с подвеской из розового кварца,Украшения,,False
37315,Браслет с розовым кварцем,Украшения,,False
37318,Серьги-гвоздики с розовым кварцем,Украшения,,False
37320,Кольцо с розовым кварцем,Украшения,,False
37322,Ожерелье с цветком в бусине,Украшения,,False
37323,Серьги с цветком в бусине,Украшения,,False
37324,Часы с циферблатом под мрамор,Аксессуары,,False
37325,Повязка-ободок с листиками,Аксессуары,,False
37326,Набор металлических браслетов,Наборы,,False
37327,Серьги с круглой подвеской-кистью,Украшения,,False
37328,Комбинированные серьги с асимметричными подвесками,Украшения,,False
37329,Колье-трансформер с асимметричной подвеской,Украшения,,False
37332,Серьги с подвесками-кольцами,Украшения,,False
37333,Комбинированное ожерелье с узлом,Украшения,,False
37389,Платок с анималистичным принтом,Аксессуары,,False
37390,Шарф с кружевной отделкой,Аксессуары,,False
37391,Разноцветный шарф с кистями,Аксессуары,,False
37392,Шарф-накидка с бахромой,Одежда и текстиль,,False
37410,Сменная насадка-спонж для нанесения макияжа,Аксессуары,,False
37412,Пинцет,Аксессуары,,False
37416,Кисть для макияжа,Макияж,,False
37436,"Набор по уходу за бородой, усами и бровями",Наборы,,False
37444,Тональная основа-кушон giordani gold - слоновая кость (теплый),Макияж,,False
37445,Тональная основа-кушон Giordani Gold - Песочный беж (холодный),Макияж,high,True
37446,Тональная основа-кушон Giordani Gold - Естественный беж (теплый),Макияж,high,True
37447,Тональная основа-кушон Giordani Gold - Фарфоровый (теплый),Макияж,high,True
37448,Набор кистей 4-в-1,Наборы,,False
37449,Щипчики для завивки ресниц,Уход за руками и ногами,,False
37456,Силиконовый аппликатор для тональных средств,Макияж,,False
37457,Пинцет для бровей,Макияж,,False
37482,Губная помада 5-в-1 с глянцевым финишем the one colour stylist ultimate - сияющий абрикос,Макияж,,False
37483,Лиловая роза,Макияж,medium,True
37484,Кукольный розовый,Макияж,medium,True
37485,Запеченная карамель,Макияж,medium,True
37503,Губка для душа,Уход за телом,,False
37507,Мочалка для душа,Уход за телом,,False
37513,Мужская мочалка для душа,Уход за телом,,False
37517,Держатель на присосках,Аксессуары,,False
37525,Раскладное зеркало,Аксессуары,,False
37552,Спонж конняку с углем,Аксессуары,,False
37554,Кусачки для ногтей,Макияж,,False
37558,Пемза для ног,Уход за руками и ногами,,False
37559,Шлифовальная пилка для ног,Уход за руками и ногами,,False
37560,Мыло «огни парижа»,Уход за телом,,False
37561,Гель для душа «огни парижа»,Уход за телом,,False
37568,"Кольдкрем с витамином е, маслом канолы и маслом какао essentials",Wellness и питание,,False
37570,Двухшаговая маска-детокс для лица pure skin,Уход за лицом,,False
37578,Сахарная маска-скраб для губ 2 в 1 с мятой и лаймом love nature,Уход за телом,,False
37607,Перчатки для ухода за кожей рук (с сенсорной функцией),Аксессуары,,False
37609,Массажная варежка,Одежда и текстиль,,False
37613,Набор для маникюра,Наборы,,False
37649,Ультракремовая губная помада 5 в 1 the one colour stylist ultimate - нежная роза,Макияж,,False
37650,Карамельный беж,Макияж,medium,True
37651,Розовое дерево,Макияж,medium,True
37652,Пыльная роза,Макияж,medium,True
37653,Цветущий клевер,Макияж,medium,True
37654,Розовый пион,Макияж,medium,True
37655,Дикая роза,Макияж,medium,True
37656,Губная помада THE ONE Colour Stylist Ultimate - Нежная фуксия,Макияж,high,True
37657,Губная помада THE ONE Colour Stylist Ultimate - Брусничный джем,Макияж,high,True
37658,Губная помада THE ONE Colour Stylist Ultimate - Мягкий вишневый,Макияж,high,True
37659,Губная помада THE ONE Colour Stylist Ultimate - Яркая фуксия,Макияж,high,True
37660,Губная помада THE ONE Colour Stylist Ultimate - Сочный малиновый,Макияж,high,True
37661,Губная помада THE ONE Colour Stylist Ultimate - Спелая клубника,Макияж,high,True
37662,Губная помада THE ONE Colour Stylist Ultimate - Алый закат,Макияж,high,True
37663,Губная помада THE ONE Colour Stylist Ultimate - Гранатовый сок,Макияж,high,True
37664,Губная помада THE ONE Colour Stylist Ultimate - Карминный красный,Макияж,high,True
37665,Губная помада THE ONE Colour Stylist Ultimate - Красное вино,Макияж,high,True
37666,Губная помада THE ONE Colour Stylist Ultimate - Чёрная смородина,Макияж,high,True
37667,Губная помада THE ONE Colour Stylist Ultimate - Глубокий терракотовый,Макияж,high,True
37668,Шоколадный крем,Уход за лицом,,False
37689,Перфорированная сумка с косметичкой-клатчем,Аксессуары,,False
37693,Сумка-мессенджер с контрастной отделкой,Аксессуары,,False
37694,Сумка в стиле боулинг,Аксессуары,,False
37701,Сумочка-таблетка с металлическим кольцом,Украшения,,False
37702,Туалетная вода wake up feel good (пробник),Парфюмерия,,False
37703,Туалетная вода loved up feel good (пробник),Парфюмерия,,False
37704,Коралловая сумка-клатч,Аксессуары,,False
37705,Мягкая сумка с косметичкой-клатчем,Аксессуары,,False
37706,Клатч-кошелек с декоративной шнуровкой,Товары для дома и подарки,,False
37708,Солнезащитные очки в пластмассовой оправе,Аксессуары,,False
37715,Губная помада 5 в 1 с эффектом «металлик» the one colour stylist ultimate - платиновый нюд,Макияж,,False
37716,Губная помада THE ONE Colour Stylist Ultimate «Металлик» - Золотой металлик,Макияж,high,True
37717,Губная помада THE ONE Colour Stylist Ultimate «Металлик» - Морозная сирень,Макияж,high,True
37718,Губная помада THE ONE Colour Stylist Ultimate «Металлик» - Бронзовая терракота,Макияж,high,True
37719,Губная помада THE ONE Colour Stylist Ultimate «Металлик» - Алая медь,Макияж,high,True
37720,Губная помада THE ONE Colour Stylist Ultimate «Металлик» - Сияющий коралл,Макияж,high,True
37721,Губная помада THE ONE Colour Stylist Ultimate «Металлик» - Малиновый лёд,Макияж,high,True
37722,Губная помада THE ONE Colour Stylist Ultimate «Металлик» - Вишнёвый сорбет,Макияж,high,True
37723,Губная помада THE ONE Colour Stylist Ultimate «Металлик» - Бургундская сталь,Макияж,high,True
37728,Карандаш для губ the one - нюд,Макияж,,False
37729,Губная помада THE ONE Colour Stylist Ultimate «Металлик» - Карамель,Макияж,medium,True
37730,Губная помада THE ONE Colour Stylist Ultimate «Металлик» - Пыльная роза,Макияж,medium,True
37731,Карандаш для губ The ONE - Розовый,Макияж,high,True
37732,Карандаш для губ The ONE - Малиновый,Макияж,high,True
37733,Карандаш для губ The ONE - Оранжевый,Макияж,high,True
37734,Карандаш для губ The ONE - Красный,Макияж,high,True
37735,Карандаш для губ The ONE - Винный,Макияж,high,True
37736,Карандаш для губ The ONE - Сливовый,Макияж,high,True
37737,Карандаш для губ The ONE - Шоколадный,Макияж,high,True
37738,Помада для бровей the one - светло-коричневый,Макияж,,False
37739,Карандаш для губ The ONE - Коричневый,Макияж,high,True
37740,Карандаш для губ The ONE - Темно-коричневый,Макияж,high,True
37741,Губная помада 5 в 1 с эффектом «металлик» the one colour stylist ultimate - глянцевый шоколад,Макияж,,False
37744,Съемный наплечный ремень,Аксессуары,,False
37748,"Складные домашние балетки, размер 36-38",Одежда и текстиль,high,True
37749,"Складные домашние балетки, размер 39-41",Одежда и текстиль,high,True
37752,Круглая косметичка с плетёным шнуром,Аксессуары,,False
37763,Мужские часы,Аксессуары,,False
37766,Туалетная вода joyce rose,Парфюмерия,,False
37767,Туалетная вода joyce turquoise,Парфюмерия,,False
37769,Парфюмерная вода eclat mon parfum. мини-спрей,Парфюмерия,,False
37770,Парфюмированный спрей-дезодорант для тела love potion,Парфюмерия,,False
37771,Парфюмированный спрей-дезодорант для тела eclat femme weekend,Парфюмерия,,False
37772,Туалетная вода joyce jade,Парфюмерия,,False
37773,Парфюмерная вода possess the secret. мини-спрей,Парфюмерия,,False
37776,Ожерелье со сменными подвесками,Украшения,,False
37783,Складная сумка-шопер,Аксессуары,,False
37841,Комплексный уход против морщин novage ecollagen,Уход за лицом,,False
37842,Комплексный уход против морщин novage ecollagen light,Уход за лицом,,False
37856,Мужские часы с римским циферблатом,Аксессуары,,False
37871,Мужская сумка-рюкзак,Аксессуары,,False
37872,Мужской шарф в полоску,Аксессуары,,False
37896,Лак для ногтей 10-в-1 the one - балерина,Макияж,,False
37897,Лак для ногтей 10-в-1 The ONE - Жемчуг,Макияж,high,True
37898,Лак для ногтей 10-в-1 the one - небеса,Макияж,,False
37899,Лак для ногтей 10-в-1 The ONE - Пастила,Макияж,high,True
37900,Лак для ногтей 10-в-1 The ONE - Гранат,Макияж,high,True
37901,Лак для ногтей 10-в-1 The ONE - Вино,Макияж,high,True
37902,Лак для ногтей 10-в-1 The ONE - Шторм,Макияж,high,True
37903,Лак для ногтей 10-в-1 The ONE - Аметист,Макияж,high,True
37904,Лак для ногтей 10-в-1 The ONE - Медь,Макияж,high,True
37905,Лак для ногтей 10-в-1 The ONE - Серебро,Макияж,high,True
37906,Корректор для лака the one,Макияж,,False
37907,Базовое покрытие для ногтей the one pro wear,Макияж,,False
37908,Защитная основа под лак и глянцевое покрытие 2 в 1 oncolour,Макияж,,False
37952,Двухсторонняя сумка-шопер с косметичкой,Аксессуары,,False
37954,Сумка-торба с принтом под питона,Аксессуары,,False
37956,Сумочка с металлической деталью,Аксессуары,,False
37959,Солнцезащитные очки в светлой оправе,Уход за телом,,False
37964,Шарф с растительным принтом,Аксессуары,,False
37976,Двусторонний карандаш-кушон для бровей giordani gold iconic - светлый,Макияж,,False
37977,Карандаш для губ - Коричневый,Макияж,medium,True
38259,Серьги со съемными разноцветными подвесками,Украшения,,False
38270,Ожерелье с разноцветными кристаллами и съемной подвеской,Украшения,,False
38279,Кольцо с разноцветными кристаллами,Украшения,,False
38281,Трафареты для бровей,Макияж,,False
38283,Стеганая сумочка,Аксессуары,,False
38322,Банный халат,Одежда и текстиль,,False
38335,Щеточка для очищения лица,Аксессуары,high,True
38336,Гелевые наклейки для обуви,Аксессуары,,False
38337,Разделители для педикюра,Уход за руками и ногами,,False
38354,Парфюмерная вода giordani gold essenza sensuale,Парфюмерия,,False
38379,Туалетная вода glacier air,Парфюмерия,,False
38382,Очищающая пенка-комфорт для лица novage skinrelief pro resilient,Уход за лицом,,False
38385,Ночной крем-комфорт novage skinrelief pro resilient,Уход за лицом,,False
38390,Крем-комфорт для кожи вокруг глаз novage skinrelief pro resilient,Уход за лицом,,False
38391,Сыворотка-комфорт для лица novage skinrelief pro resilient,Уход за лицом,,False
38399,Подарочный набор серег,Наборы,,False
38412,Кондиционер для волос eleo,Уход за волосами,,False
38413,Маска для волос eleo,Уход за волосами,,False
38421,Жидкое мыло для рук и тела milk & honey gold. лимитированная серия,Уход за руками и ногами,,False
38422,Мыло milk & honey gold. лимитированная серия,Уход за телом,,False
38423,Крем для рук и тела milk & honey gold. лимитированная серия,Уход за руками и ногами,,False
38459,Жидкая матовая губная помада the one lip sensation - бежевый нюд,Макияж,,False
38460,Нежный розовый,Макияж,medium,True
38461,Жидкая матовая губная помада The ONE Lip Sensation - Цветущий пион,Макияж,high,True
38462,Жидкая матовая губная помада The ONE Lip Sensation - Пряный кофе,Макияж,high,True
38463,Жидкая матовая губная помада the one lip sensation - красный апельсин,Макияж,,False
38464,Жидкая матовая губная помада The ONE Lip Sensation - Классический красный,Макияж,high,True
38465,Жидкая матовая губная помада The ONE Lip Sensation - Стильный бордо,Макияж,high,True
38466,Жидкая матовая губная помада The ONE Lip Sensation - Сливовое вино,Макияж,high,True
38472,Сумка с отделкой-кистями,Аксессуары,,False
38473,Смягчающий крем для ног с черешней и миндальным маслом feet up,Уход за руками и ногами,,False
38478,Мыло frosted dreams,Уход за телом,,False
38481,Пена для ванны sweet daydream,Уход за телом,,False
38485,Мыло love is in the air,Уход за телом,,False
38491,Мыло magic garden,Уход за телом,,False
38492,Крем для рук magic garden,Уход за руками и ногами,,False
38495,Эпилятор-пружинка для лица,Уход за лицом,,False
38497,Парфюмерная вода divine,Парфюмерия,,False
38498,Парфюмерная вода divine exclusive,Парфюмерия,,False
38503,Асимметричное пончо,Одежда и текстиль,high,True
38508,Парфюмерная вода для неё lost in you,Парфюмерия,,False
38509,Парфюмерная вода для него lost in you,Парфюмерия,,False
38514,Туалетная вода women´s collection powdery mimosa,Парфюмерия,,False
38521,Туалетная вода women's collection radiant peony,Парфюмерия,,False
38525,Парфюмерная вода ascendant intense,Парфюмерия,,False
38526,Парфюмированный спрей для тела love potion blossom kiss,Парфюмерия,,False
38527,Парфюмерная вода ascendant intense,Парфюмерия,,False
38531,Парфюмерная вода giordani gold woman,Парфюмерия,,False
38533,Парфюмерная вода giordani gold good as gold,Парфюмерия,,False
38534,Парфюмерная вода (духи) giordani gold essenza blossom,Парфюмерия,,False
38535,Женские духи giordani gold essenza supreme (пробник),Парфюмерия,,False
38538,Парфюмерная вода giordani gold man,Парфюмерия,,False
38540,Духи signature for her,Парфюмерия,,False
38545,Туалетная вода women's collection powdery mimosa (пробник),Парфюмерия,,False
38546,Мужская парфюмерная вода nordic waters,Парфюмерия,,False
38548,Женская парфюмерная вода nordic waters,Парфюмерия,,False
38550,Мужская парфюмерная вода nordic waters,Парфюмерия,,False
38552,Мужская туалетная вода greater,Парфюмерия,,False
38556,Комплекс «омега-3»,Wellness и питание,,False
38557,Комплекс «Астаксантин и экстракт черники»,Wellness и питание,high,True
38558,Комплекс «мультивитамины и минералы» для мужчин,Wellness и питание,,False
38559,Комплекс «мультивитамины и минералы» для женщин,Wellness и питание,,False
38569,Туалетная вода .se blazing warmth,Парфюмерия,,False
38571,Парфюмерная вода .se swedish experience blazing warmth,Парфюмерия,,False
38575,Парфюмерная вода .se swedish experience wild hearts,Парфюмерия,,False
38579,Парфюмерная вода signature for him,Парфюмерия,,False
38585,Шампунь с ценными маслами eleo,Уход за волосами,,False
38587,Духи signature for him,Парфюмерия,,False
38597,Кондиционер для волос с ценными маслами eleo,Уход за волосами,,False
38598,Парфюмерная вода signature for her,Парфюмерия,,False
38599,Маска для волос с ценными маслами eleo,Уход за волосами,,False
38600,Питательное масло для волос eleo,Уход за волосами,,False
38601,Защитное масло для волос eleo,Уход за волосами,,False
38602,Ночное восстанавливающее масло-эликсир для волос eleo,Уход за волосами,,False
38610,Мыло-скраб north for men power max,Уход за телом,,False
38613,Тонизирующий гель после бритья north for men power max,Уход за телом,,False
38614,Гель-скраб для душа north for men power max,Уход за телом,,False
38615,Шариковый дезодорант-антиперспирант north for men power max,Дезодоранты,,False
38665,Губная помада 5 в 1 с эффектом «металлик» the one colour stylist ultimate - платиновый нюд (пробник),Макияж,,False
38674,Расслабляющая туалетная вода feel good (пробник),Парфюмерия,,False
38679,Щетка для очищения лица,Аксессуары,,False
38722,Жидкость для бережного снятия лака The ONE Expert Care,Уход за руками и ногами,high,True
38742,Кремовая губная помада oncolour - розовый нюд,Макияж,,False
38743,Губная помада - Персиковый нюд,Макияж,medium,True
38744,Губная помада - Медовый беж,Макияж,medium,True
38745,Губная помада - Мягкая корица,Макияж,medium,True
38746,Губная помада - Пряное какао,Макияж,medium,True
38747,Губная помада - Терпкий бордо,Макияж,medium,True
38748,Кремовая губная помада oncolour - вишневый шоколад,Макияж,,False
38749,Губная помада - Сливовое вино,Макияж,medium,True
38750,Губная помада - Глубокий красный,Макияж,medium,True
38751,Губная помада - Клюквенный красный,Макияж,medium,True
38752,Кремовая губная помада OnColour - Алый мак,Макияж,high,True
38753,Губная помада - Красный коралл,Макияж,medium,True
38754,Губная помада - Яркий оранжевый,Макияж,medium,True
38755,Губная помада - Спелый абрикос,Макияж,medium,True
38756,Губная помада - Пыльный розовый,Макияж,medium,True
38757,Губная помада - Холодный розовый,Макияж,medium,True
38758,Неоновый розовый,Макияж,high,True
38759,Насыщенный розовый,Макияж,high,True
38760,Розовый пион,Макияж,high,True
38761,Яркая фуксия,Макияж,high,True
38762,Оттеночный бальзам для губ oncolour - нежный красный,Макияж,,False
38763,Нежный розовый,Макияж,high,True
38764,Нежный персиковый,Макияж,high,True
38765,Стойкий блеск для губ the one - глянцевый розовый,Макияж,,False
38766,Глянцевый бежевый,Макияж,high,True
38767,Глянцевый ягодный,Макияж,high,True
38768,Мерцающий розовый,Макияж,high,True
38769,Мерцающая фуксия,Макияж,high,True
38770,Мерцающий вишневый,Макияж,high,True
38771,Сияющий нюд,Макияж,high,True
38772,Сияющий коралловый,Макияж,high,True
38773,Сияющий розовый,Макияж,high,True
38774,Сияющий сливовый,Макияж,high,True
38775,Сиреневый клевер,Макияж,high,True
38776,Теплый ореховый,Макияж,high,True
38777,Сахарный виноград,Макияж,high,True
38778,Пыльный лиловый,Макияж,high,True
38779,Пурпурная орхидея,Макияж,high,True
38784,Стик-карандаш для глаз и губ 2 в 1 oncolour - нюд & шоколад,Макияж,,False
38785,Розовый & синий,Макияж,medium,True
38786,Красный & черный,Макияж,medium,True
38787,Абрикос&слива,Макияж,high,True
38788,Ягодный&серый,Макияж,high,True
38789,Адаптивный блеск для губ oncolour - идеальный розовый,Макияж,,False
38800,Компактная пудра oncolour - фарфоровый,Макияж,,False
38801,Нежный бежевый,Макияж,high,True
38802,Тёплый бежевый,Макияж,high,True
38805,Ухаживающая тональная основа oncolour - фарфоровый,Макияж,,False
38806,Слоновая кость,Макияж,high,True
38807,Естественный беж,Макияж,high,True
38808,Тёмный беж,Макияж,high,True
38810,Компактные румяна oncolour - розовый,Макияж,,False
38811,Коралловый,Макияж,high,True
38814,Палетка теней для век oncolour - пастель,Макияж,,False
38815,Смоки,Макияж,high,True
38828,Очищающее масло для умывания novage,Уход за лицом,,False
38836,Wellosophy wellness pack для мужчин,Wellness и питание,,False
38838,Wellosophy wellness pack для женщин,Wellness и питание,,False
38845,Двойные тени для век giordani gold - розовая дымка,Макияж,,False
38846,Пряный имбирь,Макияж,high,True
38847,Снежный индиго,Макияж,high,True
38848,Золотой шоколад,Макияж,high,True
38849,Лиловый крем,Уход за лицом,,False
38855,Матовая губная помада в мини-формате oncolour - сочный розовый,Макияж,,False
38856,Тёплый коралловый,Макияж,high,True
38857,Спелая вишня,Макияж,high,True
38858,Терпкая слива,Макияж,high,True
38859,Яркий красный,Макияж,high,True
38863,Глянцевая губная помада-кушон the one irresistible touch - чарующая роза,Макияж,,False
38864,Соблазнительный тауп,Макияж,high,True
38865,Обворожительный нюд,Макияж,high,True
38866,Сладкая карамель,Макияж,high,True
38867,Горячий шоколад,Макияж,high,True
38868,Страстный пион,Макияж,high,True
38869,Магнетический пурпур,Макияж,high,True
38870,Губная помада-кушон The ONE Irresistible Touch - Пленительная вишня,Макияж,high,True
38871,Губная помада-кушон The ONE Irresistible Touch - Спелая слива,Макияж,high,True
38872,Губная помада-кушон The ONE Irresistible Touch - Сочная ежевика,Макияж,high,True
38873,Зубная паста для чувствительных зубов optifresh,Гигиена и полость рта,,False
38874,Отбеливающая зубная паста optifresh,Гигиена и полость рта,,False
38883,Мультиактивный бальзам для губ spf 15 the one - розовый,Макияж,,False
38884,Мультиактивный бальзам для губ The ONE SPF 15 - Коралловый,Макияж,high,True
38885,Мультиактивный бальзам для губ The ONE SPF 15 - Малиновый,Макияж,high,True
38890,Питательный коктейль для контроля веса - шоколадный вкус,Wellness и питание,,False
38907,Масло для тела и волос «миндаль»,Уход за волосами,,False
38912,Парфюмированный спрей для тела north for men fresh,Парфюмерия,,False
38913,Парфюмированный спрей для тела north for men intense,Парфюмерия,,False
38914,Туалетная вода be happy,Парфюмерия,,False
38916,Скраб для тела «арбуз и лимон»,Уход за телом,,False
38920,Тени для век oncolour - искрящийся белый,Макияж,,False
38921,Тени для век OnColour Mono - Мерцающий беж,Макияж,high,True
38922,Тени для век oncolour - жемчужный розовый,Макияж,,False
38923,Тени для век OnColour Mono - Серебристый тауп,Макияж,high,True
38924,Тени для век OnColour Mono - Бархатный сливовый,Макияж,high,True
38925,Тени для век OnColour Mono - Серебряное сияние,Макияж,high,True
38926,Тени для век OnColour Mono - Звёздная ночь,Макияж,high,True
38927,Тени для век OnColour Mono - Тёплый кофейный,Макияж,high,True
38928,Тени для век OnColour Mono - Магический чёрный,Макияж,high,True
38929,Объемная тушь для ресниц oncolour - черный,Макияж,,False
38931,Косметичка,Аксессуары,,False
38947,Матовая помада oncolour - оранжевый закат,Макияж,,False
38948,Матовая помада oncolour - мягкий персик,Макияж,,False
38949,Укрепляющее масло для волос eleo,Уход за волосами,,False
38960,Супертушь для ресниц giordani gold - черный,Макияж,,False
38967,Пудра-бронзер giordani gold - песочный,Макияж,,False
38968,Тени для век OnColour Mono - Бронзовый,Макияж,medium,True
38974,Лак для ногтей oncolour - нюд,Макияж,,False
38975,Лак для ногтей oncolour - жемчуг,Макияж,,False
38976,Лак для ногтей OnColour - Латте,Макияж,high,True
38977,Лак для ногтей OnColour - Тауп,Макияж,high,True
38978,Лак для ногтей OnColour - Лаванда,Макияж,high,True
38979,Лак для ногтей oncolour - сирень,Макияж,,False
38980,Лак для ногтей OnColour - Мята,Макияж,high,True
38981,Лак для ногтей OnColour - Незабудка,Макияж,high,True
38982,Лак для ногтей OnColour - Персик,Макияж,high,True
38983,Лак для ногтей OnColour - Пион,Макияж,high,True
38984,Лак для ногтей OnColour - Орхидея,Макияж,high,True
38985,Лак для ногтей OnColour - Фуксия,Макияж,high,True
38986,Лак для ногтей OnColour - Бургундия,Макияж,high,True
38987,Лак для ногтей OnColour - Чили,Макияж,high,True
38988,Лак для ногтей OnColour - Алый,Макияж,high,True
38989,Лак для ногтей OnColour - Нектарин,Макияж,high,True
38990,Лак для ногтей OnColour - Лиловый,Макияж,high,True
38991,Лак для ногтей OnColour - Малина,Макияж,high,True
38992,Лак для ногтей OnColour - Чернослив,Макияж,high,True
38993,Лак для ногтей OnColour - Виноград,Макияж,high,True
38994,Лак для ногтей OnColour - Бордо,Макияж,high,True
38995,Лак для ногтей OnColour - Аметист,Макияж,high,True
38996,Лак для ногтей OnColour - Графит,Макияж,high,True
38997,Лак для ногтей OnColour - Гроза,Макияж,high,True
38998,Лак для ногтей OnColour - Золото,Макияж,high,True
39091,Сияющая губная помада oncolour - сияющий персик,Макияж,,False
39092,Сияющая губная помада OnColour Sparkle - Мерцающий розовый,Макияж,high,True
39093,Сияющая губная помада OnColour Sparkle - Искристый вишневый,Макияж,high,True
39094,Сияющая губная помада OnColour Sparkle - Малиновый лед,Макияж,high,True
39267,Матирующая тональная основа oncolour - фарфоровый,Макияж,,False
39268,Матирующая тональная основа OnColour - Слоновая кость,Макияж,high,True
39269,Матирующая тональная основа OnColour - Естественный беж,Макияж,high,True
39270,Матирующая тональная основа OnColour - Темный беж,Макияж,high,True
39287,Матовый лак для ногтей oncolour - золото,Макияж,,False
39292,Тональный флюид для сияния кожи oncolour - светлый,Макияж,,False
39294,Лак для ногтей oncolour - жидкое золото,Макияж,,False
39295,Сияющий лак для ногтей OnColour - Розовый персик,Макияж,high,True
39296,Сияющий лак для ногтей OnColour - Серебристая слива,Макияж,high,True
39297,Сияющий лак для ногтей OnColour - Пурпурная дымка,Макияж,high,True
39338,Карандаш для бровей oncolour - светлый,Макияж,,False
39339,Карандаш для бровей OnColour - Коричневый,Макияж,high,True
39346,Матовый лак для ногтей oncolour - маув,Макияж,,False
39347,Карандаш для губ OnColour - Герань,Макияж,medium,True
39348,Карандаш для губ OnColour - Фиалка,Макияж,medium,True
39354,Детский шампунь для волос и тела «винни-пух»,Уход за волосами,,False
39356,Мыло «винни-пух»,Уход за телом,,False
39360,Шампунь для волос и тела oriflame disney pixar «тачки»,Уход за волосами,,False
39362,Туалетная вода oriflame disney pixar «тачки»,Парфюмерия,,False
39363,Шампунь-кондиционер 2 в 1 oriflame disney «белоснежка»,Уход за волосами,,False
39364,Туалетная вода oriflame disney «белоснежка»,Парфюмерия,,False
39371,Подводка-кайал для глаз oncolour - черный,Макияж,,False
39377,Гель для душа с океанским аккордом scents & moments,Уход за телом,,False
39378,Освежающее мыло с океанским аккордом scents & moments,Уход за телом,,False
39389,Расслабляющий гель для душа с лавандой scents & moments,Уход за телом,,False
39391,Расслабляющее мыло с лавандой scents & moments,Уход за телом,,False
39393,Успокаивающий гель для душа с миндальным цветом scents & moments,Уход за телом,,False
39397,Успокаивающее мыло с миндальным цветом scents & moments,Уход за телом,,False
39399,Чувственный гель для душа с пионом scents & moments,Уход за телом,,False
39425,Чувственное мыло с пионом scents & moments,Уход за телом,,False
39426,Гель для душа с розовым грейпфрутом scents & moments,Уход за телом,,False
39428,Бодрящее мыло с розовым грейпфрутом scents & moments,Уход за телом,,False
39448,Жидкое мыло для рук и тела с шафраном и пачулями essense&co.,Уход за руками и ногами,,False
39450,Лосьон для рук и тела с шафраном и пачулями essense&co.,Уход за руками и ногами,,False
39454,Мыло с шафраном и пачулями essense&co.,Уход за телом,,False
39463,Карандаш для губ oncolour - теплый коралл,Макияж,,False
39464,Карандаш для губ OnColour - Пыльный розовый,Макияж,high,True
39465,Карандаш для губ OnColour - Натуральный красный,Макияж,high,True
39468,Крем-йогурт для душа с лесными ягодами love nature,Уход за телом,,False
39469,Пена для ванны cozy by the fireplace,Уход за телом,,False
39470,Мыло с лесными ягодами love nature,Уход за телом,,False
39471,Крем для рук cozy by the fireplace,Уход за руками и ногами,,False
39473,Скраб-джем для тела с лесными ягодами love nature,Уход за телом,,False
39476,Мыло cozy by the fireplace,Уход за телом,,False
39494,Крем-йогурт для тела с лесными ягодами love nature,Уход за телом,,False
39523,Охлаждающий крем для ног с арбузом и огурцом feet up,Уход за руками и ногами,,False
39530,Твёрдый шампунь для всех типов волос с авокадо и ромашкой love nature,Уход за волосами,,False
39532,Мыло «чистюля»,Уход за телом,,False
39800,Матовая помада OnColour - Нюдовый беж,Макияж,high,True
39801,Матовая помада OnColour - Нежный лиловый,Макияж,high,True
39802,Матовая помада OnColour - Розовый коралл,Макияж,high,True
39803,Матовая помада OnColour - Розовая вспышка,Макияж,high,True
39804,Матовая помада OnColour - Неоновая фуксия,Макияж,high,True
39805,Матовая помада OnColour - Спелая слива,Макияж,high,True
39806,Матовая помада OnColour - Красный бархат,Макияж,high,True
39807,Матовая помада OnColour - Страстный красный,Макияж,high,True
39913,Консилер в стике oncolour - слоновая кость,Макияж,,False
39914,Лак для ногтей OnColour Flirty - Естественный беж,Макияж,high,True
39915,Кремовая губная помада oncolour flirty - нюдовый пион,Макияж,,False
39916,Лак для ногтей OnColour Flirty - Розовая орхидея,Макияж,high,True
39917,Лак для ногтей OnColour Flirty - Красный лепесток,Макияж,high,True
39918,Лак для ногтей OnColour Flirty - Пурпурная орхидея,Макияж,high,True
39919,Лак для ногтей oncolour flirty - сакура,Макияж,,False
39920,Лак для ногтей OnColour Flirty - Роза,Макияж,high,True
39921,Лак для ногтей OnColour Flirty - Голубика,Макияж,high,True
39929,Пляжное платье-туника с кистями,Одежда и текстиль,high,True
40651,Стойкий быстросохнущий лак с глянцевым покрытием The ONE - Золотая галактика,Макияж,high,True
40652,Стойкий быстросохнущий лак с глянцевым покрытием The ONE - Огненная комета,Макияж,high,True
40653,Звездный пурпур,Макияж,high,True
40654,Лиловый горизонт,Аксессуары,,False
40655,Северное сияние,Макияж,high,True
40657,Кремовая губная помада giordani gold - жемчужный нюд,Макияж,,False
40658,Розовый кварц,Макияж,high,True
40659,Красный гранат,Макияж,high,True
40660,Огненный опал,Макияж,high,True
40661,Жемчужный нюд,Макияж,high,True
40662,Дымчатый топаз,Макияж,high,True
40663,Королевский рубин,Макияж,high,True
40664,Пурпурный сапфир,Макияж,high,True
40667,Туалетная вода glacier extreme,Парфюмерия,,False
40670,База под макияж waunt «выравнивающий эффект»,Макияж,,False
40672,Многофункциональная тушь для ресниц 5 в 1 the one wonder lash xxl - чёрный,Макияж,,False
40682,Набор специальных смягчающих средств,Наборы,,False
40683,Женские духи gg essenza supreme,Парфюмерия,,False
40697,Водостойкая тушь для ресниц 5 в 1 the one wonder lash xxl- черный,Макияж,,False
40712,Мыло crystologie,Уход за телом,,False
40718,Пена для ванны cherry blossom in love. мегаобъем,Уход за телом,,False
40722,Туалетная вода glacier extreme,Парфюмерия,,False
40723,Тушь для ресниц 5 в 1 the one wonder lash xxl - чёрный индиго,Макияж,,False
40727,Сияющая помада oncolour - мерцающий нюд,Макияж,,False
40728,Сахарная карамель,Макияж,high,True
40729,Искристый абрикос,Макияж,high,True
40730,Розовая роса,Макияж,high,True
40731,Яркая фуксия,Макияж,high,True
40732,Сияющий бордо,Макияж,high,True
40733,Красное пламя,Макияж,high,True
40734,Звездный лиловый,Макияж,high,True
40738,Матовая помада oncolour - нюд,Макияж,,False
40739,Алый,Макияж,high,True
40740,Фуксия,Макияж,high,True
40741,Маув,Макияж,high,True
40742,Карандаш-подводка для глаз the one high impact - радужный зеленый,Макияж,,False
40743,Золото бургундии,Макияж,high,True
40745,Питательный суп для контроля веса - грибной вкус,Wellness и питание,,False
40767,Компактные румяна the one - пионовый,Макияж,,False
40768,Розовый,Макияж,high,True
40769,Коралловый,Макияж,high,True
40770,Персиковый,Макияж,high,True
40772,Палитра консилеров the one - светлый,Наборы,,False
40773,Средний,Макияж,high,True
40774,Тёмный,Макияж,high,True
40775,Детский шампунь для волос и тела с яблоком love nature,Уход за волосами,,False
40778,Тёрка для ног,Уход за руками и ногами,,False
40779,Инструмент для удаления мозолей,Уход за руками и ногами,high,True
40781,Шлифовальная пилка для ног,Уход за руками и ногами,,False
40788,Женская парфюмерная вода eclat nuit,Парфюмерия,,False
40790,Мужская парфюмерная вода eclat nuit,Парфюмерия,,False
40792,Набор кремов для рук joyful delights,Наборы,,False
40793,Туалетная вода signature generation for her,Парфюмерия,,False
40794,Дневной крем-комфорт novage skinrelief pro resilient spf 30,Уход за лицом,,False
40797,Туалетная вода signature generation for him,Парфюмерия,,False
40804,Детское мыло с яблоком love nature,Уход за телом,,False
40809,Парфюмерная вода whispers of me,Парфюмерия,,False
40821,Губная помада с эффектом звёздного мерцания giordani gold iconic - сияющий пурпур,Макияж,,False
40822,Переливающаяся роза,Макияж,high,True
40823,Мерцающая бронза,Макияж,high,True
40827,Увлажняющая тон. основа the one illuskin aquaboost spf 20 - ванильный,Макияж,,False
40828,Фарфоровый,Макияж,high,True
40829,Светлый бежевый,Макияж,high,True
40830,Тёплый бежевый,Макияж,high,True
40831,Слоновая кость,Макияж,high,True
40832,Естественный бежевый,Макияж,high,True
40835,Маленькая магнитная палетка-рефил,Товары для дома и подарки,,False
40837,Большая магнитная палетка-рефил,Товары для дома и подарки,,False
40838,Охлаждающий скраб для ног с арбузом и огурцом feet up,Уход за руками и ногами,,False
40840,Парфюмерный набор divine,Наборы,,False
40841,Тушь для ресниц с эффектом веерного объёма oncolour - коричневый,Макияж,,False
40842,Тушь для ресниц с эффектом веерного объёма oncolour - синий,Макияж,,False
40843,Парфюмерный набор eclat femme,Наборы,,False
40844,Детский шампунь для волос и тела с клубникой love nature,Уход за волосами,,False
40845,Детское мыло с клубникой love nature,Уход за телом,,False
40848,Органайзер для косметики,Аксессуары,,False
40849,Жидкий хайлайтер с голографическим эффектом the one,Макияж,,False
40851,Парфюмерная вода magnetista (мини-спрей),Парфюмерия,,False
40861,Парфюмерная вода love potion (мини-спрей),Парфюмерия,,False
40864,Туалетная вода mister giordani [мистер джордани] (мини-спрей),Парфюмерия,,False
40872,Сыворотка-концентрат антивозрастного действия с ретинолом novage proceuticals,Уход за лицом,,False
40874,Сыворотка с 10% витамином с novage proceuticals,Уход за лицом,,False
40877,Мягкая детская зубная щётка optifresh (голубая),Гигиена и полость рта,,False
40878,Сыворотка-пилинг для обновления кожи с 6% содержанием aha-кислот novage proceuticals,Уход за лицом,,False
40880,Сыворотка-концентрат для повышения упругости кожи с пептидами novage proceuticals,Уход за лицом,,False
40898,Набор для макияжа бровей и глаз the one,Наборы,,False
40911,Кремовая губная помада oncolour - имбирный нюд,Макияж,,False
40912,Розовый шоколад,Макияж,high,True
40913,Пряная карамель,Макияж,high,True
40914,Шоколадная крошка,Макияж,high,True
40918,Подарочный набор украшений с розовыми кристаллами,Наборы,,False
40935,Многоразовый спонж для очищения лица,Аксессуары,,False
40947,Лак для ногтей oncolour - шоколадное молоко,Макияж,,False
40948,Пряное какао,Макияж,high,True
40949,Имбирная карамель,Макияж,high,True
40951,Румяна-бронзер в шариках giordani gold - натуральное сияние,Макияж,,False
40952,Нежный загар,Макияж,high,True
40953,Розовое сияние,Макияж,high,True
40954,Золотая бронза,Макияж,high,True
40961,Жидкая матовая помада oncolour - фуксия,Макияж,,False
40962,Огненно-красный,Макияж,high,True
40963,Тёмно-красный,Макияж,high,True
40964,Лиловый,Макияж,high,True
40965,Женские часы на жемчужном браслете,Украшения,,False
40967,"Карандаш 3-в-1 для глаз, губ и щёк OnColour - Ванильная дыня",Макияж,high,True
40968,"Карандаш 3-в-1 для глаз, губ и щёк OnColour - Розовый личи",Макияж,high,True
40969,"Карандаш 3-в-1 для глаз, губ и щёк OnColour - Коралловая папайя",Макияж,high,True
40970,"Карандаш 3-в-1 для глаз, губ и щёк OnColour - Медовая гуава",Макияж,high,True
40971,Палетка теней для век oncolour - шоколадный бум,Макияж,,False
40972,Лак для ногтей oncolour - ванильная дыня,Макияж,,False
40973,"Карандаш 3-в-1 для глаз, губ и щёк OnColour - Розовый личи",Макияж,medium,True
40974,"Карандаш 3-в-1 для глаз, губ и щёк OnColour - Коралловая папайя",Макияж,medium,True
40975,"Карандаш 3-в-1 для глаз, губ и щёк OnColour - Медовая гуава",Макияж,medium,True
40988,Подарочный набор украшений в растительных мотивах,Наборы,,False
40991,Набор для детского маникюра baby o,Наборы,,False
40992,Набор полотенец,Наборы,,False
41008,Вдохновляющее мыло be happy,Уход за телом,,False
41011,Стойкие тени-карандаш для век the one colour unlimited - нюд,Макияж,,False
41012,Стойкие тени-карандаш для век The ONE Colour Unlimited - Кварц,Макияж,high,True
41017,Расслабляющее мыло chill out,Уход за телом,,False
41029,Очищающий гель для лица novage+,Уход за лицом,,False
41032,Очищающее масло для лица novage+,Уход за лицом,,False
41033,Крем для кожи вокруг глаз против пигментации novage+ bright intense,Уход за лицом,,False
41034,Крем для кожи вокруг глаз против морщин novage+ wrinkle smooth,Уход за лицом,,False
41035,Сыворотка для лица против морщин novage+ wrinkle smooth,Уход за лицом,,False
41037,Сыворотка-лифтинг для лица novage+ lift + firm,Уход за лицом,,False
41039,Антивозрастная сыворотка для проблемной кожи novage+ blemish + age defy,Уход за лицом,,False
41040,Сыворотка для лица против пигментации novage+ bright intense,Уход за лицом,,False
41043,Лёгкий мультиактивный дневной крем novage+,Уход за лицом,,False
41044,Лёгкий мультиактивный дневной крем novage+ spf 30,Уход за лицом,,False
41047,Насыщенный мультиактивный дневной крем novage+,Уход за лицом,,False
41048,Насыщенный мультиактивный дневной крем novage+ spf 30,Уход за лицом,,False
41051,Матовая помада с эффектом «металлик» giordani gold iconic - сияющий нюд,Макияж,,False
41052,Перламутровая роза,Макияж,medium,True
41053,Рубиновый красный,Макияж,medium,True
41054,Мерцающий сливовый,Макияж,medium,True
41055,Искристая бронза,Макияж,medium,True
41057,Лёгкий мультиактивный ночной крем novage+,Уход за лицом,,False
41058,Насыщенный мультиактивный ночной крем novage+,Уход за лицом,,False
41059,Мультифункциональный защитный крем для лица spf 50 novage+ proceuticals,Уход за лицом,,False
41065,Длинные серьги-колоски,Украшения,,False
41067,Ожерелье с подвесками-колосками,Украшения,,False
41070,Омолаживающий крем для контура глаз и губ novage+ restore,Уход за лицом,,False
41075,Омолаживающая сыворотка для лица novage+ restore,Уход за лицом,,False
41088,Мужской набор для груминга,Наборы,,False
41098,Парфюмированное мыло lucia,Парфюмерия,,False
41099,Мыло berry merry,Уход за телом,,False
41102,Увлажняющая маска для лица c гранатом love nature,Уход за лицом,,False
41104,Базовое масло Mind & Mood (100 мл),Уход за телом,high,True
41107,Консилер с пребиотической сывороткой giordani gold - светлый,Макияж,,False
41108,Антивозрастной консилер с пребиотической сывороткой Giordani Gold - Средний,Макияж,high,True
41121,Косметичка,Аксессуары,,False
41135,Мочалка для душа в форме цветка,Уход за телом,,False
41141,Крем для рук berry merry,Уход за руками и ногами,,False
41142,Пена для ванны berry merry,Уход за телом,,False
41147,Карандаш для губ the one - нюд,Макияж,,False
41148,Карандаш для губ The ONE Colour Stylist Ultimate - Карамельный,Макияж,high,True
41149,Карандаш для губ The ONE Colour Stylist Ultimate - Пыльная роза,Макияж,high,True
41150,Карандаш для губ The ONE Colour Stylist Ultimate - Розовый,Макияж,high,True
41151,Карандаш для губ The ONE Colour Stylist Ultimate - Малиновый,Макияж,high,True
41152,Карандаш для губ The ONE Colour Stylist Ultimate - Оранжевый,Макияж,high,True
41153,Карандаш для губ The ONE Colour Stylist Ultimate - Красный,Макияж,high,True
41154,Карандаш для губ The ONE Colour Stylist Ultimate - Винный,Макияж,high,True
41155,Карандаш для губ The ONE Colour Stylist Ultimate - Сливовый,Макияж,high,True
41156,Карандаш для губ The ONE - Шоколадный,Макияж,high,True
41163,Духи all or nothing,Парфюмерия,,False
41183,Сыворотка-комфорт для лица novage skinrelief pro resilient (пробник),Уход за лицом,,False
41185,Дневной крем-комфорт novage skinrelief pro resilient spf 30 (пробник),Уход за лицом,,False
41187,Гель-лак для ногтей the one - бежевый крем,Макияж,,False
41188,Гель-лак для ногтей The ONE - Пыльная роза,Макияж,high,True
41189,Гель-лак для ногтей The ONE - Розовый латте,Макияж,high,True
41190,Гель-лак для ногтей The ONE - Сияющий коралл,Макияж,high,True
41191,Гель-лак для ногтей The ONE - Солнечный пион,Макияж,high,True
41192,Гель-лак для ногтей The ONE - Лиловый мусс,Макияж,high,True
41193,Гель-лак для ногтей The ONE - Ягодная мастика,Макияж,high,True
41194,Гель-лак для ногтей The ONE - Золотой песок,Макияж,high,True
41195,Гель-лак для ногтей The ONE - Страстный алый,Макияж,high,True
41196,Гель-лак для ногтей The ONE - Сливовый джем,Макияж,high,True
41217,Теплый халат с белым принтом,Одежда и текстиль,,False
41221,Круглое парео,Одежда и текстиль,,False
41227,Двустороннее пляжное полотенце,Одежда и текстиль,,False
41228,Шарф с помпонами,Аксессуары,,False
41229,Платок-трансформер,Аксессуары,,False
41231,Сумка-трансформер с затягивающейся горловиной,Аксессуары,,False
41232,Носки женские с лисами,Одежда и текстиль,,False
41235,Мужской ремень с перфорацией,Аксессуары,,False
41244,Гелевые подушечки под пятки,Аксессуары,high,True
41247,Гелевые подушечки для задников обуви,Аксессуары,high,True
41249,Подушечки для обуви,Аксессуары,,False
41253,Сумка-корзинка 2-в-1,Аксессуары,,False
41255,Сумочка на пояс 2-в-1,Аксессуары,,False
41260,Ухаживающее мыло с органическим овсом и абрикосом love nature,Уход за телом,,False
41262,Ухаживающий крем для тела с органическим овсом и абрикосом love nature,Уход за телом,,False
41263,Сумка с контрастным клапаном,Аксессуары,,False
41264,Бодрящий гель для душа с органической кокосовой водой и дыней love nature,Уход за телом,,False
41265,Бодрящий гель для душа love nature. большой объём,Уход за телом,,False
41270,Стойкие тени-карандаш для век the one colour unlimited - слива,Макияж,,False
41271,Стойкие тени-карандаш для век The ONE Colour Unlimited - Нефрит,Макияж,high,True
41273,Сумка-баул с контрастным ремнем,Аксессуары,,False
41274,Кошелек-клатч со съемными брошами,Аксессуары,,False
41277,Отшелушивающее мыло с мятой и малиной love nature,Уход за телом,,False
41278,Солнцезащитные очки с прямоугольной оправой,Уход за телом,,False
41279,Солнцезащитные очки с полупрозрачной оправой,Уход за телом,,False
41280,Освежающий гель для душа с зелёным чаем и огурцом love nature,Уход за телом,,False
41281,Освежающее мыло с органическим зелёным чаем и огурцом love nature,Уход за телом,,False
41283,"Питательное масло для тела, лица и волос с органическим авокадо love nature",Уход за волосами,,False
41292,Шампунь для сухих волос с органической пшеницей и кокосом love nature,Уход за волосами,,False
41295,Питательный кондиционер для сухих волос с органической пшеницей и кокосом love nature,Уход за волосами,,False
41298,Горячее масло для сухих волос с органической пшеницей и кокосом love nature,Уход за волосами,,False
41303,Шариковый дезодорант без белых следов activelle,Дезодоранты,,False
41308,Горячее масло для сухих волос с органической пшеницей и кокосом love nature,Уход за волосами,,False
41311,Спрей дезодорант-антиперспирант без белых следов activelle,Дезодоранты,,False
41312,Восстанавливающая маска-смузи для волос с органической папайей love nature,Уход за волосами,,False
41324,Парфюмерная вода amber elixir mystery,Парфюмерия,,False
41327,Антивозрастная тональная основа с пребиотической сывороткой giordani gold - ванильный (холодный),Макияж,,False
41328,Антивозрастная тональная основа Giordani Gold - Фарфоровый (холодный),Макияж,high,True
41329,Антивозрастная тональная основа Giordani Gold - Слоновая кость (холодный),Макияж,high,True
41330,Антивозрастная тональная основа Giordani Gold - Бежевый (тёплый),Макияж,high,True
41331,Антивозрастная тональная основа Giordani Gold - Корица (тёплый),Макияж,high,True
41334,"Защитное масло для тела, лица и волос с органической оливой love nature",Уход за волосами,,False
41335,Крем для рук и ногтей с органическим маслом макадамии love nature,Уход за руками и ногами,,False
41338,Крем для рук с органическим маслом кокоса love nature,Уход за руками и ногами,,False
41340,Солнцезащитный осветляющий крем для лица sun 360 с spf 30,Уход за лицом,,False
41341,Крем для рук с органическим розовым грейпфрутом love nature,Уход за руками и ногами,,False
41352,Плетеная сумочка-таблетка на ремешке-шнурке,Аксессуары,,False
41353,Крем для кожи вокруг глаз waunt «эффект восстановления»,Уход за лицом,,False
41354,Шампунь для жирных волос с органическими лимоном и мятой love nature,Уход за волосами,,False
41355,Увлажняющая сыворотка waunt «эффект сияющей кожи»,Уход за лицом,,False
41359,Шампунь против перхоти love nature,Уход за волосами,,False
41360,Шампунь-уход 2 в 1 для всех типов волос love nature,Уход за волосами,,False
41362,Шампунь-уход 2 в 1 для всех типов волос love nature. большой объём,Уход за волосами,,False
41363,Маска для лица с эффектом пилинга waunt,Уход за лицом,,False
41364,Крем-гель для лица waunt «эффект мгновенного увлажнения»,Уход за лицом,,False
41365,"Дневной крем waunt "" Дзен-эффект """,Уход за лицом,,False
41367,Двусторонний карандаш для глаз oncolour - снег и графит,Макияж,,False
41368,Двусторонний карандаш для глаз OnColour - Мокко и розовое золото,Макияж,high,True
41369,Двусторонний карандаш для глаз OnColour - Сапфир и океан,Макияж,high,True
41370,Двусторонний карандаш для глаз OnColour - Пальма и оливка,Макияж,high,True
41371,Двусторонний карандаш для глаз OnColour - Слива и медь,Макияж,high,True
41372,Маска для лица waunt «эффект обновления»,Уход за лицом,,False
41373,"Ночная маска для лица waunt "" Питательный эффект """,Уход за лицом,,False
41374,"Очищающий бальзам для лица waunt "" Эффект преображения """,Уход за лицом,,False
41375,Тонер-мист для лица waunt «эффект сияния»,Уход за лицом,,False
41377,Очищающая пенка-комфорт для лица novage skinrelief pro resilient (пробник),Уход за лицом,,False
41378,Ночной крем-комфорт novage skinrelief pro resilient (пробник),Уход за лицом,,False
41379,Крем-комфорт для кожи вокруг глаз novage skinrelief pro resilient (пробник),Уход за лицом,,False
41382,Разогревающая маска waunt «эффектное очищение»,Уход за лицом,,False
41383,Сыворотка-масло с эффектом сияния кожи waunt,Уход за лицом,,False
41387,Стик для кожи вокруг глаз waunt «эффект свежего взгляда»,Уход за лицом,,False
41388,Набор кремов для рук,Наборы,,False
41408,Объёмная тушь для ресниц gg - чёрный,Макияж,,False
41414,Двухсторонний карандаш для бровей giordani gold - светлый коричневый,Макияж,,False
41415,Двусторонний карандаш для бровей - Средний коричневый,Макияж,high,True
41420,Жидкое мыло для рук и тела со сливой и миррой essense&co.,Уход за руками и ногами,,False
41432,Лосьон для рук и тела со сливой и миррой essense&co.,Уход за руками и ногами,,False
41437,Ухаживающая подводка для глаз gg - чёрный,Макияж,,False
41471,Гель-лак для ногтей the one - солнечный пунш,Макияж,,False
41472,Гель-лак для ногтей The ONE - Лиловый пион,Макияж,high,True
41473,Гель-лак для ногтей The ONE - Ягодный рубин,Макияж,high,True
41474,Гель-лак для ногтей The ONE - Бронзовый песок,Макияж,high,True
41478,Очищающий гель для рук «кокос»,Уход за руками и ногами,,False
41482,Стойкий глянцевый лак для ногтей the one - глубокий синий,Макияж,,False
41483,Лак для ногтей The ONE - Насыщенный изумруд,Макияж,high,True
41484,Лак для ногтей The ONE - Тёмный рубин,Макияж,high,True
41488,Питательный крем для душа с органическим маслом какао и кокоса love nature,Уход за телом,,False
41489,Бодрящее мыло с органической кокосовой водой и дыней love nature,Уход за телом,,False
41490,Питательный крем-лосьон для тела с органич маслом какао love nature,Уход за телом,,False
41492,Крем-лосьон для тела с органическим овсом и абрикосом love nature. большой объём,Уход за телом,,False
41493,Отшелушивающий гель для душа с мятой и малиной love nature,Уход за телом,,False
41496,Отшелушивающий гель для душа с малиной love nature. большой объём,Уход за телом,,False
41505,Лосьон для тела с органической мятой и малиной love nature. большой объём,Уход за телом,,False
41519,Ухаживающий крем для душа с органическим овсом и абрикосом love nature,Уход за телом,,False
41533,Подводка для глаз the one wonder liner - серебристый металлик,Макияж,,False
41541,Cтойкая краска для волос hairx trucolour - 1.0 чёрный,Уход за волосами,,False
41542,Шариковый дезодорант divine,Дезодоранты,,False
41543,Мочалка для душа из люфы,Уход за телом,,False
41545,Парфюмированный крем для тела divine,Парфюмерия,,False
41546,Набор для педикюра 4-в-1,Наборы,,False
41547,Парфюмированный крем для тела divine exclusive,Парфюмерия,,False
41548,Кусачки для ногтей,Макияж,,False
41549,Стойкая краска для волос - 3.0 тёмно-коричневый,Уход за волосами,medium,True
41550,Стойкая краска для волос - Иссиня-чёрный,Уход за волосами,medium,True
41551,Набор пилок для ногтей,Наборы,,False
41552,Растяжитель для пальцев ног,Аксессуары,high,True
41553,Косметичка с ярким принтом,Аксессуары,,False
41559,Стойкая краска для волос - 5.0 коричневый,Уход за волосами,medium,True
41560,Спонжи для макияжа,Аксессуары,,False
41561,Спонж конняку,Аксессуары,,False
41562,Набор для коррекции бровей,Наборы,,False
41563,Обновляющая маска для лица из биоцеллюлозы с ниацинамидом и экстрактом центеллы novage proceuticals,Уход за лицом,,False
41564,Набор бритв для бровей,Наборы,,False
41565,Стойкая краска для волос hairx trucolour - светло-коричневый,Уход за волосами,,False
41567,7.0 тёмно-русый,Уход за волосами,,False
41568,Питательное масло для сухих волос с органической пшеницей и кокосом love nature,Уход за волосами,,False
41569,8.0 русый,Уход за волосами,,False
41570,Чехол для кистей,Аксессуары,,False
41573,9.0 светло-русый,Уход за волосами,,False
41586,Ожерелье с асимметричными крупными бусинами под жемчуг,Украшения,,False
41587,Серьги с геометричными съемными подвесками,Украшения,,False
41588,Длинное ожерелье с геометричными подвесками,Украшения,,False
41589,Серьги-кольца со съемной подвеской,Украшения,,False
41590,Серьги со съемными подвесками-мобилями,Украшения,,False
41591,Ожерелье-трансформер 3-в-1 со съемными подвесками,Украшения,,False
41592,Серьги с цветными съемными вставками,Украшения,,False
41593,Массажная мочалка-перчатка,Уход за телом,,False
41594,Серьги с синими кистями,Украшения,,False
41595,Геометричные серьги со съемными подвесками-кистями,Украшения,,False
41596,Серьги с прямоугольными съемными подвесками,Украшения,,False
41597,Ожерелье-цепь,Украшения,,False
41598,Кольцо с асимметричной вставкой,Украшения,,False
41599,Геометричный браслет,Украшения,,False
41623,10.31 светлый блонд,Уход за волосами,,False
41624,12.01 ультрасветлый пепельный блонд (осветляет на 3 тона),Уход за волосами,,False
41625,Мочалка для душа,Уход за телом,,False
41626,Стойкая краска для волос hairx trucolour - медно-каштановый,Уход за волосами,,False
41628,Щётка для тела,Уход за телом,,False
41635,Стойкая суперматовая губная помада the one colour unlimited - естественный розовый,Макияж,,False
41636,Стойкая суперматовая губная помада The ONE Colour Unlimited - Персиковый беж,Макияж,high,True
41637,Стойкая суперматовая губная помада The ONE Colour Unlimited - Тёмный румянец,Макияж,high,True
41638,Стойкая суперматовая губная помада The ONE Colour Unlimited - Шоколадный трюфель,Макияж,high,True
41639,Стойкая суперматовая губная помада The ONE Colour Unlimited - Мягкая роза,Макияж,high,True
41640,Стойкая суперматовая губная помада The ONE Colour Unlimited - Бархатный лиловый,Макияж,high,True
41641,Стойкая суперматовая губная помада The ONE Colour Unlimited - Розовый коралл,Макияж,high,True
41642,Стойкая суперматовая губная помада The ONE Colour Unlimited - Красный рубин,Макияж,high,True
41643,Стойкая суперматовая губная помада The ONE Colour Unlimited - Вишнёвый бархат,Макияж,high,True
41644,Стойкая суперматовая губная помада The ONE Colour Unlimited - Тёмный ягодный,Макияж,high,True
41646,Щипцы для завивки ресниц,Аксессуары,high,True
41648,Двусторонний спонж для макияжа,Аксессуары,,False
41649,Стойкая краска для волос - 5.25 интенсивный коричневый,Уход за волосами,medium,True
41650,5.6 махагон,Уход за волосами,,False
41655,Стойкая краска для волос - 6.6 красное дерево,Уход за волосами,medium,True
41656,Стойкая краска для волос - 6.7 лесной орех,Уход за волосами,medium,True
41657,Вдохновляющий мусс для душа be happy,Уход за телом,,False
41658,Чувственный мусс для душа loved up,Уход за телом,,False
41659,8.1 пепельно-русый,Уход за волосами,,False
41661,Стойкая краска для волос HairX TruColour - Интенсивный медный,Уход за волосами,high,True
41662,Ультрасветлый жемчужный блонд,Уход за волосами,,False
41666,Сумочка с ремешком-трансформером,Аксессуары,,False
41671,Средство для умывания pure skin,Уход за лицом,,False
41672,Очищающий тоник pure skin,Уход за лицом,,False
41673,Матирующий крем для лица pure skin,Уход за лицом,,False
41674,Маска для лица с глиной pure skin,Уход за лицом,,False
41675,Обновляющий скраб для лица pure skin,Уход за лицом,,False
41676,Гель против прыщей для точечного применения Pure Skin,Уход за лицом,high,True
41678,Специальное смягчающее средство с маслом мяты,Уход за лицом,,False
41680,Специальное смягчающее средство с маслом семян клубники,Уход за лицом,,False
41682,Платок-шаль с присборкой,Аксессуары,,False
41689,"Крем для лица с черникой, ежевикой и йогуртом love nature",Уход за лицом,,False
41691,"Скраб-мармелад для лица с черникой, ежевикой и чёрной смородиной love nature",Уход за лицом,,False
41693,Ароматический диффузор «Шведский Spa-салон»,Товары для дома и подарки,high,True
41694,Маска-смузи для лица с черникой и ежевикой love nature,Уход за лицом,,False
41696,Косметические патчи с киви love nature,Уход за лицом,,False
41711,Парфюмированный лосьон для тела divine royal,Парфюмерия,,False
41712,Карандаш для стайлинга бровей oncolour - бесцветный,Макияж,,False
41715,Тушь для ресниц с эффектом веерного объёма oncolour - чёрный,Макияж,,False
41722,Мерцающий лак для ногтей oncolour - фиолетовая вспышка,Макияж,,False
41723,Сверкающая фуксия,Макияж,medium,True
41724,Бронзовое сияние,Макияж,medium,True
41725,Губная помада с эффектом «металлик» oncolour - лиловое сияние,Макияж,,False
41726,Огненная фуксия,Макияж,medium,True
41727,Магнетический красный,Макияж,medium,True
41728,Бронзовый закат,Макияж,medium,True
41729,Карандаш для глаз oncolour - розовый & чёрный,Макияж,,False
41730,Сливовый & чёрный,Макияж,medium,True
41731,Глянцевая помада oncolour - пунцовый,Макияж,,False
41732,Вишнёвый,Макияж,medium,True
41733,Багряный,Макияж,medium,True
41734,Глянцевый лак для ногтей oncolour - лиловый,Макияж,,False
41735,Малиновый,Макияж,medium,True
41736,Пурпурный,Макияж,medium,True
41737,Раскладывающаяся сумка с ярким принтом,Аксессуары,,False
41740,Шарф с ярким абстрактным принтом,Аксессуары,,False
41742,Кошелек с ярким тропическим принтом,Аксессуары,,False
41744,Ожерелье с синими кистями,Украшения,,False
41745,Глянцевый лак для ногтей oncolour - сирень,Макияж,,False
41746,Фуксия,Макияж,medium,True
41747,Апельсин,Макияж,medium,True
41748,Матирующий bb-крем c spf 10 oncolour - светлый,Уход за лицом,,False
41749,Матирующий BB-крем SPF 10 OnColour - Естественный,Макияж,high,True
41750,Матирующий BB-крем SPF 10 OnColour - Средний,Макияж,high,True
41758,Укрепляющее покрытие для ногтей the one expert care,Макияж,,False
41759,Сыворотка для ногтей the one expert care,Макияж,,False
41760,Масло для ногтей и кутикулы в карандаше the one expert care,Макияж,,False
41761,Антивозрастная губная помада giordani gold mastercreation spf 20 - ванильный крем,Макияж,,False
41762,Антивозрастная губная помада giordani gold mastercreation spf 20 - спелый персик,Макияж,,False
41763,Изящная орхидея,Макияж,medium,True
41764,Антивозрастная губная помада Giordani Gold MasterCreation SPF 20 - Пряная карамель,Макияж,high,True
41765,Антивозрастная губная помада giordani gold mastercreation spf 20 - ночной рубин,Макияж,,False
41766,Ночная маска для ногтей the one expert care,Макияж,,False
41771,Туалетная вода lucia,Парфюмерия,,False
41780,Стойкий глянцевый лак для ногтей the one - розовый зефир,Макияж,,False
41781,Мерцающий розовый,Макияж,medium,True
41782,Снежный белый,Макияж,medium,True
41785,Гель-лак для ногтей the one - пудровый жёлтый,Макияж,,False
41786,Песчаные дюны,Макияж,medium,True
41787,Суперстойкая матовая помада THE ONE Colour Unlimited Ultra Fix - Тёплая карамель,Макияж,medium,True
41788,Суперстойкая матовая помада THE ONE Colour Unlimited Ultra Fix - Огненная охра,Макияж,medium,True
41795,Топовое покрытие с блёстками THE ONE Pro Wear,Макияж,high,True
41796,Суперстойкая матовая помада the one - тауп,Макияж,,False
41797,Суперстойкая матовая помада THE ONE Colour Unlimited Ultra Fix - Нюд,Макияж,high,True
41798,Суперстойкая матовая помада THE ONE Colour Unlimited Ultra Fix - Терракота,Макияж,high,True
41799,Суперстойкая матовая помада THE ONE Colour Unlimited Ultra Fix - Роза,Макияж,high,True
41800,Суперстойкая матовая помада THE ONE Colour Unlimited Ultra Fix - Малина,Макияж,high,True
41801,Суперстойкая матовая помада THE ONE Colour Unlimited Ultra Fix - Орхидея,Макияж,high,True
41802,Суперстойкая матовая помада THE ONE Colour Unlimited Ultra Fix - Фуксия,Макияж,high,True
41803,Суперстойкая матовая помада THE ONE Colour Unlimited Ultra Fix - Коралл,Макияж,high,True
41804,Суперстойкая матовая помада THE ONE Colour Unlimited Ultra Fix - Красный,Макияж,high,True
41805,Суперстойкая матовая помада THE ONE Colour Unlimited Ultra Fix - Бордо,Макияж,high,True
41806,Суперстойкая матовая помада THE ONE Colour Unlimited Ultra Fix - Марсала,Макияж,high,True
41807,Суперстойкая матовая помада THE ONE Colour Unlimited Ultra Fix - Мокко,Макияж,high,True
41808,Суперстойкая матовая помада THE ONE Colour Unlimited Ultra Fix - Виноград,Макияж,high,True
41809,Суперстойкая матовая помада THE ONE Colour Unlimited Ultra Fix - Слива,Макияж,high,True
41817,Антицеллюлитный гель для тела the body edition,Уход за телом,,False
41819,Укрепляющий гель-крем для тела the body edition,Уход за телом,,False
41827,Крем для тела против растяжек the body edition,Уход за телом,,False
41869,Бальзам для губ the one stockholm - мягкий персиковый,Макияж,,False
41870,Стойкий глянцевый лак для ногтей THE ONE Gloss N' Wear - Яркий розовый,Макияж,high,True
41871,Стойкий глянцевый лак для ногтей the on - топленое молоко,Макияж,,False
41872,Стойкий глянцевый лак для ногтей THE ONE Gloss N' Wear - Тёплый беж,Макияж,high,True
41873,Стойкий глянцевый лак для ногтей THE ONE Gloss N' Wear - Цветущий клевер,Макияж,high,True
41874,Стойкий глянцевый лак для ногтей THE ONE Gloss N' Wear - Горная лаванда,Макияж,high,True
41875,Стойкий глянцевый лак для ногтей THE ONE Gloss N' Wear - Солёный прибой,Макияж,high,True
41876,Стойкий глянцевый лак для ногтей THE ONE Gloss N' Wear - Нежная мята,Макияж,high,True
41877,Стойкий глянцевый лак для ногтей THE ONE - Бирюзовая волна,Макияж,high,True
41878,Стойкий глянцевый лак для ногтей THE ONE - Сияющий индиго,Макияж,high,True
41879,Стойкий глянцевый лак для ногтей THE ONE - Ягодный десерт,Макияж,high,True
41880,Стойкий глянцевый лак для ногтей THE ONE - Ночная орхидея,Макияж,high,True
41881,Стойкий глянцевый лак для ногтей THE ONE - Волнующая фуксия,Макияж,high,True
41882,Кремовая роза,Уход за лицом,,False
41883,Стойкий глянцевый лак для ногтей THE ONE - Арбузный сок,Макияж,high,True
41884,Стойкий глянцевый лак для ногтей THE ONE - Красный мак,Макияж,high,True
41885,Гранатовый браслет,Украшения,,False
41886,Стойкий глянцевый лак для ногтей THE ONE - Рубиновый красный,Макияж,high,True
41887,Стойкий глянцевый лак для ногтей THE ONE - Томный бордо,Макияж,high,True
41888,Стойкий глянцевый лак для ногтей THE ONE - Черный оникс,Макияж,high,True
41889,Стойкий глянцевый лак для ногтей THE ONE - Сладкая лакрица,Макияж,high,True
41890,Стойкий глянцевый лак для ногтей THE ONE - Кофейный жемчуг,Макияж,high,True
41891,Стойкий глянцевый лак для ногтей THE ONE - Пыльная роза,Макияж,high,True
41892,Стойкий глянцевый лак для ногтей THE ONE - Мягкий сливовый,Макияж,high,True
41894,Базовое покрытие-пленка для ногтей the one pro wear,Макияж,,False
41915,"Смесь эфирных масел розового перца и грейпфрута Mind & Mood «Энергия», 5 мл",Wellness и питание,high,True
41939,"Смесь эфирных масел лавра и бергамота Mind & Mood «Уверенность», 5 мл",Wellness и питание,high,True
41940,Смягчающий крем для рук с экстрактом персика,Уход за руками и ногами,,False
41941,"Смесь эфирных масел ладана и кедра Mind & Mood «Баланс», 5 мл",Wellness и питание,high,True
41944,"Смесь эфирных масел сандала и лавандина Mind & Mood «Релакс», 5 мл",Wellness и питание,high,True
41945,"Парфюмерное масло розового перца и грейпфрута mind & mood "" Энергия "" С шариковым аппликатором 10 мл",Парфюмерия,,False
41946,"Парфюмерное масло лавра и бергамота mind & mood "" Уверенность "" С шариковым аппликатором 10 мл",Парфюмерия,,False
41947,"Парфюмерное масло ладана и кедра mind & mood "" Баланс "" С шариковым аппликатором 10 мл",Парфюмерия,,False
41948,"Парфюмерное масло сандала и лавандина mind & mood "" Баланс "" С шариковым аппликатором 10 мл",Парфюмерия,,False
41957,Увлажняющая маска-смузи для сухих волос «банан»,Уход за волосами,,False
41958,Питательная маска-смузи для всех типов волос «авокадо»,Уход за волосами,,False
41959,Восстанавливающая маска-смузи для окрашенных волос «манго»,Уход за волосами,,False
41960,Жидкая матовая губная помада the one lip sensation - имбирный нюд,Макияж,,False
41961,Стойкий глянцевый лак для ногтей THE ONE - Пряный розовый,Макияж,high,True
41962,Стойкий глянцевый лак для ногтей THE ONE - Теплая корица,Макияж,high,True
41963,Стойкий глянцевый лак для ногтей THE ONE - Розовая паприка,Макияж,high,True
41964,Стойкий глянцевый лак для ногтей THE ONE - Оранжевый шафран,Макияж,high,True
41965,Винный поцелуй,Макияж,medium,True
41966,Пурпурный базилик,Макияж,medium,True
41967,Вишневый шоколад,Макияж,medium,True
41971,Набор смесей эфирных масел mind & mood 4 шт.,Наборы,,False
41972,Матирующий праймер для лица the one make-up pro,Макияж,,False
41973,Придающий сияние праймер для лица the one make-up pro,Макияж,,False
41974,Цветокорректирующий праймер для лица the one make-up pro,Макияж,,False
41975,Набор парфюмерных масел с шариковым аппликатором mind & mood 4 шт.,Наборы,,False
41979,Тоник против выпадения волос hairx,Уход за волосами,,False
41980,Средство для уплотнения волос hairx,Уход за волосами,,False
41989,Адаптивный консилер the one everlasting sync - холодный фарфоровый,Макияж,,False
41990,Естественный беж,Макияж,medium,True
41991,Тёплый беж,Макияж,medium,True
42019,Бомба для ванны crystologie,Уход за телом,,False
42025,Гель для душа с блестками crystologie,Уход за телом,,False
42026,Парфюмерная вода amber elixir. мини-спрей,Парфюмерия,,False
42027,Увлажняющий крем для лица essentials,Уход за лицом,,False
42041,Парфюмерная вода divine. мини-спрей,Парфюмерия,,False
42051,Парфюмерная вода possess. мини-спрей,Парфюмерия,,False
42052,Туалетная вода possess man. мини-спрей,Парфюмерия,,False
42053,Туалетная вода giordani gold man. мини-спрей,Парфюмерия,,False
42054,Мужская парфюмерная вода eclat style. мини-спрей,Парфюмерия,,False
42055,Колье norrsken,Украшения,,False
42058,Мужские часы с коричневым ремешком,Аксессуары,,False
42081,Жидкая матовая губная помада the one lip sensation - бежевый нюд,Макияж,,False
42082,Ореховое пралине,Макияж,medium,True
42083,Солёная карамель,Макияж,medium,True
42084,Нежный розовый,Макияж,medium,True
42085,Цветущий пион,Макияж,medium,True
42086,Классический красный,Макияж,medium,True
42087,Стильный бордо,Макияж,medium,True
42088,Насыщенный мокко,Макияж,medium,True
42101,Стойкая минеральная тональная основа giordani gold - нейтральный ванильный,Макияж,,False
42102,Тёплый фарфоровый,Макияж,medium,True
42103,Нейтральный мраморный,Макияж,medium,True
42104,Светлый бежевый,Макияж,medium,True
42105,Мягкий песочный,Макияж,medium,True
42106,Слоновая кость,Макияж,medium,True
42107,Естественный бежевый,Макияж,medium,True
42112,Мультифункциональный сс-крем gg spf 30 - светлый,Уход за лицом,,False
42113,Естественный,Макияж,medium,True
42117,Сумка-холодильник 2-в-1,Аксессуары,,False
42118,Антивозрастная основа под макияж с пребиотической сывороткой giordani gold,Макияж,,False
42119,Многофункциональная тушь для ресниц 5 в 1 the one wonderlash - чёрный,Макияж,,False
42120,Водостойкая тушь для ресниц 5 в 1 the one wonderlash - чёрный,Макияж,,False
42121,Палетка для макияжа Giordani Gold,Макияж,high,True
42123,Тушь с эффектом гипнотического взгляда the one hypnotic depth - чёрный,Макияж,,False
42124,Адаптивная матовая тональная основа the one everlasting sync spf 10 - холодный алебастровый,Макияж,,False
42125,Нейтральный ванильный,Макияж,medium,True
42126,Холодный фарфоровый,Макияж,medium,True
42127,Естественный беж,Макияж,high,True
42128,Нейтральный беж,Макияж,high,True
42129,Тёплый беж,Макияж,high,True
42130,Тёплый песочный,Макияж,high,True
42131,Тёплый бронзовый,Макияж,high,True
42132,Тёплая карамель,Макияж,high,True
42133,Тёплый шоколад,Макияж,high,True
42134,Обновляющая тканевая маска с апельсином и овсом love nature,Уход за лицом,,False
42135,Антиоксидантная тканевая маска с гранатом и виноградом love nature,Уход за лицом,,False
42136,Стойкий блеск для губ the one - снежная пыльца,Макияж,,False
42137,Морозный пион,Макияж,high,True
42138,Сияющий коралл,Макияж,high,True
42139,Розовый иней,Макияж,high,True
42140,Ледяная карамель,Макияж,high,True
42156,Губная помада с эффектом сияния the one - ослепительный беж,Макияж,,False
42157,Губная помада с эффектом сияния the one - персиковый сорбет,Макияж,,False
42158,Розовое шампанское,Макияж,high,True
42159,Свежий клевер,Макияж,high,True
42160,Манящая малина,Макияж,high,True
42161,Вишнёвый леденец,Макияж,high,True
42162,Ягодный коктейль,Wellness и питание,,False
42163,Винные искры,Макияж,high,True
42170,Жидкая губная помада-эликсир spf 15 giordani gold - теплый кашемир,Макияж,,False
42171,Нежный абрикос,Макияж,high,True
42172,Молочный шоколад,Макияж,high,True
42173,Мягкий винный,Макияж,high,True
42204,Шариковый дезодорант-антиперспирант giordani gold man,Дезодоранты,,False
42206,Парфюмированный крем для тела gg essenza,Парфюмерия,,False
42215,Компактная пудра the one illuskin - фарфоровый,Макияж,,False
42216,Светлый,Макияж,medium,True
42217,Средний,Макияж,medium,True
42236,Антивозрастная тон. основа с пребиотической сывороткой giordani gold spf 12 - ванильный (нейтральный),Макияж,,False
42237,Ванильный (холодный),Макияж,high,True
42238,Тональная основа Giordani Gold с пребиотической сывороткой SPF 12 - Фарфоровый (тёплый),Макияж,high,True
42239,Тональная основа Giordani Gold с пребиотической сывороткой SPF 12 - Светлый беж (нейтральный),Макияж,high,True
42240,Тональная основа Giordani Gold с пребиотической сывороткой SPF 12 - Слоновая кость (нейтральный),Макияж,high,True
42241,Тональная основа Giordani Gold с пребиотической сывороткой SPF 12 - Бежевый (тёплый),Макияж,high,True
42255,Ночная маска для интенсивного восстановления кожи novage+,Уход за лицом,,False
42256,Восстанавливающие капсулы для лица с концентратом масел novage+,Уход за лицом,,False
42263,Увлажняющая эссенция-спрей для лица novage+ proceuticals,Уход за лицом,,False
42273,Объемная водостойкая тушь для ресниц oncolour - черный,Макияж,,False
42284,Трафареты для маникюра,Уход за руками и ногами,,False
42287,Щипчики для кутикулы,Уход за руками и ногами,,False
42288,Пилка для ногтей,Макияж,,False
42289,4-сторонняя пилка для ногтей,Макияж,,False
42290,Набор для маникюра,Наборы,,False
42292,Пинцет,Аксессуары,,False
42303,Набор кистей для коррекции маникюра,Наборы,,False
42314,"Гель для душа vitacare "" Бодрящий апельсин """,Уход за телом,,False
42316,"Гель для душа vitacare "" Сочный лайм и имбирь """,Уход за телом,,False
42317,"Гель для душа vitacare "" Нежная макадамия """,Уход за телом,,False
42321,Мыло vitacare «нежная макадамия»,Уход за телом,,False
42322,Мыло vitacare «сочный лайм и имбирь»,Уход за телом,,False
42323,Мыло vitacare «бодрящий апельсин»,Уход за телом,,False
42324,Сатиновая губная помада giordani gold iconic - кремовый беж,Макияж,,False
42325,Сатиновая губная помада Giordani Gold Iconic - Розовый нюд,Макияж,high,True
42326,Сатиновая губная помада Giordani Gold Iconic - Сливовый маув,Макияж,high,True
42327,Сатиновая губная помада Giordani Gold Iconic - Нежный пион,Макияж,high,True
42328,Сатиновая губная помада Giordani Gold Iconic - Солнечный розовый,Макияж,high,True
42329,Сатиновая губная помада Giordani Gold Iconic - Яркая фуксия,Макияж,high,True
42330,Сатиновая губная помада Giordani Gold Iconic - Яркий алый,Макияж,high,True
42331,Сатиновая губная помада Giordani Gold Iconic - Классический красный,Макияж,high,True
42332,Сатиновая губная помада Giordani Gold Iconic - Глубокий винный,Макияж,high,True
42333,Сатиновая губная помада Giordani Gold Iconic - Шоколадная вишня,Макияж,high,True
42343,Удлиняющая тушь giordani gold angel caress - чёрный,Макияж,,False
42346,Подводка-маркер giordani gold iconic - чёрный,Макияж,,False
42349,Шляпа из соломки с бахромой,Аксессуары,,False
42353,Часы с миланским сетчатым браслетом,Украшения,,False
42354,Мужской набор по уходу за ногтями и бровями,Наборы,,False
42355,Сс-крем giordani gold caress spf 30 - светлый,Уход за лицом,,False
42356,Тональная основа Pure Uforia Giordani Gold - Натуральный,Макияж,medium,True
42360,Гармонизирующая тон. основа с эффектом сияния pure úforia giordani gold - фарфоровый,Макияж,,False
42361,Гармонизирующая тональная основа Pure Uforia Giordani Gold - Слоновая кость,Макияж,high,True
42362,Гармонизирующая тональная основа Pure Uforia Giordani Gold - Ванильный,Макияж,high,True
42363,Гармонизирующая тональная основа Pure Uforia Giordani Gold - Бежевый,Макияж,high,True
42364,Гармонизирующая тональная основа Pure Uforia Giordani Gold - Песочный,Макияж,high,True
42365,Гармонизирующая тональная основа Pure Uforia Giordani Gold - Миндаль,Макияж,high,True
42368,Румяна в шариках giordani gold. юбилейный выпуск,Макияж,,False
42377,Расслабляющая туалетная вода feel good,Парфюмерия,,False
42379,Туалетная вода eclat nuit for him,Парфюмерия,,False
42380,Лаковая сумка с двусторонним ремешком,Аксессуары,,False
42400,Туалетная вода greater for him,Парфюмерия,,False
42417,Карандаш для глаз the one - чёрный,Макияж,,False
42418,Карандаш для глаз THE ONE - Коричневый,Макияж,high,True
42425,Крем-лифтинг для кожи вокруг глаз novage+ lift + firm,Уход за лицом,,False
42426,Дневной крем против морщин spf 35 novageecollagen wrinkle power,Уход за лицом,,False
42438,Туалетная вода eclat nuit for her,Парфюмерия,,False
42444,Сыворотка для интенсивного увлажнения novage+ proceuticals,Уход за лицом,,False
42445,Зубная щётка средней жёсткости optifresh (голубая),Гигиена и полость рта,,False
42447,Повязка на голову,Аксессуары,,False
42449,Косметичка-органайзер,Аксессуары,,False
42450,Мягкая зубная щётка optifresh (зелёная),Гигиена и полость рта,,False
42452,Детская мочалка для душа love nature,Уход за телом,,False
42453,Мягкая детская зубная щётка optifresh (розовая),Гигиена и полость рта,,False
42462,Кисть для тональной основы the one,Макияж,,False
42464,Пинцет для удаления чёрных точек,Аксессуары,,False
42465,Диффузор для ароматических масел mind & mood,Парфюмерия,,False
42467,Подвеска на цепочке «лаконичный цейлонит»,Украшения,,False
42468,Набор бритв для бровей,Наборы,,False
42469,Крем для рук love magnet,Уход за руками и ногами,,False
42470,Мыло love magnet,Уход за телом,,False
42472,Многофункциональный спонж для макияжа,Аксессуары,,False
42473,Кисть для тональной основы,Макияж,,False
42474,Кисть для пудры the one,Аксессуары,,False
42475,Дневной крем против морщин spf 35 novageecollagen wrinkle power (пробник),Уход за лицом,,False
42478,Кисть для тональной основы the one,Макияж,,False
42479,Кисть для жидких и кремовых текстур the one,Аксессуары,,False
42480,Кисть для пудры the one,Аксессуары,,False
42482,Кисть для румян the one,Аксессуары,,False
42483,Кисть для консилера the one,Макияж,,False
42484,Кисть для контуринга the one,Аксессуары,,False
42485,Кисть для растушевки теней the one,Аксессуары,,False
42487,Двусторонняя кисть для бровей the one,Макияж,,False
42488,Кисть для помады the one,Макияж,,False
42489,Комплексный уход против морщин novage ecollagenwrinkle power,Уход за лицом,,False
42490,Туалетная вода ascendant,Парфюмерия,,False
42492,Набор с магнитными накладными ресницами - естественные,Наборы,,False
42493,Набор с магнитными накладными ресницами - кукольные,Наборы,,False
42494,Набор с магнитными накладными ресницами - густые,Наборы,,False
42495,Парфюмерная вода amber elixir,Парфюмерия,,False
42498,Мерная ложка,Wellness и питание,,False
42499,Туалетная вода eclat femme weekend,Парфюмерия,,False
42502,Туалетная вода elvie,Парфюмерия,,False
42503,Парфюмерная вода giordani gold essenza,Парфюмерия,,False
42504,Парфюмированный крем для тела amber elixir,Парфюмерия,,False
42507,Туалетная вода eclat femme,Парфюмерия,,False
42508,Туалетная вода joyce turquoise,Парфюмерия,,False
42509,Парфюмированный крем для тела love potion,Парфюмерия,,False
42510,Туалетная вода venture,Парфюмерия,,False
42512,Туалетная вода venture beyond,Парфюмерия,,False
42514,Парфюмерная вода volare,Парфюмерия,,False
42515,Туалетная вода so fever him,Парфюмерия,,False
42517,Туалетная вода venture power,Парфюмерия,,False
42518,Туалетная вода men's collection dark wood,Парфюмерия,,False
42519,Парфюмерная вода possess,Парфюмерия,,False
42520,Туалетная вода lucia bright aura,Парфюмерия,,False
42521,Парфюмированный спрей-дезодорант для тела possess,Парфюмерия,,False
42523,Парфюмированный крем для тела eclat mon parfum,Парфюмерия,,False
42524,Шариковый дезодорант-антиперспирант mister giordani,Дезодоранты,,False
42542,Шариковый дезодорант-антиперспирант glacier,Дезодоранты,,False
42548,Антивозрастной дневной крем optimals age revive spf 15,Уход за лицом,,False
42549,Антивозрастной ночной крем optimals age revive,Уход за лицом,,False
42550,Антивозрастной крем для кожи вокруг глаз optimals age revive,Уход за лицом,,False
42551,Антивозрастная сыворотка optimals age revive,Уход за лицом,,False
42552,Дневной крем против пигментации spf 20 optimals even out,Уход за лицом,,False
42553,Ночной крем против пигментации optimals even out,Уход за лицом,,False
42555,Крем против пигментации для кожи вокруг глаз optimals even out,Уход за лицом,,False
42556,Сыворотка против пигментации optimals even out,Уход за лицом,,False
42558,Тени-рефил для век the one - матовый розовый,Макияж,,False
42559,Тени для век The ONE Make-up Pro Wet & Dry - Искристый апельсин,Макияж,high,True
42560,Тени для век The ONE Make-up Pro Wet & Dry - Сияющая роза,Макияж,high,True
42561,Мерцающая бронза,Макияж,high,True
42562,Матовый латте,Макияж,high,True
42563,Матовый сливовый,Макияж,high,True
42566,Увлажняющий крем для кожи вокруг глаз optimals hydra radiance,Уход за лицом,,False
42567,Увлажняющая сыворотка optimals hydra radiance,Уход за лицом,,False
42568,Закрепляющее быстросохнущее покрытие для лака The ONE Pro Wear,Макияж,high,True
42579,Нежный крем-гель для интимной гигиены и бритья feminelle,Гигиена и полость рта,,False
42580,Увлажняющий дневной крем для комбинированной кожи optimals hydra radiance,Уход за лицом,,False
42587,Увлажняющий ночной крем для комбинированной кожи optimals hydra radiance,Уход за лицом,,False
42588,Увлажняющий дневной крем для сухой кожи optimals hydra radiance,Уход за лицом,,False
42589,Увлажняющий ночной крем для сухой кожи optimals hydra radiance,Уход за лицом,,False
42590,Успокаивающий тоник для лица optimals,Уход за лицом,,False
42609,Средство для очищения кожи и выравнивания тона optimals,Уход за лицом,,False
42610,Увлажняющая мицеллярная вода optimals,Уход за лицом,,False
42613,Глубоко очищающий гель с фруктовыми кислотами optimals,Уход за лицом,,False
42614,Отшелушивающий скраб для лица optimals,Уход за лицом,,False
42615,Очищающая глиняная маска для всех типов кожи optimals,Уход за лицом,,False
42616,Увлажняющая маска для всех типов кожи optimals,Уход за лицом,,False
42617,Серьги-листья,Украшения,,False
42618,Ожерелье со съемными подвесками-листьями,Украшения,,False
42619,Браслет-кафф с листьями,Украшения,,False
42620,Крупные серьги со съемными асимметричными подвесками,Украшения,,False
42621,Серьги- кольца со съемными подвесками под жемчуг,Украшения,,False
42622,Серьги-кольца 3-в-1,Украшения,,False
42623,Асимметричные серьги,Украшения,,False
42624,Серьги с натуральным аметистом,Украшения,,False
42625,Крупное ожерелье с асимметричными звеньями,Украшения,,False
42626,Ожерелье-цепь с вставкой,Украшения,,False
42627,Колье с натуральным аметистом,Украшения,,False
42629,Браслет-цепь с вставкой,Украшения,,False
42630,Часы со светлым ремешком,Аксессуары,,False
42631,Кольцо с натуральным аметистом,Украшения,,False
42632,Обновляющий бустер для лица optimals,Уход за лицом,,False
42633,Яркий шарф с акварельным принтом,Аксессуары,,False
42634,Шарф с растительным принтом,Аксессуары,,False
42635,Шарф с камуфляжным принтом и бахромой,Аксессуары,,False
42637,Двухстороннее пончо,Одежда и текстиль,high,True
42638,Плиссированный платок с растительным принтом,Аксессуары,,False
42639,Питательный бустер для лица optimals,Уход за лицом,,False
42641,Сумка-трансформер,Аксессуары,,False
42642,Сумка-торба с двусторонним ремешком,Аксессуары,,False
42643,Сумка со съемным карманом-кошельком,Аксессуары,,False
42645,Сумочка-трансформер с декоративным язычком,Товары для дома и подарки,,False
42646,Сумочка со сменными клапанами,Аксессуары,,False
42647,Мягкая сумка с металлическим декором,Аксессуары,,False
42648,Кошелек-клатч,Аксессуары,,False
42651,Сатиновая губная помада giordani gold iconic - нежный нюд,Макияж,,False
42652,Глянцевый лиловый,Макияж,high,True
42653,Роскошная орхидея,Макияж,high,True
42654,Шелковистая роза,Макияж,high,True
42655,Сливочный мокко,Макияж,high,True
42656,Шикарная слива,Макияж,high,True
42657,Изысканный ягодный,Макияж,high,True
42658,Безупречный розовый,Макияж,high,True
42659,Атласный красный,Макияж,high,True
42660,Королевский гранат,Макияж,high,True
42661,Матовая губная помада giordani gold iconic - чарующий нюд,Макияж,,False
42662,Шоколадная роза,Макияж,high,True
42663,Румяный имбирь,Макияж,high,True
42664,Винтажный пион,Макияж,high,True
42665,Благородное вино,Макияж,high,True
42666,Бархатный латте,Макияж,high,True
42667,Терракотовый кашемир,Макияж,high,True
42668,Бесконечный красный,Макияж,high,True
42669,Великолепная вишня,Макияж,high,True
42670,Пряная слива,Макияж,high,True
42671,Мультифункциональный защитный крем для лица optimals c spf 50,Уход за лицом,,False
42672,Антиоксидантный бустер для лица optimals,Уход за лицом,,False
42673,Питательный лосьон для тела beautanicals,Уход за телом,,False
42700,Контурный карандаш-праймер для губ giordani gold iconic - прозрачный,Макияж,,False
42723,Комплексный уход против первых возрастных признаков novage skinergise ideal perfection,Уход за лицом,,False
42726,Туалетная вода debonair,Парфюмерия,,False
42737,Часы giordani gold,Аксессуары,,False
42738,Ожерелье giordani gold,Украшения,,False
42739,Туалетная вода glacier fire,Парфюмерия,,False
42740,Шариковый дезодорант-антиперспирант volare moments,Дезодоранты,,False
42741,Парфюмерная вода magnetista,Парфюмерия,,False
42742,Корректирующая база под макияж gg - естественное сияние,Макияж,,False
42751,Женская парфюмерная вода love potion,Парфюмерия,,False
42752,Парфюмерная вода gg white original,Парфюмерия,,False
42753,Интенсивный разглаживающий крем-бальзам для лица 3-в-1 «королевский бархат»,Уход за лицом,,False
42769,Стойкий маркер-подводка для глаз the one - черный,Макияж,,False
42770,Стойкие тени-карандаш для век the one colour unlimited - хрусталь,Макияж,,False
42771,Серебро,Макияж,high,True
42772,Бронза,Макияж,high,True
42773,Тени для век the one colour unlimited - слива,Макияж,,False
42774,Кофе,Макияж,high,True
42775,Графит,Макияж,high,True
42776,Шампанское,Макияж,high,True
42777,Золото,Макияж,high,True
42778,Индиго,Макияж,high,True
42779,Стойкий маркер-подводка для глаз в большом объеме the one - черный,Макияж,,False
42780,Тушь для ресниц с двойным эффектом the one double effect - чëрный,Макияж,,False
42785,Туалетная вода lucia,Парфюмерия,,False
42786,Парфюмерная вода giordani gold essenza. мини-спрей,Парфюмерия,,False
42787,Парфюмерная вода so fever her,Парфюмерия,,False
42789,Парфюмерная вода volare forever,Парфюмерия,,False
42806,Парфюмированный спрей-дезодорант для тела gg essenza,Парфюмерия,,False
42807,Туалетная вода dare to shine,Парфюмерия,,False
42810,Карандаш для глаз giordani gold iconic radiance - глубокий чёрный,Макияж,,False
42815,Парфюмерная вода love potion secrets,Парфюмерия,,False
42816,Туалетная вода glacier rock,Парфюмерия,,False
42823,Супертушь для ресниц giordani gold - чёрный,Макияж,,False
42828,Туалетная вода women's collection delicate cherry blossom,Парфюмерия,,False
42831,Парфюмированный крем для тела possess,Парфюмерия,,False
42835,Парфюмерная вода so fever together,Парфюмерия,,False
42837,Туалетная вода mister giordani aqua,Парфюмерия,,False
42839,Расслабляющий гель для душа feel good,Уход за телом,,False
42840,Восстанавливающий кондиционер для сухих и поврежденных волос hairx,Уход за волосами,,False
42843,Стойкая суперматовая помада the one colour unlimited - естественный розовый,Макияж,,False
42844,Розовый беж,Макияж,high,True
42845,Тёмная роза,Макияж,high,True
42846,Шоколадный трюфель,Макияж,high,True
42847,Мягкая роза,Макияж,high,True
42848,Бархатный лиловый,Макияж,high,True
42849,Розовый коралл,Макияж,high,True
42850,Красный рубин,Макияж,high,True
42851,Вишнёвый бархат,Макияж,high,True
42852,Тёмный ягодный,Макияж,high,True
42864,Туалетная вода eclat homme,Парфюмерия,,False
42865,Парфюмерная вода amber elixir crystal,Парфюмерия,,False
42867,Жидкое мыло для рук и тела с розовым нектаром milk & honey gold,Уход за руками и ногами,,False
42868,Мыло с розовым нектаром milk & honey gold,Уход за телом,,False
42869,Крем для рук и тела с розовым нектаром milk & honey gold,Уход за руками и ногами,,False
42873,Мыло splendid bouquet,Уход за телом,,False
42875,Гель для душа splendid bouquet,Уход за телом,,False
42877,Восстанавливающая маска для сухих и поврежденных волос hairx,Уход за волосами,,False
42878,Восстанавливающий шампунь для волос hairx. большой объем,Уход за волосами,,False
42881,Очищающая маска-плёнка с углём pure skin,Уход за лицом,,False
42883,Парфюмированный лосьон для тела miss giordani,Парфюмерия,,False
42884,Парфюмированный крем для тела eclat femme,Парфюмерия,,False
42885,Парфюмированный крем для тела eclat femme weekend,Парфюмерия,,False
42888,Восстанавливающий шампунь для сухих и поврежденных волос hairx,Уход за волосами,,False
42889,Восстанавливающая сыворотка для сухих и поврежденных волос hairx,Уход за волосами,,False
42890,Сухой шампунь для придания объема тонким волосам hairx,Уход за волосами,,False
42892,Кондиционер для придания объема тонким волосам hairx,Уход за волосами,,False
42895,Шампунь для придания объема тонким волосам hairx,Уход за волосами,,False
42897,Масло авокадо для тела и волос love nature,Уход за волосами,,False
42934,Туалетная вода signature generation for her,Парфюмерия,,False
42948,Защитный дневной крем optimals urban guard 3d spf 25 (пробник),Уход за лицом,,False
42950,Защитный ночной крем optimals urban guard 3d 25 (пробник),Уход за лицом,,False
42951,Защитная сыворотка optimals urban guard 3d (пробник),Уход за лицом,,False
42953,Очищающий гель для рук,Уход за руками и ногами,,False
42961,Парфюмированный бальзам после бритья eclat nuit,Парфюмерия,,False
42968,Парфюмерная вода possess absolute,Парфюмерия,,False
42972,Топовое покрытие с мерцающими частицами The ONE Pro Wear,Макияж,high,True
42991,Питательный крем для тела с маслом какао и кокоса love nature,Уход за телом,,False
42994,Туалетная вода possess absolute (пробник),Парфюмерия,,False
42997,Гармонизирующая тон. основа с эффектом сияния pure úforia giordani gold - фарфоровый (пробник),Макияж,,False
42998,Тональная основа - Слоновая кость (пробник),Макияж,high,True
42999,Тональная основа - Ванильный (пробник),Макияж,high,True
43000,Тональная основа - Бежевый (пробник),Макияж,high,True
43001,Тональная основа - Песочный (пробник),Макияж,high,True
43002,Матовая губная помада OnColour - Миндаль (пробник),Макияж,medium,True
43029,Увлажняющая губная помада-гель giordani gold iconic radiance spf 30+ - шоколадная вуаль,Макияж,,False
43030,Жидкая матовая помада OnColour - Рубиновая парча,Макияж,high,True
43031,Жидкая матовая помада OnColour - Гранатовый батист,Макияж,high,True
43032,Жидкая матовая помада OnColour - Красный шёлк,Макияж,high,True
43033,Жидкая матовая помада OnColour - Коралловая тафта,Макияж,high,True
43034,Жидкая матовая помада OnColour - Лиловый сатин,Макияж,high,True
43035,Жидкая матовая помада OnColour - Розовый атлас,Макияж,high,True
43036,Жидкая матовая помада OnColour - Розовый нюд,Макияж,high,True
43037,Жидкая матовая помада OnColour - Карамельный нюд,Макияж,high,True
43038,Жидкая матовая помада OnColour - Сиреневый муар,Макияж,high,True
43047,Стойкий глянцевый лак для ногтей the one - игривый медный,Макияж,,False
43048,Глянцевый лак для ногтей The ONE - Искрящийся красный,Макияж,high,True
43049,Глянцевый лак для ногтей The ONE - Знойный вишневый,Макияж,high,True
43050,Глянцевый лак для ногтей The ONE - Дерзкий бордо,Макияж,high,True
43053,Защитный гель для интимной гигиены feminelle (рефил),Гигиена и полость рта,,False
43054,Освежающий гель для интимной гигиены feminelle (рефил),Гигиена и полость рта,,False
43085,Универсальный крем для лица и тела cranberry bliss,Уход за лицом,,False
43089,Сс-крем giordani gold caress spf 30 - светлый (пробник),Уход за лицом,,False
43111,Питательное жидкое мыло с органическим маслом какао и кокоса love nature,Уход за телом,,False
43118,Туалетная вода greater,Парфюмерия,,False
43119,Крем для душа cranberry bliss,Уход за телом,,False
43121,Щётка для распутывания волос,Уход за волосами,,False
43122,Женская парфюмерная вода nordic waters,Парфюмерия,,False
43123,Тушь для ресниц 5 в 1 the one c эффектом hd - чёрный,Макияж,,False
43125,Шлифовальная пилка для ног,Уход за руками и ногами,,False
43126,Губка для душа,Уход за телом,,False
43129,Тушь 360 с эффектом накладных ресниц the one,Макияж,,False
43130,Водостойкая тушь 360 с эффектом накладных ресниц the one - чёрный,Макияж,,False
43134,Карманное зеркало,Аксессуары,,False
43135,Тушь с экстремальным объёмом the one tremendous - чёрный,Макияж,,False
43141,Туалетная вода eclat blanc,Парфюмерия,,False
43143,Тушь с эффектом кошачьих глаз the one tremendous - чёрный,Макияж,,False
43145,Матовая губная помада oncolour - мягкий персик,Макияж,,False
43146,Матовая губная помада OnColour - Нюдовый беж,Макияж,high,True
43147,Матовая губная помада OnColour - Нежный лиловый,Макияж,high,True
43148,Матовая губная помада OnColour - Розовый коралл,Макияж,high,True
43149,Матовая губная помада OnColour - Розовая вспышка,Макияж,high,True
43151,Матовая губная помада OnColour - Спелая слива,Макияж,high,True
43152,Матовая губная помада OnColour - Красный бархат,Макияж,high,True
43153,Матовая губная помада OnColour - Страстный красный,Макияж,high,True
43154,Маска-смузи для волос с органическим авокадо love nature,Уход за волосами,,False
43168,Кремовая губная помада oncolour - глубокий красный (пробник),Макияж,,False
43185,Закрепляющее покрытие с эффектом гель-лака The ONE,Макияж,high,True
43197,Кольцо для формирования причёски,Украшения,,False
43205,Тушь для бровей the one - светло-коричневый,Макияж,,False
43206,Тушь для бровей the one - коричневый,Макияж,,False
43207,Тушь для бровей the one - тёмно-коричневый,Макияж,,False
43208,Петля для формирования причёски,Аксессуары,high,True
43214,CC-гель совершенствующий тон кожи Giordani Gold - Естественный,Макияж,high,True
43215,Тональное средство Giordani Gold - Светлый,Макияж,medium,True
43216,Тональное средство Giordani Gold - Натуральный,Макияж,medium,True
43217,Тональное средство Giordani Gold - Загар,Макияж,medium,True
43226,Набор заколок для волос,Наборы,,False
43234,Многофункциональная тушь для ресниц 5 в 1 the one wonder lash - ультрачёрный,Макияж,,False
43243,Сияющая тональная основа giordani gold spf 25 - нейтральный ванильный,Макияж,,False
43244,Тональное средство Giordani Gold - Тёплый фарфоровый,Макияж,medium,True
43245,Тональное средство Giordani Gold - Светлый беж,Макияж,medium,True
43246,Тональное средство Giordani Gold - Мягкий песочный,Макияж,medium,True
43247,Тональное средство Giordani Gold - Слоновая кость,Макияж,medium,True
43248,Тональное средство Giordani Gold - Естественный беж,Макияж,medium,True
43249,Тональное средство Giordani Gold - Тёплый беж,Макияж,medium,True
43253,Скраб-шампунь для волос с углём love nature,Уход за волосами,,False
43254,Асимметричное колье с фиолетовыми кристаллами,Украшения,,False
43255,Серьги с подвесками из фиолетовых кристаллов,Украшения,,False
43256,Косметичка,Аксессуары,,False
43265,Чехол для кистей,Аксессуары,,False
43266,Классическая сумка с перфорацией,Аксессуары,,False
43268,Туалетная вода signature generation for him,Парфюмерия,,False
43269,Классический кошелёк с перфорацией,Аксессуары,,False
43271,Питательный коктейль для контроля веса - ванильный вкус,Wellness и питание,,False
43279,Губная помада 5 в 1 the one colour stylist - карамельный ангел,Макияж,,False
43280,Губная помада Giordani Gold - Ледяной нюд,Макияж,medium,True
43281,Губная помада Giordani Gold - Девичий румянец,Макияж,medium,True
43282,Губная помада Giordani Gold - Девушка с перчинкой,Макияж,medium,True
43283,Губная помада Giordani Gold - Дерзкая роза,Макияж,medium,True
43284,Губная помада Giordani Gold - Строптивая слива,Макияж,medium,True
43295,Губная помада 5 в 1 с эффектом объёма the one colour stylist - кремовый нюд,Макияж,,False
43296,Губная помада Giordani Gold - Пепельная роза,Макияж,medium,True
43297,Губная помада Giordani Gold - Элегантный розовый,Макияж,medium,True
43298,Губная помада Giordani Gold - Дикая вишня,Макияж,medium,True
43299,Губная помада Giordani Gold - Ягодный микс,Макияж,medium,True
43300,Губная помада Giordani Gold - Тёплый коралл,Макияж,medium,True
43301,Губная помада Giordani Gold - Горячий шоколад,Макияж,medium,True
43302,Губная помада Giordani Gold - Классический красный,Макияж,medium,True
43303,Пышная слива,Макияж,medium,True
43304,Насыщенный винный,Макияж,medium,True
43337,Стик для макияжа The ONE,Макияж,high,True
43340,Глянцевая губная помада-кушон the one irresistible touch - мерцающий нюд,Макияж,,False
43341,Искрящийся маув,Макияж,medium,True
43342,Сияющая роза,Макияж,medium,True
43343,Блестящий красный,Макияж,medium,True
43344,Морозная слива,Макияж,medium,True
43345,Игристый бургунди,Макияж,medium,True
43346,Стойкие тени-подводка для век the one colour unlimited - лазурный синий,Макияж,,False
43347,Тени-подводка для век the one colour unlimited - зелёный изумруд,Макияж,,False
43348,Игристый нюд,Макияж,medium,True
43349,Фиалковый сорбет,Макияж,medium,True
43350,Розовый закат,Макияж,medium,True
43368,Ультрапигментированная тональная основа в стике the one - ванильный нюд,Макияж,,False
43369,Фарфоровый,Макияж,medium,True
43370,Светлый розовый,Макияж,medium,True
43371,Светлый беж,Макияж,medium,True
43372,Слоновая кость,Макияж,medium,True
43373,Тёплый беж,Макияж,medium,True
43389,Подарочный набор miss giordani,Наборы,,False
43391,Подарочный набор giordani gold man,Наборы,,False
43395,Сатиновая губная помада giordani gold iconic - кремовый беж,Макияж,,False
43396,Розовый нюд,Макияж,medium,True
43397,Сливовый маув,Макияж,medium,True
43398,Нежный пион,Макияж,medium,True
43399,Солнечный розовый,Макияж,medium,True
43400,Яркая фуксия,Макияж,medium,True
43402,Классический красный,Макияж,medium,True
43403,Сатиновая помада Giordani Gold Iconic - Глубокий винный,Макияж,high,True
43416,Рассыпчатая пудра the one make-up pro,Макияж,,False
43456,Мультифункциональный увлажняющий крем-тон для лица the one a-z spf 30 - светлый,Уход за лицом,,False
43457,Увлажняющий крем-тон для лица THE ONE A-Z SPF 30 - Слоновая кость,Макияж,high,True
43458,Увлажняющий крем-тон для лица THE ONE A-Z SPF 30 - Естественный,Макияж,high,True
43459,Увлажняющий крем-тон для лица THE ONE A-Z SPF 30 - Бежевый,Макияж,high,True
43460,Мультифункциональный матирующий крем-тон для лица the one a-z spf 30 - светлый,Уход за лицом,,False
43461,Увлажняющий крем-тон для лица THE ONE A-Z SPF 30 - Слоновая кость,Макияж,medium,True
43462,Увлажняющий крем-тон для лица THE ONE A-Z SPF 30 - Естественный,Макияж,medium,True
43463,Увлажняющий крем-тон для лица THE ONE A-Z SPF 30 - Бежевый,Макияж,medium,True
43506,Тинт для губ и щёк The ONE In Action - Милый розовый,Макияж,high,True
43507,Тинт для губ и щёк The ONE In Action - Энергичный красный,Макияж,high,True
43508,Тинт для губ и щёк The ONE In Action - Свежий ягодный,Макияж,high,True
43509,Влагостойкая тушь для ресниц the one in action,Макияж,,False
43510,Суперстойкая тональная основа the one in action spf 40 - светлый,Макияж,,False
43511,Тональное средство - Средний,Макияж,medium,True
43512,Тональное средство - Тёмный,Макияж,medium,True
43582,"Гель для душа vitacare "" Бодрящий апельсин """,Уход за телом,,False
43588,"Гель для душа vitacare "" Сочный лайм и имбирь """,Уход за телом,,False
43589,"Гель для душа vitacare "" Нежная макадамия """,Уход за телом,,False
43624,Кондиционер для жирных волос с органическими лимоном и мятой love nature,Уход за волосами,,False
43659,Сумка-шопер love the planet,Аксессуары,,False
43660,Кружка для кофе love the planet,Товары для дома и подарки,,False
43661,Укрепляющая маска-смузи для волос love nature,Уход за волосами,,False
43662,Парфюмерная вода amber elixir. мини-спрей,Парфюмерия,,False
43663,Парфюмерная вода possess. мини-спрей,Парфюмерия,,False
43664,Спрей для тела и помещений с эфирными маслами сандала и лавандина «релакс»,Уход за телом,,False
43665,Шариковый дезодорант giordani gold woman,Дезодоранты,,False
43666,Парфюмированный крем для рук eclat nuit,Парфюмерия,,False
43667,Светодиодное селфи-кольцо для смартфона,Украшения,,False
43668,Мужская дорожная косметичка,Аксессуары,,False
43672,Парфюмированный рем для рук women's collection innocent white lilac,Парфюмерия,,False
43677,Женские носки в подарочной упаковке,Одежда и текстиль,,False
43683,Подарочный набор мужских носков,Наборы,,False
43684,Мужской шарф,Аксессуары,,False
43685,Мужской бумажник,Аксессуары,high,True
43691,Комплексный лифтинг-уход novage+ lift + firm (насыщенная текстура),Уход за лицом,,False
43696,Парфюмерная вода all or nothing unique accord #1,Парфюмерия,,False
43703,"Колье "" Завораживающий кварц """,Украшения,,False
43704,"Серьги "" Завораживающий кварц """,Украшения,,False
43707,Колье «загадочный аквамарин»,Украшения,,False
43708,Подарочный набор volare,Наборы,,False
43722,"Колье "" Летний аметист """,Украшения,,False
43723,"Серьги "" Летний аметист """,Украшения,,False
43726,"Кольцо "" Летний аметист "" Размер 17",Украшения,,False
43728,"Кольцо "" Летний аметист "" Размер 18",Украшения,,False
43735,"Кольцо "" Летний аметист "" Размер 19",Украшения,,False
43738,"Кольцо "" Летний аметист "" Размер 20",Украшения,,False
43762,"Колье с натуральным обсидианом "" Уникальный момент """,Украшения,,False
43763,"Серьги с натуральным обсидианом "" Уникальный момент """,Украшения,,False
43764,"Коктейльное кольцо с натуральным обсидианом "" Уникальный момент "" , размер 17",Украшения,,False
43765,"Коктейльное кольцо с натуральным обсидианом "" Уникальный момент "" , размер 18",Украшения,,False
43766,"Коктейльное кольцо с натуральным обсидианом "" Уникальный момент "" , размер 19",Украшения,,False
43767,"Коктейльное кольцо с натуральным обсидианом "" Уникальный момент "" , размер 20",Украшения,,False
43768,"Браслет с натуральным обсидианом "" Уникальный момент """,Украшения,,False
43769,"Колье с натуральным хризопразом "" Безграничные чувства """,Украшения,,False
43770,"Коктейльное кольцо с натуральным хризопразом "" Безграничные чувства "" , размер 16",Украшения,,False
43771,"Коктейльное кольцо с натуральным хризопразом "" Безграничные чувства "" , размер 17",Украшения,,False
43772,"Коктейльное кольцо с натуральным хризопразом "" Безграничные чувства "" , размер 18",Украшения,,False
43773,"Коктейльное кольцо с натуральным хризопразом "" Безграничные чувства "" , размер 19",Украшения,,False
43774,"Серьги с натуральным хризопразом "" Безграничные чувства """,Украшения,,False
43775,"Колье с натуральным розовым кварцем и авантюрином "" Совершенный образ """,Украшения,,False
43776,"Серьги с натуральным розовым кварцем и авантюрином "" Совершенный образ """,Украшения,,False
43777,"Кольцо с натуральным розовым кварцем и авантюрином "" Совершенный образ "" , размер 16",Украшения,,False
43778,"Кольцо с натуральным розовым кварцем и авантюрином "" Совершенный образ "" , размер 17",Украшения,,False
43779,"Кольцо с натуральным розовым кварцем и авантюрином "" Совершенный образ "" , размер 18",Украшения,,False
43780,"Кольцо с натуральным розовым кварцем и авантюрином "" Совершенный образ "" , размер 19",Украшения,,False
43781,"Колье с натуральным гранатом "" Преображение """,Украшения,,False
43782,"Серьги с натуральным гранатом "" Преображение """,Украшения,,False
43783,"Кольцо с натуральным гранатом "" Преображение "" , размер 17",Украшения,,False
43784,"Кольцо с натуральным гранатом "" Преображение "" , размер 18",Украшения,,False
43785,"Кольцо с натуральным гранатом "" Преображение "" , размер 19",Украшения,,False
43786,"Кольцо с натуральным гранатом "" Преображение "" , размер 20",Украшения,,False
43787,"Колье с натуральным раухтопазом "" Гармония """,Украшения,,False
43788,"Серьги с натуральным раухтопазом "" Гармония """,Украшения,,False
43789,"Браслет с натуральным раухтопазом "" Гармония """,Украшения,,False
43790,"Кольцо с натуральным раухтопазом "" Гармония "" , размер 17",Украшения,,False
43791,"Кольцо с натуральным раухтопазом "" Гармония "" , размер 18",Украшения,,False
43792,"Кольцо с натуральным раухтопазом "" Гармония "" , размер 19",Украшения,,False
43793,"Кольцо с натуральным раухтопазом "" Гармония "" , размер 20",Украшения,,False
43794,"Колье с натуральным белым топазом "" Грация """,Украшения,,False
43795,"Серьги с натуральным белым топазом "" Грация """,Украшения,,False
43796,"Кольцо с натуральным белым топазом "" Грация "" , размер 16",Украшения,,False
43797,"Кольцо с натуральным белым топазом "" Грация "" , размер 17",Украшения,,False
43798,"Кольцо с натуральным белым топазом "" Грация "" , размер 18",Украшения,,False
43799,"Кольцо с натуральным белым топазом "" Грация "" , размер 19",Украшения,,False
43800,"Кольцо с натуральным белым топазом "" Грация "" , размер 20",Украшения,,False
43801,Колье,Украшения,,False
43802,"Подвеска с натуральным белым топазом на шнурке "" Грация """,Украшения,,False
43803,"Колье с натуральным соколиным глазом "" Главная роль """,Украшения,,False
43804,"Серьги с натуральным соколиным глазом "" Главная роль """,Украшения,,False
43805,"Колье с натуральным розовым кварцем "" Подарок любви """,Украшения,,False
43806,"Серьги с натуральным розовым кварцем "" Подарок любви """,Украшения,,False
43807,"Коктейльное кольцо с натуральным розовым кварцем "" Подарок любви "" , размер 17",Украшения,,False
43808,"Коктейльное кольцо с натуральным розовым кварцем "" Подарок любви "" , размер 18",Украшения,,False
43809,"Коктейльное кольцо с натуральным розовым кварцем "" Подарок любви "" , размер 19",Украшения,,False
43810,"Коктейльное кольцо с натуральным розовым кварцем "" Подарок любви "" , размер 20",Украшения,,False
43811,"Колье с натуральным синим агатом "" Безупречный стиль """,Украшения,,False
43812,"Серьги с натуральным синим агатом "" Безупречный стиль """,Украшения,,False
43813,"Кольцо с натуральным синим агатом "" Безупречный стиль "" , размер 17",Украшения,,False
43814,"Кольцо с натуральным синим агатом "" Безупречный стиль "" , размер 18",Украшения,,False
43815,"Кольцо с натуральным синим агатом "" Безупречный стиль "" , размер 19",Украшения,,False
43816,"Кольцо с натуральным синим агатом "" Безупречный стиль "" , размер 20",Украшения,,False
43817,"Колье с натуральным тигровым глазом "" Настроение """,Украшения,,False
43818,"Серьги с натуральным тигровым глазом "" Настроение """,Украшения,,False
43819,"Колье с натуральным карнелианом "" Страсть и чувственность """,Украшения,,False
43820,"Серьги с натуральным карнелианом "" Страсть и чувственность """,Украшения,,False
43821,"Кольцо с натуральным карнелианом "" Страсть и чувственность "" , размер 17",Украшения,,False
43822,"Кольцо с натуральным карнелианом "" Страсть и чувственность "" , размер 18",Украшения,,False
43823,"Кольцо с натуральным карнелианом "" Страсть и чувственность "" , размер 19",Украшения,,False
43836,"Колье с натуральным лунным камнем "" Центр притяжения """,Украшения,,False
43837,"Серьги с натуральным лунным камнем "" Центр притяжения """,Украшения,,False
43838,"Серьги с реконструированным гематитом "" Премьера """,Украшения,,False
43839,"Колье-чокер с реконструированным гематитом "" Премьера """,Украшения,,False
43840,"Колье с натуральным малахитом "" Повод блистать """,Украшения,,False
43841,"Серьги с натуральным малахитом "" Повод блистать """,Украшения,,False
43842,"Колье с натуральной яшмой "" Палитра """,Наборы,,False
43844,"Серьги с натуральной яшмой "" Палитра """,Наборы,,False
43845,"Брошь с натуральным диопсидом "" Драгоценный подарок """,Украшения,,False
43846,"Брошь с натуральной чёрной шпинелью "" Премьера """,Украшения,,False
43848,"Брошь с натуральным тигровым глазом "" Энергия природы """,Украшения,,False
43849,"Кольцо с натуральным карнелианом "" Страсть и чувственность "" , размер 20",Украшения,,False
43850,Маска для лица многоразовая фиксирующая,Уход за лицом,,False
43888,Легкий мультиактивный дневной крем novage+ spf 30 (пробник),Уход за лицом,,False
43889,Легкий дневной крем novage+,Уход за лицом,,False
43890,Насыщенный мультиактивный дневной крем novage+ spf 30 (пробник),Уход за лицом,,False
43891,Насыщенный дневной крем novage+,Уход за лицом,,False
43892,Крем для кожи вокруг глаз против пигментации novage+ bright intense (пробник),Уход за лицом,,False
43893,Крем для кожи вокруг глаз против морщин novage+ wrinkle smooth (пробник),Уход за лицом,,False
43894,Крем-лифтинг для кожи вокруг глаз novage+ lift+ firm (пробник),Уход за лицом,,False
43896,Сыворотка-лифтинг для лица novage+ lift + firm (пробник),Уход за лицом,,False
43897,Сыворотка для лица против морщин novage+ wrinkle smooth (пробник),Уход за лицом,,False
43898,Сыворотка для лица против пигментации novage+ bright intense (пробник),Уход за лицом,,False
43899,Антивозрастная сыворотка для проблемной кожи novage+ blemish + age defy (пробник),Уход за лицом,,False
43901,Очищающий гель для лица novage+ (пробник),Уход за лицом,,False
43902,Очищающее масло для лица novage+ (пробник,Уход за лицом,,False
43904,Лёгкий мультиактивный ночной крем novage+ (пробник),Уход за лицом,,False
43905,Насыщенный мультиактивный ночной крем novage+ (пробник),Уход за лицом,,False
43906,Выравнивающий крем для лица с spf 10 glow essentials,Уход за лицом,,False
43908,Очищающее средство для лица 3 в 1 glow essentials,Уход за лицом,,False
43909,Мыло для лица и тела glow essentials,Уход за лицом,,False
43910,Маска-скраб 2 в 1 glow essentials,Уход за телом,,False
43925,Спрей дезодорант-антиперспирант c выравнивающим тон кожи эффектом activelle,Дезодоранты,,False
43926,Шариковый дезодорант-антиперспирант c выравнивающим тон кожи эффектом activelle,Дезодоранты,,False
43927,Шариковый дезодорант north for men ultimate balance,Дезодоранты,,False
43928,Кремовый дезодорантc выравнивающим тон кожи эффектом activelle,Дезодоранты,,False
43929,Мыло north for men ultimate balance,Уход за телом,,False
43932,Гель для душа north for men ultimate balance,Уход за телом,,False
43936,Парфюмерная вода giordani gold good as gold,Парфюмерия,,False
43937,Парфюмерная вода giordani gold man (пробник),Парфюмерия,,False
43938,Парфюмерная вода giordani gold woman (пробник),Парфюмерия,,False
43950,Часы с силиконовым браслетом,Украшения,,False
43951,Туалетная вода eclat femme weekend. мини-спрей,Парфюмерия,,False
43961,Органайзер для косметики,Аксессуары,,False
43965,Адаптивная матовая тональная основа the one - нейтральный ванильный (пробник),Макияж,,False
43968,Женская туалетная вода greater,Парфюмерия,,False
43979,Серебристая подарочная коробка giordani gold,Товары для дома и подарки,,False
43980,Золотистая подарочная коробка giordani gold,Товары для дома и подарки,,False
43983,Стакан с трубочкой,Товары для дома и подарки,high,True
43985,Маркер для бровей the one - светло-коричневый,Макияж,,False
43986,Коричневый (оттенок),Макияж,low,True
43987,Тёмно-коричневый (оттенок),Макияж,low,True
44001,Щипчики для завивки ресниц,Уход за руками и ногами,,False
44002,Пинцет для бровей,Макияж,,False
44003,Трафареты для бровей,Макияж,,False
44004,Защитная накладка-трафарет для макияжа глаз,Аксессуары,high,True
44005,Мочалка для душа с углём,Уход за телом,,False
44007,Палетка для макияжа The ONE,Макияж,high,True
44008,Закрепляющий спрей для макияжа The ONE Make-up Pro,Макияж,high,True
44009,Мини-флакон для духов с пульверизатором,Аксессуары,,False
44016,Пилка для ног 4 в 1,Уход за руками и ногами,,False
44018,Дорожная косметичка,Аксессуары,,False
44020,Набор для мужского груминга,Наборы,,False
44038,Набор для маникюра в подарочном футляре,Наборы,,False
44053,Фигурная кисть для макияжа,Макияж,,False
44058,Гель для душа discover «солнечные мальдивы»,Уход за телом,,False
44068,Гель для душа discover «джунгли коста-рики»,Уход за телом,,False
44086,Гель для душа discover «голливудская мечта»,Уход за телом,,False
44088,Гель для душа discover «неизведанная камчатка»,Уход за телом,,False
44098,Омолаживающий дневной крем spf 30 novage+ restore,Уход за лицом,,False
44118,Гель для душа discover «пляжи калифорнии»,Уход за телом,,False
44138,Очищающее мыло для лица и тела pure skin,Уход за лицом,,False
44155,Глянцевый лак для ногтей oncolour - клубника,Макияж,,False
44157,Кружка в подарочной упаковке,Товары для дома и подарки,,False
44158,Восстанавливающий скраб для лица с клюквой love nature,Уход за лицом,,False
44159,Очищающая маска для лица с вербеной love nature,Уход за лицом,,False
44220,Витамин d3,Wellness и питание,,False
44221,Комплекс «морской магний и витамин b6»,Wellness и питание,,False
44225,"Брошь с натуральным розовым кварцем "" Стильные перемены """,Украшения,,False
44226,"Ожерелье с натуральным лазуритом "" Авансцена """,Украшения,,False
44227,"Серьги с натуральным лазуритом "" Авансцена """,Украшения,,False
44253,Мультифункциональное очищающее средство optimals urban guard 3d,Уход за лицом,,False
44254,Защитная сыворотка optimals urban guard 3d,Уход за лицом,,False
44257,Увлажняющий спрей для лица optimals urban guard 3d,Уход за лицом,,False
44259,Защитный дневной крем optimals urban guard 3d spf 25,Уход за лицом,,False
44260,Защитный ночной крем optimals urban guard 3d,Уход за лицом,,False
44269,Мужские часы с акцентным циферблатом,Аксессуары,,False
44272,Подарочный набор серёг в стиле минимализм,Наборы,,False
44274,Подарочный набор украшений в романтичном стиле,Наборы,,False
44277,Подарочный набор украшаений в классическом стиле,Наборы,,False
44278,Подарочный набор украшений в коктейльном стиле,Наборы,,False
44279,Женские часы с кристаллами в классическом стиле,Аксессуары,,False
44280,Ухаживающий крем для рук с органическим маслом авокадо love nature,Уход за руками и ногами,,False
44281,Разглаживающая тканевая маска с персиком love nature,Уход за лицом,,False
44282,Очищающая тканевая маска с гранатом love nature,Уход за лицом,,False
44285,Омолаживающий ночной крем novage+ restore,Уход за лицом,,False
44288,Туалетная вода oh! sweet dulce de leche,Парфюмерия,,False
44289,Туалетная вода oh! sweet dulce de leche (пробник),Парфюмерия,,False
44300,Очищающая маска для лица с вербеной love nature,Уход за лицом,,False
44306,Парфюмированная вода love potion sensual ruby,Парфюмерия,,False
44307,Туалетная вода venture power,Парфюмерия,,False
44308,Туалетная вода venture power,Парфюмерия,,False
44312,Подарочный набор gg good as gold,Наборы,,False
44314,Туалетная вода whispers of me,Парфюмерия,,False
44315,Парфюмерная вода infinita my sunshine,Парфюмерия,,False
44316,Парфюмерная вода infinita my sunshine,Парфюмерия,,False
44317,Парфюмерная вода so fever ecstatic her,Парфюмерия,,False
44318,Парфюмированная вода so fever ecstatic her,Парфюмерия,,False
44319,Туалетная вода so fever ecstatic him,Парфюмерия,,False
44323,Парфюмированная вода so fever ecstatic him,Парфюмерия,,False
44327,Туалетная вода men's collection wild green,Парфюмерия,,False
44328,Мыло springtime stroll,Уход за телом,,False
44329,Подарочный набор серёг в торжественном стиле,Наборы,,False
44335,Подарочный набор украшений в элегантном стиле,Наборы,,False
44336,Подарочный набор украшений в стиле символизм,Наборы,,False
44337,Подарочный набор украшений в стиле глэм,Наборы,,False
44341,Мужская косметичка,Аксессуары,,False
44343,Мужской чехол для пластиковых карт,Аксессуары,,False
44344,Женский чехол для пластиковых карт,Аксессуары,,False
44346,Бутылка для воды с отсеком для фруктов,Товары для дома и подарки,,False
44351,Крем для ног с розовым грейпфрутом и киви feet up,Уход за руками и ногами,,False
44352,Спрей-дезодорант для ног с розовым грейпфрутом и киви feet up,Дезодоранты,,False
44353,Крем для рук springtime stroll,Уход за руками и ногами,,False
44354,Крем для рук springtime stroll,Уход за руками и ногами,,False
44355,Гель для душа springtime stroll,Уход за телом,,False
44357,Гель для душа springtime stroll,Уход за телом,,False
44370,Скраб для тела the body edition,Уход за телом,,False
44371,Гель для душа с сосной и эвкалиптом scents & moment,Уход за телом,,False
44372,Гель для душа с клубникой и чёрной смородиной scents & moments,Уход за телом,,False
44376,Шампунь для волос и тела для чувствительной кожи north for men sensitive protect,Уход за волосами,,False
44377,Шариковый дезодорант-антиперспирант для чувствительной кожи north for men sensitive protect,Дезодоранты,,False
44378,Гель 2-в-1 для бритья и умывания для чувствительной кожи north for men sensitive protect,Уход за лицом,,False
44387,Омолаживающий бустер для лица optimals,Уход за лицом,,False
44397,Специальное смягчающее средство с маслом яблочных семян,Уход за лицом,,False
44398,Специальное смягчающее средство с маслом семян арбуза,Уход за лицом,,False
44399,Кремовая маска для лица с органическим авокадо для питания кожи love nature,Уход за лицом,,False
44422,Кремовая маска для лица с органическим авокадо для питания кожи love nature,Уход за лицом,,False
44443,Женский роликовый дезодорант-антиперспирант nordic waters,Дезодоранты,,False
44480,Комплексный уход-комфорт novage skinrelief pro resilient,Уход за лицом,,False
44481,Асимметричный браслет-кафф,Украшения,,False
44483,Браслет,Украшения,,False
44485,Подарочный набор серег,Наборы,,False
44486,Серьги со съемными подвесками-пчелками,Украшения,,False
44487,Серьги,Украшения,,False
44488,Асимметричные серьги-кольца,Украшения,,False
44489,Цветные серьги-узлы,Украшения,,False
44490,Асимметричное ожерелье с пластинами,Украшения,,False
44491,Колье с подвеской-пчелкой,Украшения,,False
44492,Ожерелье,Украшения,,False
44493,Цветное плетеное ожерелье,Украшения,,False
44494,Кольцо-соты с пчелкой,Украшения,,False
44496,Набор кремов для рук secret garden,Наборы,,False
44497,Часы с делениями-пчелками,Аксессуары,,False
44498,Часы золотистые классические,Аксессуары,,False
44509,Разноцветный клетчатый шарф,Аксессуары,,False
44519,Шарф с контрастным принтом,Аксессуары,,False
44535,Кейп на молнии,Одежда и текстиль,medium,True
44547,Выравнивающая база под макияж the one make-up pro,Макияж,,False
44551,Масло для губ The ONE - Нюд,Макияж,high,True
44552,Масло для губ The ONE - Красный,Макияж,medium,True
44553,Масло для губ THE ONE Lip Spa Lip Oil - Лиловый,Макияж,high,True
44568,Органайзер-косметичка для сумки,Аксессуары,,False
44569,Мыло north for men active carbon,Уход за телом,,False
44574,Пена для бритья north for men active carbon,Уход за телом,,False
44575,"Средство для душа, волос и умывания 3 в 1 north for men active carbon",Уход за волосами,,False
44588,Освежающий гель для душа с океанским аккордом scents & moments,Уход за телом,,False
44589,Чувственный гель для душа с пионом scents & moments,Уход за телом,,False
44592,Рюкзак,Аксессуары,high,True
44596,Асимметричная сумочка-сэдл,Аксессуары,,False
44597,Косметичка,Аксессуары,,False
44598,Сумка-торба в клетку,Аксессуары,,False
44599,Набор резинок для фитнеса,Наборы,,False
44623,Многоугольная сумочка-сэдл,Аксессуары,,False
44624,Сумочка-клатч со съемным ремешком,Аксессуары,,False
44632,Сумочка с отделкой-бантом,Аксессуары,,False
44641,Солнцезащитные очки,Уход за телом,,False
44647,"Увлажняющий CC-гель, совершенствующий тон кожи Giordani Gold - Естественный",Макияж,medium,True
44648,Увлажняющий CC-гель Giordani Gold - Светлый,Макияж,medium,True
44649,Увлажняющий CC-гель Giordani Gold - Натуральный,Макияж,medium,True
44650,Увлажняющий CC-гель Giordani Gold - Загар,Макияж,medium,True
44655,Водостойкая супертушь для ресниц giordani gold,Макияж,,False
44658,Матирующая тональная основа oncolour - фарфоровый (пробник),Макияж,,False
44680,Комплексный уход против пигментации novage brilliance infinite luminosity,Уход за лицом,,False
44691,Детский лосьон для тела с яблоком love nature,Уход за телом,,False
44715,Суперстойкая матовая жидкая помада the one colour unlimited - пряный нюд,Макияж,,False
44716,Медовая карамель,Макияж,medium,True
44717,Румяный беж,Макияж,medium,True
44718,Пыльная роза,Макияж,medium,True
44719,Пепельный маув,Макияж,medium,True
44720,Цветущий пион,Макияж,medium,True
44721,Нежный коралл,Макияж,medium,True
44722,Терракотовый красный,Макияж,medium,True
44723,Огненный алый,Макияж,medium,True
44724,Ранняя вишня,Макияж,medium,True
44736,Брошь «тигр»,Украшения,,False
44737,Брошь «cова»,Украшения,,False
44743,Серьги «багряный гранат»,Украшения,,False
44748,Серьги «ледяной топаз»,Украшения,,False
44769,Мужская косметичка,Аксессуары,,False
44774,Аппарат для маникюра,Уход за руками и ногами,,False
44782,Набор кистей для макияжа,Наборы,,False
44799,Колье,Украшения,,False
44810,Четырехцветные тени для век the one - тауп-сиреневый,Макияж,,False
44811,Серебристо-серый,Макияж,medium,True
44812,Золотисто-зелёный,Макияж,medium,True
44813,Сливово-розовый,Макияж,medium,True
44821,Жидкая губная помада-эликсир spf 15 giordani gold - бархатный румянец,Макияж,,False
44822,Нежный нюд,Макияж,medium,True
44823,Мягкая карамель,Макияж,medium,True
44824,Приглушённый коралл,Макияж,medium,True
44825,Пряная роза,Макияж,medium,True
44826,Губная помада - Шоколадный велюр,Макияж,medium,True
44827,Губная помада - Розовое дерево,Макияж,medium,True
44828,Губная помада - Винная ягода,Макияж,medium,True
44829,Губная помада - Роскошный алый,Макияж,medium,True
44830,Губная помада - Пышная вишня,Макияж,medium,True
44833,Компактная пудра с омолаживающей сывороткой giordani gold - светлый,Макияж,,False
44834,Тональное средство - Средний,Макияж,medium,True
44835,Тональное средство - Тёмный,Макияж,medium,True
44839,Колье «багряный гранат»,Украшения,,False
44846,Румяна-бронзер в шариках gg - сияние золота,Макияж,,False
44847,Стойкая минеральная тональная основа giordani gold - нейтральный ванильный,Макияж,,False
44848,Тональное средство - Тёплый фарфоровый,Макияж,medium,True
44849,Тональное средство - Нейтральный мраморный,Макияж,medium,True
44850,Тональное средство - Светлый бежевый,Макияж,medium,True
44851,Тональное средство - Мягкий песочный,Макияж,medium,True
44852,Тональное средство - Слоновая кость,Макияж,medium,True
44853,Тональное средство - Естественный бежевый,Макияж,medium,True
44855,Сатиновая губная помада giordani gold iconic - нежный нюд,Макияж,,False
44856,Губная помада - Глянцевый лиловый,Макияж,medium,True
44857,Губная помада - Роскошная орхидея,Макияж,medium,True
44858,Губная помада - Шелковистая роза,Макияж,medium,True
44859,Губная помада - Сливочный мокко,Макияж,medium,True
44860,Губная помада - Шикарная слива,Макияж,medium,True
44861,Губная помада - Изысканный ягодный,Макияж,medium,True
44862,Губная помада - Безупречный розовый,Макияж,medium,True
44863,Губная помада - Атласный красный,Макияж,medium,True
44864,Губная помада - Королевский гранат,Макияж,medium,True
44865,Мультифункциональный сс-крем gg spf 30 - светлый,Уход за лицом,,False
44866,Тональное средство - Естественный,Макияж,low,True
44869,Антивозрастная тон. основа с пребиотической сывороткой giordani gold - фарфоровый (тёплый),Макияж,,False
44871,Антивозрастная тон. основа с пребиотической сывороткой giordani gold - слоновая кость (нейтральный),Макияж,,False
44872,Антивозрастная тон. основа с пребиотической сывороткой giordani gold - бежевый (тёплый),Макияж,,False
44915,Румяна-бронзер в шариках giordani gold - естественный румянец,Макияж,,False
44916,Румяна - Мерцающий персик,Макияж,medium,True
44917,Румяна - Светящаяся роза,Макияж,medium,True
44918,Бронзер - Сияющая бронза,Макияж,medium,True
44941,Комплексный лифтинг-уходnovage ultimate lift contour define,Уход за лицом,,False
44950,Шампунь для интенсивного восстановления волос duologi,Уход за волосами,,False
44951,Шампунь против перхоти duologi,Уход за волосами,,False
44952,Освежающая зубная паста optifresh,Гигиена и полость рта,,False
44953,Зубная паста с травяными маслами optifresh,Гигиена и полость рта,,False
44954,Детская зубная паста с клубничным вкусом optifresh,Гигиена и полость рта,,False
44955,Шампунь против выпадения волос duologi,Уход за волосами,,False
44956,Шампунь для защиты цвета duologi,Уход за волосами,,False
44957,Шампунь для интенсивного восстановления волос duologi (рефил),Уход за волосами,,False
44958,Шампунь против выпадения волос duologi (рефил),Уход за волосами,,False
44960,Насыщенный крем-кондиционер для волос duologi,Уход за волосами,,False
44961,Лёгкий крем-кондиционер для волос duologi,Уход за волосами,,False
44962,Сухой шампунь для контроля жирности duologi,Уход за волосами,,False
44963,Маска для интенсивного восстановления волос duologi,Уход за волосами,,False
44964,Восстанавливающая сыворотка для секущихся волос duologi,Уход за волосами,,False
44965,Успокаивающий тоник для кожи головы duologi,Уход за лицом,,False
44966,Скраб для кожи головы против перхоти duologi,Уход за телом,,False
44967,Тоник для кожи головы против выпадения волос duologi,Уход за волосами,,False
44968,Мультифункциональный сс-спрей для волос duologi,Уход за волосами,,False
44973,Колье «солнечный цитрин»,Украшения,,False
44976,Серьги «солнечный цитрин»,Украшения,,False
44983,Кольцо «солнечный цитрин». размер 17,Украшения,,False
44990,Несмываемый крем-уход для волос 2 в 1 duologi,Уход за волосами,,False
44991,Шариковый дезодорант-антиперспирант eclat femme weekend,Дезодоранты,,False
44992,Мужской шариковый дезодорант-антиперспирант greater,Дезодоранты,,False
44998,Колье «ледяной топаз»,Украшения,,False
45032,Кольцо «ледяной топаз». размер 16,Украшения,,False
45033,Шлифовальная пилка для ног,Уход за руками и ногами,,False
45036,Кольцо «ледяной топаз». размер 17,Украшения,,False
45037,Кольцо «ледяной топаз». размер 18,Украшения,,False
45038,Кольцо «ледяной топаз». размер 19,Украшения,,False
45068,Матирующий ролик,Уход за лицом,low,True
45079,Мочалка для душа,Уход за телом,,False
45081,Роликовый криомассажёр для лица,Уход за лицом,,False
45082,Очищающая щётка для лица,Уход за лицом,,False
45084,Набор дорожных контейнеров,Наборы,,False
45090,Тушь для ресниц 5 в 1 the one wonder lash ultra c эффектом hd - синий,Макияж,,False
45106,Тальк для тела с цветочным ароматом love nature,Парфюмерия,,False
45107,Гелевая маска для лица с органической маракуйей для увлажнения кожи love nature,Уход за лицом,,False
45109,Фигурная мочалка для душа,Уход за телом,,False
45133,Гелевая маска для лица с органической маракуйей для увлажнения кожи love nature,Уход за лицом,,False
45138,Крем для лица wellosophy-разглаживание и обновление,Уход за лицом,,False
45139,Гель-сыворотка для лица wellosophy-омоложение и восстановление,Уход за лицом,,False
45147,Масло-сыворотка wellosophy - упругость и сияние,Уход за лицом,,False
45148,Бальзам для кожи вокруг глаз wellosophy-увлажнение и восстановление,Уход за лицом,,False
45149,Очищающее средство для лица wellosophy - сияние и баланс,Уход за лицом,,False
45152,Маска для лица wellosophy - отшелушивание и тонизирование,Уход за лицом,,False
45243,Лёгкий крем для лица против пигментации optimals even out,Уход за лицом,,False
45245,Насыщенный крем для лица против пигментации optimals even out,Уход за лицом,,False
45248,Сыворотка для лица против пигментации optimals even out,Уход за лицом,,False
45252,Эмульсия для лица против воспалений novage,Уход за лицом,,False
45253,Гель против воспалений 24-часового действия novage,Уход за лицом,,False
45255,Юбилейная коллекция 2022. женские солнцезащитные очки,Уход за телом,,False
45256,Мужские солнцезащитные очки в матовой оправе,Уход за телом,,False
45258,Пляжное полотенце на петле,Одежда и текстиль,,False
45259,Пляжная сумка-холодильник,Аксессуары,,False
45267,Мультифункциональный крем-тон для лица the one a-z spf 30 - светлый,Уход за лицом,,False
45268,Тональное средство - Слоновая кость,Макияж,medium,True
45269,Тональное средство - Естественный,Макияж,low,True
45273,"Нутрикомплекс для кожи, волос и ногтей",Уход за волосами,,False
45275,Кисть для распределения крема,Аксессуары,,False
45276,Лопаточка для нанесения масок,Аксессуары,,False
45277,Лопаточка для нанесения крема,Аксессуары,,False
45279,Массажер для глаз,Уход за телом,,False
45284,Лёгкий увлажняющий крем для лица optimals hydra radiance,Уход за лицом,,False
45285,Насыщенный увлажняющий крем для лица optimals hydra radiance,Уход за лицом,,False
45286,Отшелушивающий скраб для лица optimals,Уход за лицом,,False
45287,Мицеллярная вода optimals,Уход за лицом,,False
45289,Wellosophy Ночной эликсир - восстановление и разглаживание,Wellness и питание,low,True
45290,Мист для лица wellosophy - восстановление и увлажнение,Уход за лицом,,False
45291,Крем для контура глаз и губ optimals,Уход за лицом,,False
45292,Мультифункциональный защитный крем для лица optimals c spf 50,Уход за лицом,,False
45306,Питательный коктейль для контроля веса - ванильный вкус,Wellness и питание,,False
45307,Питательный коктейль для контроля веса - шоколадный вкус,Wellness и питание,,False
45309,"Комплекс "" Морской кальций и витамин d """,Wellness и питание,,False
45312,Пребиотический напиток с пищевыми волокнами,Wellness и питание,,False
45326,Универсальный крем для лица 10 в 1 optimals с spf 25,Уход за лицом,,False
45327,Набор аксессуаров для сна,Наборы,,False
45328,Косметичка с тропическим рисунком,Аксессуары,,False
45353,Тальк для тела с ароматом лаванды и мяты love nature,Парфюмерия,,False
45357,Парфюмерная вода possess absolute man,Парфюмерия,,False
45359,"Жидкие тени с эффектом "" Металлик "" The one - зелёный",Макияж,,False
45360,Тени для век - Фиолетовый,Макияж,medium,True
45361,"Жидкие тени с эффектом "" Металлик "" The one - розовый",Макияж,,False
45362,Тени для век - Персиковый,Макияж,medium,True
45363,Тени для век - Голубой,Макияж,medium,True
45364,Тени для век - Бежевый,Макияж,medium,True
45366,Парфюмерная вода possess absolute man,Парфюмерия,,False
45380,Туалетная вода debonair gentlewoods,Парфюмерия,,False
45381,Шейкер,Wellness и питание,,False
45382,Парфюмированный крем для рук greater,Парфюмерия,,False
45387,Парфюмированный крем для рук greater,Парфюмерия,,False
45391,Стойкие тени-карандаш для век the one colour unlimited - бирюза,Макияж,,False
45392,Тени-карандаш для век the one colour unlimited - ультрафиолет,Макияж,,False
45393,Тени для век - Зефир,Макияж,low,True
45394,Тени для век - Слюда,Макияж,low,True
45395,Парфюмерная вода divine (пробник),Парфюмерия,,False
45397,Парфюмерная вода divine exclusive,Парфюмерия,,False
45425,Крем для рук и ногтей с органическим маслом макадамии love nature. большой объём,Уход за руками и ногами,,False
45426,Питательный крем для рук с органическим маслом кокоса love nature. большой объём,Уход за руками и ногами,,False
45436,Крем для формирования локонов duologi,Уход за лицом,,False
45438,Термозащитный спрей для волос duologi,Уход за волосами,,False
45439,Лак для ногтей the one - пудровый серый,Макияж,,False
45440,Лак для ногтей - Синий деним,Макияж,low,True
45443,Шампунь для придания объёма тонким волосам hairx,Уход за волосами,,False
45513,Детский парфюмированный спрей с клубникой love nature,Парфюмерия,,False
45546,Парфюмированный бальзам после бритья possess the secret man,Парфюмерия,,False
45551,Жидкие румяна-хайлайтер the one - нежный розовый,Макияж,,False
45552,Жидкие румяна-хайлайтер the one - пастельный коралловый,Макияж,,False
45556,Матовая помада с эффектом сияния giordani gold spf 25 - благородный нюд,Макияж,,False
45557,Губная помада - Нежная карамель,Макияж,medium,True
45558,Губная помада - Розовый янтарь,Макияж,medium,True
45559,Губная помада - Пылающий румянец,Макияж,medium,True
45560,Губная помада - Пыльная роза,Макияж,medium,True
45561,Губная помада - Классический маув,Макияж,medium,True
45562,Губная помада - Тёплый багрянец,Макияж,medium,True
45563,Губная помада - Романтический красный,Макияж,medium,True
45564,Губная помада - Огненный бордо,Макияж,medium,True
45565,Губная помада - Нежный клюквенный,Макияж,medium,True
45590,Комплексный уход против морщин novage+ wrinkle smooth,Уход за лицом,,False
45595,Комплексный уход против пигментации novage+ bright intense,Уход за лицом,,False
45608,Комплексный антивозрастной уход для проблемной кожи novage+ blemish + age defy,Уход за лицом,,False
45635,Сияющая тональная основа giordani gold spf 25 - нейтральный ванильный,Макияж,,False
45636,Тональное средство - Тёплый фарфоровый,Макияж,medium,True
45637,Тональное средство - Нейтральный беж,Макияж,medium,True
45638,Тональное средство - Мягкий песочный,Макияж,medium,True
45639,Тональное средство - Слоновая кость,Макияж,medium,True
45640,Тональное средство - Естественный беж,Макияж,medium,True
45641,Тональное средство - Тёплый беж,Макияж,medium,True
45646,"Колье "" Изысканный авантюрин """,Украшения,,False
45658,"Серьги "" Изысканный авантюрин """,Украшения,,False
45673,"Трио колец ""Изысканный авантюрин"", размер 17",Украшения,high,True
45674,"Трио колец ""Изысканный авантюрин"", размер 18",Украшения,high,True
45675,"Трио колец ""Изысканный авантюрин"", размер 19",Украшения,high,True
45694,"Маска для лица waunt "" Восстанавливающий эффект "" (пробник)",Уход за лицом,,False
45695,"Крем-гель для лица waunt "" Эффект мгновенного увлажнения "" (пробник)",Уход за лицом,,False
45696,Дневной крем waunt «дзен-эффект»,Уход за лицом,,False
45699,"База под макияж waunt "" Выравнивающий эффект "" (пробник)",Макияж,,False
45729,Многоразовые диски для очищения кожи,Аксессуары,high,True
45735,Спонж для умывания,Уход за лицом,,False
45736,Коврик для мытья кистей,Аксессуары,high,True
45758,Тканевая сумка-шоппер,Аксессуары,,False
45798,Жидкое мыло для рук с лимоном и вербеной essense & co. (рефил),Уход за руками и ногами,,False
45799,Жидкое мыло для рук и тела с диким маком и ванилью essense & co.,Уход за руками и ногами,,False
45800,Лосьон для рук и тела с диким маком и ванилью essense & co.,Уход за руками и ногами,,False
45816,Набор кремов для рук afternoon tea,Наборы,,False
45817,Жидкое мыло для рук и тела milk & honey gold. золотая классика,Уход за руками и ногами,,False
45819,Питательный крем для рук и тела milk & honey gold. золотая классика,Уход за руками и ногами,,False
45821,Бодрящий гель для душа с розовым грейпфрутом scents & moments,Уход за телом,,False
45840,Питательный крем для ног с экстрактом клюквы и маслом грецкого ореха feet up,Уход за руками и ногами,,False
45843,Шлифовальная пилка для ног,Уход за руками и ногами,,False
45847,Мужской триммер 4-в-1,Уход за телом,,False
45848,Детский шампунь для волос love nature,Уход за волосами,,False
45849,Детское мыло love nature,Уход за телом,,False
45851,Детский шампунь с ароматом мандарина и имбирного печенья love nature,Парфюмерия,,False
45852,Детский спрей с ароматом мандарина и имбирного печенья love nature,Парфюмерия,,False
45853,Крем для душа с органическим маслом какао и мятой love nature,Уход за телом,,False
45854,Мыло с органическим маслом какао и мятой love nature,Уход за телом,,False
45855,Универсальный крем для лица и тела с органическим маслом какао и мятой love nature,Уход за лицом,,False
45858,Мыло blooming blossom,Уход за телом,,False
45859,Крем для рук blooming blossom,Уход за руками и ногами,,False
45860,Гель для душа blooming blossom,Уход за телом,,False
45868,Ароматная пена для ванн с цитрусом happy holidays,Уход за телом,,False
45870,Тени для век - Дерзкий золотой,Макияж,medium,True
45871,Тени для век - Впечатляющий медный,Макияж,medium,True
45878,Ароматное мыло с цитрусом и рождественскими специями happy holidays,Уход за телом,,False
45879,Ароматный крем для рук с цитрусом happy holidays,Уход за руками и ногами,,False
45880,Туалетная вода venture power,Парфюмерия,,False
45881,Туалетная вода venture,Парфюмерия,,False
45882,Туалетная вода venture unlimited,Парфюмерия,,False
45890,Туалетная вода excite by oriflame,Парфюмерия,,False
45891,Туалетная вода excite for him,Парфюмерия,,False
45915,Носки с оленями в новогоднем стиле,Одежда и текстиль,,False
45919,Омолаживающая сыворотка для лица novage+ restore (пробник),Уход за лицом,,False
45920,Омолаживающий крем для контура глаз и губ novage+ restore (пробник),Уход за лицом,,False
45921,Омолаживающий дневной крем spf 30 novage+ restore (пробник),Уход за лицом,,False
45922,Омолаживающий ночной крем novage+ restore (пробник),Уход за лицом,,False
45923,Комплексный омолаживающий уход novage+ restore,Уход за лицом,,False
45933,Лак для ногтей oncolour - розовый зефир,Макияж,,False
45934,Помада - Конфетно-розовый,Макияж,medium,True
45935,Помада - Мягкий коралл,Макияж,medium,True
45936,Крем-брюле,Уход за лицом,,False
45941,Лак для ногтей - Морозная лаванда,Макияж,medium,True
45942,Лак для ногтей - Полярная роза,Макияж,medium,True
45943,Лак для ногтей - Голубой лёд,Макияж,medium,True
45944,Лак для ногтей - Синий иней,Макияж,medium,True
45967,Мужские духи gg essenza man elixir,Парфюмерия,,False
46015,Антицеллюлитный массажёр the body edition,Уход за телом,,False
46019,Тоник для лица с органическим алоэ вера и кокосовой водой,Уход за лицом,,False
46028,Триммер для лица и тела,Уход за лицом,,False
46043,Туалетная вода women's collection charming violet,Парфюмерия,,False
46044,Туалетная вода men's collection agave power,Парфюмерия,,False
46045,Мужская парфюмерная вода mister giordani,Парфюмерия,,False
46047,Парфюмерная вода love potion cherry on top,Парфюмерия,,False
46052,Парфюмерная вода volare tender,Парфюмерия,,False
46054,Парфюмерная вода volare tender,Парфюмерия,,False
46055,Мужские духи giordani gold essenza man,Парфюмерия,,False
46056,Туалетная вода scope time loop,Парфюмерия,,False
46057,Туалетная вода scope earth wonder,Парфюмерия,,False
46058,Туалетная вода scope time loop,Парфюмерия,,False
46059,Туалетная вода scope earth wonder,Парфюмерия,,False
46060,Духи all or nothing amplified,Парфюмерия,,False
46061,Духи all or nothing amplified,Парфюмерия,,False
46062,Туалетная вода eclat amour intensité,Парфюмерия,,False
46063,Туалетная вода eclat toujours intensite,Парфюмерия,,False
46064,Мужская парфюмерная вода nordic waters infinite blue,Парфюмерия,,False
46065,Туалетная вода oh! sweet gelato vibes,Парфюмерия,,False
46066,Туалетная вода scope across space,Парфюмерия,,False
46068,Мерная ложка,Wellness и питание,,False
46069,Набор специальных смягчающих средств,Наборы,,False
46070,Увлажняющий гель для умывания с органическим алоэ вера и экстрактом ананаса love nature,Уход за лицом,,False
46071,Увлажняющий крем для лица с органическим алоэ вера и экстрактом ананаса love nature,Уход за лицом,,False
46072,Маска для лица с алоэ вера и экстрактом ананаса love nature,Уход за лицом,,False
46106,Крем для лица wellosophy - разглаживание и обновление,Уход за лицом,,False
46107,Гель-сыворотка для лица wellosophy - омоложение и восстановление,Уход за лицом,,False
46134,Выравнивающий bb-крем с spf 15 the one - ванильный,Уход за лицом,,False
46135,Тональное средство - Светлый беж,Макияж,medium,True
46136,Слоновая кость,Макияж,high,True
46137,Тёплый беж,Макияж,high,True
46149,Увлажняющий гель после бритья north for men subzero,Уход за телом,,False
46211,Маска для лица с эффектом пилинга waunt (пробник),Уход за лицом,,False
46217,Туалетная вода eclat mademoiselle,Парфюмерия,,False
46219,Мини-крем для рук,Уход за руками и ногами,,False
46292,Детский шампунь для волос и тела love nature,Уход за волосами,,False
46293,Женский подарочный пакет в праздничном стиле,Товары для дома и подарки,,False
46294,Мужской подарочный пакет в праздничном стиле,Товары для дома и подарки,,False
46296,Подарочный конверт для косметики,Аксессуары,high,True
46319,Сыворотка для лица с ниацинамидом 10% novage+,Уход за лицом,,False
46329,Тональная основа с эффектом сияния the one illuskin glow reflective - ванильный (нейтральный),Макияж,,False
46330,Фарфоровый (холодный),Макияж,high,True
46331,Мраморный (нейтральный),Макияж,high,True
46332,Слоновая кость (нейтральный),Макияж,high,True
46333,Бежевый (нейтральный),Макияж,high,True
46334,Бежевый (тёплый),Макияж,high,True
46335,Тональная основа с эффектом сияния the one - нейтральный ванильный,Макияж,,False
46338,Слоновая кость,Макияж,high,True
46340,Тёплый беж,Макияж,high,True
46351,Стойкие тени-подводка для век the one colour unlimited - безупречный персик,Макияж,,False
46352,Бронзовый песок,Макияж,high,True
46353,Серый гранит,Макияж,medium,True
46357,Массажная щётка для волос stylerpro,Уход за волосами,,False
46358,Щётка-брашинг для волос stylerpro,Уход за волосами,,False
46359,Скелетная щётка для волос stylerpro,Уход за волосами,,False
46361,Щётка для укладки волос stylerpro,Уход за волосами,,False
46362,Широкая массажная щётка для волос stylerpro,Уход за волосами,,False
46364,Детский шампунь с органической кокосовой водой love nature,Уход за волосами,,False
46365,Детское мыло с органической кокосовой водой love nature,Уход за телом,,False
46366,Освежающий гель для интимной гигиены feminelle. лимитированный выпуск,Гигиена и полость рта,,False
46367,Гель для бритья feminelle,Уход за телом,,False
46370,Тонизирующий гель для душа love nature,Уход за телом,,False
46371,Питательный несмываемый кондиционер для волос love nature,Уход за волосами,,False
46372,"Тонизирующий крем для рук с лимоном, органической морковью и имбирём love nature",Уход за руками и ногами,,False
46373,Ночной увлажняющий крем для ног feet up everyday,Уход за руками и ногами,,False
46374,Крем-антиперспирант для ног feet up everyday,Дезодоранты,,False
46375,Смягчающий крем для ног feet up everyday,Уход за руками и ногами,,False
46376,Освежающий спрей-дезодорант для ног feet up everyday,Дезодоранты,,False
46377,Питательная маска для ступней feet up everyday,Уход за руками и ногами,,False
46381,Шариковый дезодорант-антиперспирант для максимальной свежести activelle,Дезодоранты,,False
46382,Спрей дезодорант-антиперспирант для максимальной свежести activelle,Дезодоранты,,False
46383,Очищающий шампунь для жирных волос love nature,Уход за волосами,,False
46392,Туалетная вода eclat amour intensité,Парфюмерия,,False
46393,Туалетная вода eclat toujours intensité,Парфюмерия,,False
46394,Увлажняющий блеск для губ the one - естественный блеск,Макияж,,False
46395,Блестящий нюд,Макияж,high,True
46396,Деликатная роза,Макияж,high,True
46397,Сияющий коралл,Макияж,high,True
46398,Сливочная карамель,Макияж,high,True
46399,Стик для макияжа The ONE - Солнечный румянец,Макияж,high,True
46400,Золотистый закат,Макияж,high,True
46401,Щётка для распутывания волос stylerpro,Уход за волосами,,False
46402,Двусторонняя расчёска stylerpro,Аксессуары,,False
46403,Расчёска для начёсов stylerpro,Аксессуары,,False
46404,Инструмент для чистки расчёсок Styler Pro,Аксессуары,high,True
46405,Спонж для лица waunt,Уход за лицом,,False
46406,Спонж для влажного и сухого макияжа,Аксессуары,,False
46411,Набор для педикюра,Наборы,,False
46412,Многоразовый бритвенный станок,Уход за телом,,False
46413,Сменные кассеты для бритвенного станка,Уход за телом,,False
46422,Косметичка,Аксессуары,,False
46435,Кремовая губная помада the one smart sync - румяный нюд,Макияж,,False
46436,Золотая карамель,Макияж,high,True
46437,Тёплое какао,Макияж,high,True
46438,Мягкий терракотовый,Макияж,high,True
46439,Губная помада - Розовый клевер,Макияж,medium,True
46440,Губная помада - Нежный розовый,Макияж,medium,True
46441,Губная помада - Розовое дерево,Макияж,medium,True
46442,Губная помада - Мягкий пурпурный,Макияж,medium,True
46443,Губная помада - Горячее мокко,Макияж,medium,True
46444,Губная помада - Сладкий шоколад,Макияж,medium,True
46445,Губная помада - Крепкий эспрессо,Макияж,medium,True
46446,Губная помада - Насыщенный ягодный,Макияж,medium,True
46447,Губная помада - Классический красный,Макияж,medium,True
46448,Губная помада - Кирпичный красный,Макияж,medium,True
46449,Губная помада - Загадочный вишневый,Макияж,medium,True
46465,Двусторонний карандаш для глаз oncolour - ледяная синева,Макияж,,False
46466,Оттенок макияжа - Лиловая арктика,Макияж,medium,True
46470,Освежающее жидкое мыло с органическим зелёным чаем и огурцом love nature,Уход за телом,,False
46475,Женские солнцезащитные очки в коричневой оправе,Уход за телом,,False
46477,Коврик для пляжа,Товары для дома и подарки,medium,True
46483,Стойкие тени-карандаш для век the one colour - магнетический персиковый,Макияж,,False
46484,Оттенок макияжа - Изысканный розовый,Макияж,medium,True
46485,Оттенок макияжа - Пленительный м156,Макияж,medium,True
46486,Выравнивающий bb-крем the one - светлый беж,Уход за лицом,,False
46487,Оттенок макияжа - Тёплый беж,Макияж,medium,True
46492,Массажёр для кожи головы duologi,Уход за телом,,False
46497,Маска для волос с органическим манго и маракуйей love nature,Уход за волосами,,False
46498,Гель для душа с органическим манго и маракуйей love nature,Уход за телом,,False
46519,Набор косметичек,Наборы,,False
46524,Кошелёк,Аксессуары,,False
46525,Кошелёк dune,Аксессуары,,False
46540,Увлажняющий крем для лица love nature,Уход за лицом,,False
46542,Успокаивающая маска для лица love nature,Уход за лицом,,False
46543,Очищающий гель для лица optimals,Уход за лицом,,False
46549,Тушь для ресниц 360 с эффектом подкручивания the one - чёрный,Макияж,,False
46555,Водостойкий маркер-подводка для глаз the one - синий сапфир,Макияж,,False
46556,Оттенок макияжа - Зелёный нефрит,Макияж,low,True
46558,Сумка-трансформер с выдвижными колёсами,Аксессуары,,False
46569,Стойкие матовые жидкие тени для век the one - песочный,Макияж,,False
46570,Оттенок макияжа - Бронзовый,Макияж,medium,True
46571,Оттенок макияжа - Эспрессо,Макияж,medium,True
46573,Шампунь против выпадения волос duologi,Уход за волосами,,False
46574,Шампунь против перхоти duologi,Уход за волосами,,False
46576,Насыщенный крем-кондиционер для волос duologi,Уход за волосами,,False
46587,Блеск для губ oncolour - кристальный кокос,Макияж,,False
46588,Розовый лимонад,Макияж,low,True
46589,Манго,Макияж,low,True
46590,Малиновый крем,Уход за лицом,,False
46591,Ваниль,Макияж,low,True
46592,Персиковый леденец,Макияж,high,True
46593,Чёрная смородина,Макияж,high,True
46594,Дульче де лече,Макияж,high,True
46595,Гель-фиксатор для бровей the one,Макияж,,False
46599,Кремовая помада в мини-формате oncolour - спелая ежевика,Макияж,,False
46600,Сочный вишнёвый,Макияж,high,True
46601,Тёплый розовый,Макияж,high,True
46602,Благородный винный,Макияж,high,True
46603,Огненный красный,Макияж,high,True
46604,Яркий розовый,Макияж,high,True
46605,Терракотовый красный,Макияж,high,True
46606,Мужская парфюмерная вода nordic waters infinite blue,Парфюмерия,,False
46607,Губная помада с блестящим стержнем the one - неповторимый нюд,Макияж,,False
46608,Впечатляющий розовый,Макияж,high,True
46609,Алый рубин,Макияж,high,True
46611,Кремовая помада в мини-формате oncolour - мягкая корица,Макияж,,False
46612,Персиковый нюд,Макияж,high,True
46613,Пыльный лиловый,Макияж,high,True
46615,Тушь для ресниц с эффектом веерного объёма oncolour girl power - чёрный,Макияж,,False
46619,Мыло neon vibes,Уход за телом,,False
46620,Гель для душа neon vibes,Уход за телом,,False
46621,Лосьон для рук и тела neon vibes,Уход за руками и ногами,,False
46622,Шампунь для кудрявых и вьющихся волос duologi,Уход за волосами,,False
46623,Фиолетовая маска для нейтрализации желтизны duologi,Уход за лицом,,False
46624,Фиолетовый шампунь для нейтрализации желтизны duologi,Уход за волосами,,False
46626,Мыло с ароматом сливы и синего чая starlit sky,Парфюмерия,,False
46627,Крем для рук с ароматом сливы и синего чая starlit sky,Парфюмерия,,False
46628,Пена для ванны с ароматом сливы и синего чая starlit sky,Парфюмерия,,False
46631,Шампунь для волос и тела north for men subzero,Уход за волосами,,False
46632,Пена для бритья и умывания 2 в 1 north for men subzero,Уход за лицом,,False
46633,Шариковый дезодорант-антиперспирант north for men subzero,Дезодоранты,,False
46634,Жидкое мыло для рук и тела milk & honey gold - жасмин,Уход за руками и ногами,,False
46635,Крем для рук и тела milk & honey gold - жасмин,Уход за руками и ногами,,False
46636,Питательный крем для ног с экстрактом сливы и маслом ши feet up,Уход за руками и ногами,,False
46637,Крем для рук beyoutiful,Уход за руками и ногами,,False
46638,Мыло beyoutiful,Уход за телом,,False
46639,Мыло ray of sunshine,Уход за телом,,False
46640,Крем для рук ray of sunshine,Уход за руками и ногами,,False
46641,Гель для душа ray of sunshine,Уход за телом,,False
46642,Жидкое мыло для рук и тела с лимоном и вербеной essense & co.,Уход за руками и ногами,,False
46643,Лосьон для рук и тела с лимоном и вербеной essense & co.,Уход за руками и ногами,,False
46648,Женская парфюмерная вода nordic waters infinite blue,Парфюмерия,,False
46656,Набор аксессуаров для завивки волос,Наборы,,False
46660,Шелковистая кисть для тональной основы giordani gold,Макияж,,False
46661,Скребок гуаша для лица,Уход за лицом,,False
46664,Шейкер,Wellness и питание,,False
46665,Женская парфюмерная вода nordic waters infinite blue,Парфюмерия,,False
46666,Алый закат,Макияж,high,True
46667,Дивный красный,Макияж,high,True
46668,Розовое небо,Макияж,high,True
46669,Солнечный нюд,Макияж,high,True
46679,Палитра подводок для глаз the one,Наборы,,False
46682,Тканевая салфетка для снятия макияжа,Товары для дома и подарки,,False
46683,Щётка для душа 3 в 1,Уход за телом,,False
46685,Охлаждающее полотенце,Одежда и текстиль,,False
46701,Лак для ногтей oncolour - уютная корица,Макияж,,False
46702,Огненный красный,Макияж,high,True
46703,Пряный чай,Макияж,high,True
46704,Магический мокко,Макияж,high,True
46705,Гель-лак для ногтей the one - гламурный зелёный,Макияж,,False
46706,Эффектный розовый,Макияж,high,True
46707,Властный красный,Макияж,high,True
46708,Загадочный бронзовый,Макияж,medium,True
46709,Туалетная вода eclat festivité,Парфюмерия,,False
46714,Раскладная косметичка с ярким принтом,Аксессуары,,False
46717,Туалетная вода divine royal,Парфюмерия,,False
46718,Специальное смягчающее средство,Уход за лицом,,False
46726,Мочалка-варежка,Уход за телом,,False
46727,Мужская косметичка,Аксессуары,,False
46728,Шлифовальная пилка для ног,Уход за руками и ногами,,False
46731,Жидкое мыло с лимоном и вербеной essense & co. (рефил),Уход за телом,,False
46732,Очищающий скраб для лица с яблоком и органическим кейлом love nature,Уход за лицом,,False
46733,"Тонизирующая маска для лица с лимоном, органической морковью и имбирём love nature",Уход за лицом,,False
46734,Питательная маска для лица с цветками банана и органическими ягодами асаи love nature,Уход за лицом,,False
46735,Парфюмерная вода miss giordani floral,Парфюмерия,,False
46736,Освежающий гель для душа с органическим зелёным чаем и огурцом love nature,Уход за телом,,False
46737,Бодрящий гель для душа с органической кокосовой водой и дыней love nature,Уход за телом,,False
46738,Ухаживающий крем для душа с органическим овсом и абрикосом love nature,Уход за телом,,False
46746,"Набор серёг "" Блистательное трио """,Наборы,,False
46761,Подарочный пакет с зимним принтом большой для неё,Товары для дома и подарки,,False
46763,Шкатулка для украшений,Товары для дома и подарки,high,True
46792,Туалетная вода eclat femme weekend riviera,Парфюмерия,,False
46793,Туалетная вода every me sweetheart rose,Парфюмерия,,False
46794,Туалетная вода oh! sweet bubble tea party,Парфюмерия,,False
46795,Туалетная вода eclat homme weekend azur,Парфюмерия,,False
46801,Парфюмерная вода divine dark velvet,Парфюмерия,,False
46805,Парфюмированный спрей amber elixir warm temptation,Парфюмерия,,False
46806,Парфюмированный спрей possess mythical seduction,Парфюмерия,,False
46807,Парфюмированный спрей giordani gold everlasting glow,Парфюмерия,,False
46871,Палетка теней для век oncolour нежная романтика,Макияж,,False
46872,Базовое покрытие для ногтей,Макияж,,False
46873,Закрепляющее покрытие для лака для ногтей,Макияж,high,True
46874,Гель-лак для ногтей - снежный вихрь,Макияж,,False
46875,Ванильный латте,Макияж,high,True
46876,Сахарный леденец,Макияж,high,True
46877,Крем-брюле,Уход за лицом,,False
46878,Розовый зефир,Макияж,high,True
46879,Сладкая вата,Макияж,high,True
46880,Цветущая сирень,Макияж,high,True
46881,Чайная роза,Макияж,high,True
46882,Страстный красный,Макияж,high,True
46883,Пряный шафран,Макияж,high,True
46884,Тёмный рубин,Макияж,high,True
46885,Чистое небо,Макияж,high,True
46886,Дикий шалфей,Макияж,high,True
46887,Горячий шоколад,Макияж,high,True
46888,Стойкий маркер для губ The ONE Stain & Stay - Нюд,Макияж,high,True
46889,Стойкий маркер для губ The ONE Stain & Stay - Дыня,Макияж,high,True
46890,Стойкий маркер для губ The ONE Stain & Stay - Роза,Макияж,high,True
46891,Стойкий маркер для губ The ONE Stain & Stay - Чили,Макияж,high,True
46892,Стойкий маркер для губ The ONE Stain & Stay - Вишня,Макияж,high,True
46893,Стойкий маркер для губ The ONE Stain & Stay - Терракота,Макияж,high,True
46896,Тушь для ресниц с эффектом объёма the one чёрный,Макияж,,False
46897,Водостойкая тушь для ресниц с эффектом ошеломительного объёма the one - чёрный,Макияж,,False
46900,Очищающий крем для лица optimals,Уход за лицом,,False
46901,Румяна-бронзер в шариках giordani gold,Макияж,,False
46906,Адаптивная тональная основа-антистресс the one everlasting sync spf 20 - слоновая кость,Макияж,,False
46907,Ванильный,Макияж,medium,True
46908,Фарфоровый,Макияж,high,True
46909,Мраморный,Макияж,high,True
46910,Светлый розовый,Макияж,high,True
46911,Светлый беж,Макияж,high,True
46912,Мягкий песочный,Макияж,high,True
46913,Тёплый беж,Макияж,high,True
46914,Натуральный беж,Макияж,high,True
46915,Карамельный,Макияж,high,True
46916,Капучино,Макияж,high,True
46917,Тёмный ореховый,Макияж,high,True
46918,Стойкие тени-карандаш для век the one - бронзовый,Макияж,,False
46919,Песочный,Макияж,high,True
46920,Серебряный,Макияж,high,True
46921,Нюд,Макияж,high,True
46922,Шампань,Макияж,high,True
46923,Морозный уголь,Макияж,high,True
46924,Лаванда,Макияж,high,True
46925,Бирюза,Макияж,high,True
46926,Матовый розовый,Макияж,high,True
46927,Матовый беж,Макияж,high,True
46928,Матовый шоколад,Макияж,high,True
46929,Матовый сливовый,Макияж,high,True
46930,Матовая корица,Макияж,high,True
46931,Бронзирующий крем-тон gg essenza - золотистый,Уход за лицом,,False
46934,Пудра-бронзер giordani gold essenza - естественное сияние,Макияж,,False
46935,Пудра-бронзер gg essenza - золотистый загар,Макияж,,False
46938,Кремовый стик для макияжа the one - нюдовый,Уход за лицом,,False
46939,Коралловый,Макияж,high,True
46940,Розовый,Макияж,high,True
46941,Виноградный,Макияж,high,True
46957,Сатиновая губная помада giordani gold iconic - нежная роза,Макияж,,False
46958,Розовый персик,Макияж,high,True
46959,Ягодный красный,Макияж,high,True
46964,Мягкий гель для интимной гигиены с экстрактом хлопка feminelle,Гигиена и полость рта,,False
46965,Деликатный гель для интимной гигиены с экстрактом алоэ вера feminelle,Гигиена и полость рта,,False
46966,Увлажняющий крем-гель для интимной гигиены с гиалуроновой кислотой и экстрактом персика feminelle,Гигиена и полость рта,,False
46968,Питательный крем для рук и тела milk & honey gold,Уход за руками и ногами,,False
46969,Сахарный скраб для тела milk & honey gold,Уход за телом,,False
46970,Крем для душа milk & honey gold,Уход за телом,,False
46971,Крем-мыло milk & honey gold,Уход за телом,,False
46972,Освежающий спрей-дезодорант для ног с дыней и мятой feet up,Дезодоранты,,False
46974,Мыло treasured moments,Уход за телом,,False
46975,Освежающий крем для ног с дыней и мятой feet up,Уход за руками и ногами,,False
46979,Парфюмированный крем для рук love potion cherry on top,Парфюмерия,,False
46980,Парфюмированный крем для тела giordani gold essenza supreme,Парфюмерия,,False
46981,Сыворотка-размягчитель мозолей и натоптышей feet up expert,Уход за лицом,,False
46982,Дезодорант-антиперспирант для ног feet up expert,Дезодоранты,,False
46983,Интенсивно увлажняющая маска для ног feet up expert,Уход за руками и ногами,,False
46984,Пре-шампунь для восстановления повреждённых волос duologi,Уход за волосами,,False
46985,Гель для укладки duologi,Уход за волосами,,False
46986,Гель для душа с органическим экстрактом арбуза love nature,Уход за телом,,False
46987,Гель для душа с органическим манго love nature,Уход за телом,,False
46989,Специальное смягчающее средство с экстрактом мандарина,Уход за лицом,,False
46990,Увлажняющая гелевая маска для лица с органическим экстрактом арбуза love nature,Уход за лицом,,False
46991,Успокаивающая гелевая маска для лица с органическим экстрактом киви love nature,Уход за лицом,,False
46992,Гелевая маска для сияния кожи лица с органическим экстрактом манго love nature,Уход за лицом,,False
46999,Крем для лица с экстрактом чиа и органическим мёдом love nature,Уход за лицом,,False
47001,Маска для лица с экстрактом чиа и органическим мёдом love nature,Уход за лицом,,False
47002,Мицеллярная вода с экстрактом чиа и органическим мёдом love nature,Уход за лицом,,False
47003,Увлажняющий тоник с органическим алоэ вера и экстрактом ананаса love nature,Уход за лицом,,False
47005,Подтягивающий дневной крем spf 20 royal velvet,Уход за лицом,,False
47006,Подтягивающий ночной крем royal velvet,Уход за лицом,,False
47007,Подтягивающий крем для век royal velvet,Макияж,,False
47008,Крем для загрубевшей кожи ног feet up expert,Уход за лицом,,False
47009,Гель для душа с органическим алоэ вера simple joys love nature,Уход за телом,,False
47010,Гель для душа с органическим ананасом simple joys love nature,Уход за телом,,False
47011,Парфюмированный крем для тела giordani gold essenza,Парфюмерия,,False
47012,Парфюмированный крем для тела amber elixir,Парфюмерия,,False
47013,Парфюмированный крем для тела love potion,Парфюмерия,,False
47014,Парфюмированный крем для тела eclat femme weekend,Парфюмерия,,False
47015,Парфюмированный крем для тела possess,Парфюмерия,,False
47016,Парфюмированный крем для тела divine,Парфюмерия,,False
47017,Парфюмированный крем для тела divine exclusive,Парфюмерия,,False
47018,Парфюмированный крем для тела eclat femme,Парфюмерия,,False
47019,Парфюмированный крем для тела love potion sensual ruby,Парфюмерия,,False
47020,Парфюмированный крем для тела all or nothing amplified,Парфюмерия,,False
47029,Парфюмированная вода mister giordani restage edp vial,Парфюмерия,,False
47072,Мыло milk & honey gold - жасмин,Уход за телом,,False
47092,Подарочный пакет с зимним принтом большой для него,Товары для дома и подарки,,False
47093,Носки для ухода за кожей ног,Одежда и текстиль,,False
47094,Повязка на голову,Аксессуары,,False
47099,Освежающий гель для интимной гигиены с розовой водой feminelle,Гигиена и полость рта,,False
47100,Тушь для ресниц 5 в 1 the one. праздничный выпуск - чёрный,Макияж,,False
47101,Подводка для глаз the one wonder liner - золотой,Макияж,,False
47102,Сыворотка-концентрат антивозрастного действия с ретинолом novage+ proceuticals,Уход за лицом,,False
47103,Капсулы для лица с 20% витамином с novage proceuticals,Уход за лицом,,False
47104,Сыворотка-пилинг для обновления кожи с aha-кислотами novage proceuticals,Уход за лицом,,False
47105,Сыворотка-концентрат для повышения упругости кожи с пептидами novage+,Уход за лицом,,False
47118,Массажёр для кожи головы arctic ritual,Уход за телом,,False
47119,Гелевые подушечки для век arctic ritual,Макияж,,False
47122,Складная кисть 3 в 1,Аксессуары,,False
47124,Набор резинок для волос,Наборы,,False
47128,Адаптивная тональная основа-антистресс the one everlasting sync spf 20 - ванильный,Макияж,,False
47129,Светлый беж,Макияж,high,True
47130,Тёплый беж,Макияж,high,True
47167,Многофункциональная тушь для ресниц 5 в 1 the one wonderlash,Макияж,,False
47168,Многофункциональная тушь для ресниц 5 в 1 the one wonderlash xxl - чёрный,Макияж,,False
47170,Объёмная тушь для ресниц oncolour,Макияж,,False
4718,Лопаточки для крема,Аксессуары,,False
47180,"Бальзам-масло для губ waunt "" Разглаживающий эффект "" - светлый розовый",Уход за лицом,,False
47181,Мягкий бежевый,Макияж,high,True
47182,Нежный персиковый,Макияж,high,True
47185,Бальзам для губ с эффектом сияния the one - волшебный блеск,Макияж,,False
47188,Жидкий хайлайтер с эффектом сияния the one - лунный свет,Макияж,,False
47189,Жидкие тени для век the one - мерцание звёзд,Макияж,,False
47190,Магия золота,Макияж,medium,True
47191,Волшебная ночь,Макияж,medium,True
47192,Снежное сияние,Макияж,medium,True
47193,Гель для душа с органической клубникой simple joys love nature,Уход за телом,,False
47194,Гель для душа с органическим грейпфрутом simple joys love nature,Уход за телом,,False
47195,Гель для душа с органическим красным яблоком simple joys love nature,Уход за телом,,False
47198,Пена для ванны wonder tale,Уход за телом,,False
47199,Мыло wonder tale,Уход за телом,,False
47200,Крем для рук wonder tale,Уход за руками и ногами,,False
47201,Крем для рук treasured moments,Уход за руками и ногами,,False
47202,Защитный крем для рук и ногтей с органическим экстрактом маракуйи love nature,Уход за руками и ногами,,False
47203,Крем для рук spring song,Уход за руками и ногами,,False
47204,Мыло spring song,Уход за телом,,False
47205,Гель для душа spring song,Уход за телом,,False
47206,Туалетная вода every me sweetheart rose,Парфюмерия,,False
47207,Парфюмированная вода love potion cherry on top,Парфюмерия,,False
47209,Косметичка,Аксессуары,,False
47210,Детская губка для купания love nature,Уход за телом,,False
47211,Косметичка,Аксессуары,,False
47212,Мочалка для душа,Уход за телом,,False
47213,Полотенце-тюрбан для волос,Уход за волосами,,False
47214,Косметичка,Аксессуары,,False
47216,Стеклянная пилка для ног,Уход за руками и ногами,,False
47217,Набор для ухода за ногтями,Наборы,,False
47218,Пинцет,Аксессуары,,False
47220,Щипчики для завивки ресниц с расчёской,Уход за руками и ногами,,False
47221,Подтягивающий дневной крем spf20 royal velvet,Уход за лицом,,False
47222,Подтягивающий ночной крем royal velvet,Уход за лицом,,False
47223,Подтягивающий крем для век royal velvet,Макияж,,False
47224,Увлажняющий крем для рук milk & honey gold,Уход за руками и ногами,,False
47235,"Комплект украшений "" Любовь """,Наборы,,False
47252,Помада для бровей the one - коричневый,Макияж,,False
47253,Тёмно-коричневый,Макияж,high,True
47262,Ночная сыворотка для восстановления повреждённых волос duologi,Уход за волосами,,False
47267,Жидкое мыло для рук и тела с лотосом и кедром essense&co.,Уход за руками и ногами,,False
47268,Лосьон для рук и тела с лотосом и кедром essense&co.,Уход за руками и ногами,,False
47270,Пена для бритья и умывания north for men by giordani gold,Уход за лицом,,False
47271,Гель после бритья north for men by giordani gold,Уход за телом,,False
47273,Крем для душа с органической тыквой и корицей love nature,Уход за телом,,False
47274,Мыло с органической тыквой и корицей love nature,Уход за телом,,False
47275,Крем для рук и тела с органической тыквой и корицей love nature,Уход за руками и ногами,,False
47278,Увлажняющий тоник optimals,Уход за лицом,,False
47328,Жидкое мыло для рук и тела с грушей и бобами тонка essense&co.,Уход за руками и ногами,,False
47329,Лосьон для рук и тела с грушей и бобами тонка essense&co.,Уход за руками и ногами,,False
47377,Многофункциональная тушь для ресниц 5 в 1 the one wonder lash. лимитированный выпуск - чёрный,Макияж,,False
47380,Часы с ремешком-лентой,Аксессуары,,False
47386,Солнцезащитный козырёк,Уход за телом,,False
47411,Ободок для волос,Уход за волосами,,False
47412,Мыло north for men subzero,Уход за телом,,False
47416,Спонж для макияжа,Аксессуары,,False
47417,Шейкер,Wellness и питание,,False
47418,Многоразовая фиксирующая маска для лица,Уход за лицом,,False
47419,Кисть для крема и сыворотки,Аксессуары,,False
47422,Массажёр для кожи вокруг глаз,Уход за лицом,,False
47423,Кусачки для ногтей,Макияж,,False
47424,Пемза для ног,Уход за руками и ногами,,False
47426,Шлифовальная пилка для ног,Уход за руками и ногами,,False
47427,Шлифовальная пилка для ног,Уход за руками и ногами,,False
47428,Инструмент для удаления мозолей,Уход за руками и ногами,high,True
47429,Тёрка для ног,Уход за руками и ногами,,False
47430,Набор кистей для подводки,Наборы,,False
47431,Щётка-массажёр для тела,Уход за телом,,False
47432,Набор бритв для бровей и лица,Наборы,,False
47433,Щётка для распутывания волос,Уход за волосами,,False
47434,Роликовый массажёр для лица,Уход за лицом,,False
47436,Специальное смягчающее средство с маслом какао,Уход за лицом,,False
47437,Увлажняющие патчи для лица optimals,Уход за лицом,,False
47439,Специальное смягчающее средство с экстрактом сахарной сливы,Уход за лицом,,False
47450,Жидкое мыло для рук и тела с диким маком и ванилью essense & co.,Уход за руками и ногами,,False
47451,Деликатный гель для интимной гигиены с экстрактом алоэ вера,Гигиена и полость рта,,False
47452,Освежающий гель для интимной гигиены с розовой водой,Гигиена и полость рта,,False
47453,Сумка-шоппер,Аксессуары,,False
47454,Шарф,Аксессуары,,False
47456,Складной зонт,Аксессуары,,False
47457,Свеча в стеклянном подсвечнике,Товары для дома и подарки,,False
47459,Часы на длинном ремешке,Аксессуары,,False
47480,Цветная тушь the one hypnotic colour - яркий розовый,Макияж,,False
47481,Пудровые тени для бровей the one - светлый коричневый,Макияж,,False
47482,Средний коричневый,Макияж,high,True
47483,Лак для ногтей the one - сладкое киви,Макияж,,False
47484,Нежный персик,Макияж,high,True
47485,Сочный арбуз,Макияж,high,True
47498,Туалетная вода every me drama queen iris,Парфюмерия,,False
47499,Тушь для ресниц 5 в 1 the one.лимитированный выпуск - чёрный,Макияж,,False
47501,Туалетная вода every me drama queen iris,Парфюмерия,,False
47502,Мужская парфюмерная вода mister giordani aqua,Парфюмерия,,False
47503,Туалетная вода midnight magic elvie,Парфюмерия,,False
47504,Тени для век the one colour unlimited - переливающийся медный,Макияж,,False
47505,Перламутровый зелёный,Макияж,high,True
47506,Мерцающий лиловый,Макияж,high,True
47507,Подводка для глаз the one wonder liner - морозный иней,Макияж,,False
47508,Парфюмированная вода mister giordani aqua restage,Парфюмерия,,False
47510,Т-образный массажёр для лица novage+,Уход за лицом,,False
47511,Женские духи gg essenza,Парфюмерия,,False
47513,Парфюмерная вода miss giordani,Парфюмерия,,False
47514,Парфюмерная вода miss giordani floral,Парфюмерия,,False
47515,Туалетная вода eclat femme weekend riviera,Парфюмерия,,False
47516,Туалетная вода eclat homme weekend azur,Парфюмерия,,False
47517,Щёточка для очищения лица,Аксессуары,medium,True
47518,Эпилятор-пружинка для лица,Уход за лицом,,False
47519,Двусторонняя щётка для очищения лица,Аксессуары,,False
47520,Матирующий ролик,Уход за лицом,medium,True
47521,Спонж конняку,Аксессуары,,False
47522,Спонж конняку с углём,Аксессуары,,False
47523,Губка для очищения лица,Уход за телом,,False
47524,Повязка на голову,Аксессуары,,False
47525,Консилер в стике oncolour - слоновая кость,Макияж,,False
47526,Естественный беж,Макияж,high,True
47527,Ночная маска для интенсивного восстановления кожи novage+,Уход за лицом,,False
47529,Многоразовые хлопковые диски для очищения кожи,Аксессуары,high,True
47530,Пинцет для удаления чёрных точек,Аксессуары,,False
47532,Скребок гуаша для тела,Уход за телом,,False
47533,Оттенок - Трендовый фиолетовый,Макияж,high,True
47534,Оттенок - Прохладный мятный,Макияж,high,True
47536,Крем для рук и тела milk & honey gold - магнолия,Уход за руками и ногами,,False
47537,Жидкое мыло для рук и тела milk & honey gold - магнолия,Уход за руками и ногами,,False
47538,Мыло milk & honey gold - магнолия,Уход за телом,,False
47541,Инструмент для декора ногтей,Аксессуары,high,True
47542,Массажная перчатка,Аксессуары,,False
47543,Мочалка для душа,Уход за телом,,False
47544,Двусторонняя щётка для тела,Уход за телом,,False
47545,Отшелушивающая мочалка для душа с углём,Уход за телом,,False
47546,Повязка на голову с ушками мишки,Аксессуары,,False
47547,Массажная перчатка с углём,Аксессуары,,False
47550,Набор кистей для макияжа,Наборы,,False
47551,Силиконовый спонж для макияжа,Аксессуары,,False
47552,Косметичка,Аксессуары,,False
47554,Набор пилок для ногтей,Наборы,,False
47555,Набор контейнеров,Наборы,,False
47556,Косметичка,Аксессуары,,False
47559,Мужская косметичка,Аксессуары,,False
47562,Ножницы для бровей с расчёской,Макияж,,False
47564,Шлифовальная пилка для ног,Уход за руками и ногами,,False
47565,Губка для душа в форме снежинки,Уход за телом,,False
47567,Лёгкий крем для лица optimals hydra radiance,Уход за лицом,,False
47568,Насыщенный крем для лица optimals hydra radiance,Уход за лицом,,False
47569,Очищающий гель для лица optimals,Уход за лицом,,False
47570,Очищающий крем для лица optimals,Уход за лицом,,False
47571,Крем для контура глаз и губ optimals,Уход за лицом,,False
47572,Универсальный крем для лица 10 в 1 optimals,Уход за лицом,,False
47573,Мультифункциональный защитный крем для лица optimals c spf 50,Уход за лицом,,False
47583,Туалетная вода divine dark velvet,Парфюмерия,,False
47587,Фигурные серьги,Украшения,,False
47593,Быстросохнущий лак для ногтей - сливочный бисквит,Макияж,,False
47594,Оттенок - Дикая роза,Макияж,high,True
47595,Оттенок - Холодное золото,Макияж,high,True
47596,Оттенок - Лимонный сорбет,Макияж,high,True
47597,Оттенок - Алые паруса,Макияж,high,True
47598,Оттенок - Коралловый персик,Макияж,high,True
47599,Оттенок - Яркая фуксия,Макияж,high,True
47600,Оттенок - Ягодный поцелуй,Макияж,high,True
47601,Оттенок - Синий деним,Макияж,high,True
47602,Оттенок - Мятная магия,Макияж,high,True
47604,Палетка теней для век oncolour,Макияж,,False
47608,Колье с подвеской янтарного цвета,Украшения,,False
47609,Серьги с подвесками янтарного цвета,Украшения,,False
47610,Кремовая губная помада the one smart sync - румяный нюд,Макияж,,False
47611,Оттенок - Золотая карамель,Макияж,high,True
47612,Оттенок - Тёплое какао,Макияж,high,True
47613,Оттенок - Мягкий терракотовый,Макияж,high,True
47614,Оттенок - Розовый клевер,Макияж,high,True
47615,Оттенок - Нежный розовый,Макияж,high,True
47616,Кремовая губная помада the one smart sync - розовое дерево,Макияж,,False
47617,Оттенок - Мягкий пурпурный,Макияж,high,True
47618,Кремовая губная помада the one smart sync - горячее мокко,Макияж,,False
47619,Оттенок - Сладкий шоколад,Макияж,high,True
47620,Оттенок - Крепкий эспрессо,Макияж,high,True
47621,Оттенок - Насыщенный ягодный,Макияж,high,True
47622,Классический красный,Макияж,medium,True
47623,Кирпичный красный,Макияж,medium,True
47624,Загадочный вишнёвый,Макияж,medium,True
47625,Набор разноцветных серёг-пусетов,Наборы,,False
47626,Набор серёг в классическом стиле,Наборы,,False
47627,Набор украшений с бусинами жемчужного цвета,Наборы,,False
47628,Часы с изумрудным циферблатом,Аксессуары,,False
47630,Серьги-гвоздики с изумрудными кристаллами,Украшения,,False
47631,Колье-цепочка с изумрудными кристаллами,Украшения,,False
47633,Носки с мишками,Одежда и текстиль,,False
47650,Сумка с бантом на цепочке,Украшения,,False
47652,Набор заколок для волос,Наборы,,False
47654,Ободок для волос со стразами,Уход за волосами,,False
47655,Пончо-плед с ушками мишки,Одежда и текстиль,,False
47657,Мужские часы на коричневом ремешке,Аксессуары,,False
47659,Мужской клетчатый шарф,Аксессуары,,False
47660,Набор мужских носков,Наборы,,False
47661,Мужской плетёный браслет,Украшения,,False
47662,Набор украшений с натуральной шпинелью,Наборы,,False
47664,Двусторонняя щёточка-расчёска для ресниц,Аксессуары,,False
47666,Кисть для макияжа,Макияж,,False
47667,Бьюти-кейс,Аксессуары,high,True
47669,Щётка для сухого массажа,Аксессуары,,False
47670,Мочалка для душа love nature,Уход за телом,,False
47671,Пилка для ног 4-в-1,Уход за руками и ногами,,False
47672,Гелевые носки для ухода за кожей ног,Одежда и текстиль,,False
47673,Губка для очищения лица,Уход за телом,,False
47674,Набор для вакуумного массажа лица,Наборы,,False
47675,Массажёр для тела,Уход за телом,,False
47676,Полотенце,Одежда и текстиль,,False
47678,Маска для сна,Уход за лицом,,False
47682,Лёгкий антивозрастной крем для лица optimals,Уход за лицом,,False
47683,Насыщенный антивозрастной крем для лица optimals,Уход за лицом,,False
47684,Разглаживающий крем-филлер для лица optimals,Уход за лицом,,False
47685,Антивозрастная сыворотка optimals,Уход за лицом,,False
47689,Шариковый дезодорант-антиперспирант для экстремальной защиты activelle,Дезодоранты,,False
47691,Шариковый дезодорант-антиперспирант для невидимой защиты activelle,Дезодоранты,,False
47692,Спрей дезодорант-антиперспирант для невидимой защиты activelle,Дезодоранты,,False
47693,Спрей дезодорант-антиперспирант для экстремальной защиты activelle,Дезодоранты,,False
47696,Освежащий спрей-дезодорант для ног с экстрактами лимона и малины feet up,Дезодоранты,,False
47697,Шампунь milk & honey gold,Уход за волосами,,False
47698,Кондиционер для волос milk & honey gold,Уход за волосами,,False
47700,Скраб для тела с ароматом розы и сандала essense & co.,Парфюмерия,,False
47701,Крем-масло для тела с ароматом розы и фиалки essense & co.,Парфюмерия,,False
47702,Маска для рук с ароматом розы и фиалки essense & co.,Парфюмерия,,False
47703,Гель для душа и пена для ванны с ароматом розы и тёмных ягод essense & co.,Парфюмерия,,False
47704,Карандаш-подводка для глаз the one - чёрный,Макияж,,False
47705,Карандаш-подводка для глаз the one - серый,Макияж,,False
47706,Голубой,Макияж,low,True
47707,Коричневый,Макияж,low,True
47708,Изумрудный,Макияж,low,True
47713,Парфюмерная вода infinita you,Парфюмерия,,False
47718,Туалетная вода oh! sweet mashma-love,Парфюмерия,,False
47722,Парфюмерная вода top scents rose mode,Парфюмерия,,False
47723,Парфюмерная вода top scents neon oud,Парфюмерия,,False
47729,Парфюмированный спрей для тела и волос all or nothing amplified,Парфюмерия,,False
47736,Сыворотка для ногтей,Макияж,,False
47737,Корректор для ногтей,Макияж,,False
47738,Масло для ногтей и кутикулы,Макияж,,False
47739,Многофункциональный консилер the one - светлый беж,Макияж,,False
47740,Нейтральный беж,Макияж,medium,True
47741,Тёплый беж,Макияж,medium,True
47742,Зелёный,Макияж,low,True
47743,Персиковый,Макияж,low,True
47745,Парфюмированный спрей для тела и волос giordani gold essenza supreme,Парфюмерия,,False
47759,Шариковый дезодорант-антиперспирант miss giordani,Дезодоранты,,False
47760,Шариковый дезодорант-антиперспирант giordani gold woman,Дезодоранты,,False
47761,Шариковый дезодорант-антиперспирант possess,Дезодоранты,,False
47762,Шариковый дезодорант-антиперспирант mister giordani,Дезодоранты,,False
47763,Шариковый дезодорант-антиперспирант glacier,Дезодоранты,,False
47767,Набор серёг в романтическом стиле,Наборы,,False
47768,Набор украшений в романтическом стиле,Наборы,,False
47769,Набор украшений с перидотом,Наборы,,False
47770,Серьги в форме сердечек,Украшения,,False
47771,Колье с подвеской-сердечком,Украшения,,False
47775,Набор из 4 заколок для волос,Наборы,,False
47776,Мужская косметичка,Аксессуары,,False
47777,Косметичка,Аксессуары,,False
47783,Серьги в форме вишни,Украшения,,False
47784,Набор для ухода за кожей wellosophy+нутрикомплекс,Наборы,,False
47785,"Базовый набор для ухода за кожей+комплекс "" Астаксантин и экстракт черники """,Наборы,,False
47787,Набор для ухода за кожей wellosophy+mvm для женщин,Наборы,,False
47788,"Набор wellosophy+комплекс "" Морской магний и витамин b6 """,Наборы,,False
47790,Массажёр для тела и кожи головы,Уход за телом,,False
47793,Женские духи giordani gold essenza supreme (пробник со спреем),Парфюмерия,,False
47821,Косметичка giordani gold,Аксессуары,,False
47822,Двусторонняя кисть для макияжа,Макияж,,False
47823,Двусторонняя кисть для макияжа,Макияж,,False
47824,Кисть для пудры и румян,Аксессуары,,False
47825,Кисть для тональной основы,Макияж,,False
47826,Кисть для пудры,Аксессуары,,False
47827,Веерная кисть для хайлайтера,Макияж,,False
47828,Кисть для румян,Аксессуары,,False
47829,Кисть для растушёвки теней,Аксессуары,,False
47830,Двусторонняя кисть для теней,Аксессуары,,False
47831,Двусторонняя кисть для бровей,Макияж,,False
47833,Кисть для губной помады,Макияж,,False
47834,Спонж для макияжа,Аксессуары,,False
47835,Щипчики для завивки ресниц,Уход за руками и ногами,,False
47836,Пинцет,Аксессуары,,False
47837,Точилка для карандашей,Аксессуары,,False
47838,Зеркало,Аксессуары,,False
47839,Зеркало,Аксессуары,,False
47840,Косметичка-органайзер,Аксессуары,,False
47841,Спонжи для макияжа,Аксессуары,,False
47847,Базовый набор для ухода за кожей wellosophy,Наборы,,False
47854,Парфюмерная вода top scents rose mode (пробник),Парфюмерия,,False
47855,Парфюмерная вода top scents neon oud (пробник),Парфюмерия,,False
47867,Пляжная сумка,Аксессуары,,False
47869,Солнцезащитные очки,Уход за телом,,False
47870,"Часы "" Поцелуй солнца """,Аксессуары,,False
47871,Колье-цепь с золотистым сиянием,Украшения,,False
47877,Щётка для распутывания волос,Уход за волосами,,False
47878,Губка для душа,Уход за телом,,False
47879,Повязка на голову для умывания,Уход за лицом,,False
47880,Спонж конняку,Аксессуары,,False
47881,Серьги-пусеты с золотистым сиянием,Украшения,,False
47882,Палантин с цветущими лимонами,Аксессуары,,False
47883,Набор кистей для макияжа,Наборы,,False
47885,Спонж для макияжа,Аксессуары,,False
47886,Косметичка-органайзер,Аксессуары,,False
47889,Освежащий крем для ног с экстрактами лимона и малины feet up,Уход за руками и ногами,,False
47931,Сумка с косметичкой,Аксессуары,,False
47932,Солнцезащитные очки,Уход за телом,,False
47937,Шарф-палантин с геометричным принтом,Аксессуары,,False
47938,Косметичка-органайзер,Аксессуары,,False
47949,Туалетная вода midnight magic elvie,Парфюмерия,,False
47951,Пробный комплексный уход против морщин novage+ wrinkle smooth,Уход за лицом,,False
47954,Пробный комплексный лифтинг-уход с насыщенной текстурой novage+ lift + firm,Уход за лицом,,False
47957,Пробный комплексный уход против пигментации novage+ bright intense,Уход за лицом,,False
47959,Пробный комплексный антивозрастной уход с лёгкой текстурой для проблемной кожи novage+ blemish + age,Уход за лицом,,False
47960,Солнцезащитные очки,Уход за телом,,False
47972,Масло-желе для губ The ONE,Макияж,high,True
47973,Тени-карандаш для век с охлаждающим эффектом the one - персиковый закат,Макияж,,False
47974,Солнечное сияние,Макияж,medium,True
47975,Бронзовый рассвет,Макияж,medium,True
47977,Гель для бровей и ресниц с эффектом сияния the one - морозный поцелуй,Макияж,,False
48025,Серьги-пусеты в форме короны,Украшения,,False
48028,Парфюмерная вода giordani gold white,Парфюмерия,,False
48032,Женские духи giordani gold essenza. мини-спрей,Парфюмерия,,False
48038,Цветная тушь the one с эффектом гипнотического взгляда - изысканный сиреневый,Макияж,,False
48039,Глубокий бургунди,Макияж,medium,True
48040,Небесный синий,Макияж,medium,True
48044,Мужская косметичка,Аксессуары,,False
48045,Мужской набор для ухода за ногтями и бровями,Наборы,,False
48048,Носки с белыми мишками,Одежда и текстиль,,False
48059,Перчатки для ухода за кожей рук,Аксессуары,,False
48063,Щипчики для кутикулы,Уход за руками и ногами,,False
48064,Стеклянная пилка для ногтей,Макияж,,False
48065,6-сторонняя пилка для ногтей,Макияж,,False
48067,Маникюрный набор,Наборы,,False
48128,Губка для душа,Уход за телом,,False
48133,Косметичка-органайзер для сумки,Аксессуары,,False
48165,Инструмент 2 в 1 для ухода за кутикулой и ногтями,Уход за лицом,,False
48173,Полотенце,Одежда и текстиль,,False
48178,Мужской кошелёк-органайзер,Аксессуары,,False
48193,Текстурированные серьги-гвоздики,Украшения,,False
48194,Колье из тонированных под перламутр бусин,Украшения,,False
48195,Солнцезащитные очки,Уход за телом,,False
48198,Сумка для отдыха,Аксессуары,,False
48199,Косметичка,Аксессуары,,False
48201,Заколки для волос,Уход за волосами,,False
48298,Бодрящий гель для душа с органической кокосовой водой и дыней love nature. праздничный выпуск,Уход за телом,,False
48300,Освежающий гель для душа с органическим зелёным чаем и огурцом love nature. праздничный выпуск,Уход за телом,,False
48302,Питательный крем для душа с органическим маслом какао и кокоса love nature. праздничный выпуск,Уход за телом,,False
48303,Ухаживающий крем для душа с органическим овсом и абрикосом love nature. праздничный выпуск,Уход за телом,,False
48524,Силиконовые патчи для глаз,Уход за лицом,,False
48525,Набор бритв для бровей и лица,Наборы,,False
48526,Щётка для распутывания волос,Уход за волосами,,False
48540,Плед,Одежда и текстиль,,False
48541,Домашние тапочки,Одежда и текстиль,,False
48543,Термокружка,Товары для дома и подарки,,False
48544,Массажёр для лица,Уход за лицом,,False
48545,Пинцет с подсветкой,Аксессуары,,False
48546,Заколки для волос с бантами,Уход за волосами,,False
48547,Мочалка для душа,Уход за телом,,False
48548,Губка для душа,Уход за телом,,False
48552,Чехол для мыла,Аксессуары,,False
48565,Мыльница,Товары для дома и подарки,high,True
48566,Косметичка,Аксессуары,,False
48567,Сумка на цепочке,Украшения,,False
48568,Серьги со сверкающими вставками,Украшения,,False
48569,Колье со сверкающими вставками,Украшения,,False
48572,Набор кистей для макияжа,Наборы,,False
48573,Щипчики для завивки ресниц,Уход за руками и ногами,,False
48574,Набор из 3 пар серёг,Наборы,,False
48577,Набор из 7 пар серёг-пусетов,Наборы,,False
48578,Набор украшений с кристаллами,Наборы,,False
48579,Набор украшений с жемчужными бусинами,Наборы,,False
48640,Жидкая губная помада с эффектом сияния the one - нюд,Макияж,,False
48641,Розовый,Макияж,low,True
48642,Красный,Макияж,low,True
48645,Супертушь для ресниц giordani gold. лимитированный выпуск,Макияж,,False
48648,Набор специальных смягчающих средств,Наборы,,False
48650,Многофункциональная водостойкая тушь для ресниц 5 в 1 the one wonder lash. лимитированный выпуск - чёрный,Макияж,,False
48652,Повязка на голову и тканевая салфетка для снятия макияжа,Товары для дома и подарки,,False
48656,Оттеночный бальзам для губ oncolour - ванильный круассан,Макияж,,False
48657,Тёплый глинтвейн,Макияж,medium,True
48658,Розовый мармелад,Макияж,medium,True
48659,Вишнёвое желе,Макияж,medium,True
48660,Лёгкий крем для лица против пигментации optimals even out,Уход за лицом,,False
48661,Насыщенный крем для лица против пигментации optimals even out,Уход за лицом,,False
48662,Сыворотка для лица против пигментации optimals even out,Уход за лицом,,False
48667,Чёрный оникс,Макияж,low,True
48675,Набор специальных смягчающих средств,Наборы,,False
48678,Отшелушивающие диски для лица c aha- и bha-кислотами novage+,Уход за лицом,,False
48896,Комплекс Orimetabo Re-balance,Wellness и питание,medium,True
48907,Набор спонжей для макияжа,Наборы,,False
48908,Косметичка с карабином в форме сердца,Аксессуары,,False
48909,Резинка для волос с кармашком,Уход за волосами,,False
48910,Серьги в виде сердец,Украшения,,False
48913,Ожерелье с подвеской в форме сердца,Украшения,,False
48915,Полотенце-тюрбан для волос,Уход за волосами,,False
48917,Массажёр для тела,Уход за телом,,False
48918,Криомассажёр для лица,Уход за лицом,,False
48921,Мужские солнцезащитные очки-авиаторы,Уход за телом,,False
48922,Расчёска-гребень,Аксессуары,,False
48923,Защитная накладка с расчёской для макияжа глаз,Аксессуары,,False
48928,Пробный комплексный омолаживающий уход novage+ restore,Уход за лицом,,False
48929,Браслет-цепочка с логотипом giordani gold,Украшения,,False
48932,Солнцезащитные очки,Уход за телом,,False
48960,Мыло с ароматом лесной свежести scents & moments «таинственный лес»,Парфюмерия,,False
48961,Мыло с цитрусовым ароматом scents & moments «цитрусовый микс»,Парфюмерия,,False
48965,Мыло с акватическим ароматом scents & moments «горное озеро»,Парфюмерия,,False
48980,Пинцет для бровей с расчёской,Макияж,,False
48981,Силиконовая мочалка для душа,Уход за телом,,False
48982,Переводные веснушки из блёсток,Макияж,medium,True
48983,Органайзер,Аксессуары,,False
49126,Зубная паста для чувствительных зубов optifresh,Гигиена и полость рта,,False
49127,Отбеливающая зубная паста optifresh,Гигиена и полость рта,,False
49128,Освежающая зубная паста optifresh,Гигиена и полость рта,,False
49129,Зубная паста с натуральными маслами optifresh,Гигиена и полость рта,,False
49130,Детская зубная паста с клубничным вкусом optifresh,Гигиена и полость рта,,False
49133,Специальное смягчающее средство с маслом семян арбуза. праздничный выпуск,Уход за лицом,,False
49135,Мягкая детская зубная щётка optifresh,Гигиена и полость рта,,False
49136,Зубная щётка средней жёсткости optifresh,Гигиена и полость рта,,False
49137,Мягкая зубная щётка для чувствительных зубов optifresh,Гигиена и полость рта,,False
507001,Каталог №01 2023 (09.01.2023-28.01.2023),Прочее,high,True
507002,Каталог №02 2021 (25.01.2021-13.02.2021),Прочее,high,True
507004,Каталог №04 2020 (09.03.2020-28.03.2020),Прочее,high,True
507005,Каталог №05 2021 (29.03.2021-17.04.2021),Прочее,high,True
507009,Каталог №09 2021 (20.06.2021-10.07.2021),Прочее,high,True
507011,Каталог №11 2021 (01.08.2021-21.08.2021),Прочее,high,True
507012,Каталог №12 2021 (22.08.2021-11.09.2021),Прочее,high,True
507017,Каталог №17 2021 (05.12.2021-25.12.2021),Прочее,high,True
514852,Книга профессора Стигастена,Товары для дома и подарки,medium,True
515562,Подарочный конверт,Товары для дома и подарки,high,True
515563,Набор наклеек,Наборы,,False
515567,"Набор наклеек "" С любовью для него """,Наборы,,False
515568,"Набор наклеек "" С любовью для нее """,Наборы,,False
515571,Праздничные стикеры,Товары для дома и подарки,high,True
524076,Колготки. размер s-m,Одежда и текстиль,,False
524077,Колготки. размер m-l,Одежда и текстиль,,False
524078,Колготки. размер l-xl,Одежда и текстиль,,False
526493,Пакет подарочный,Товары для дома и подарки,high,True
527087,Подарочный пакет novage,Товары для дома и подарки,,False
527091,Подарочный пакет,Товары для дома и подарки,,False
527114,Подарочный пакет «цветы»,Товары для дома и подарки,,False
527115,Подарочный пакет «звезды»,Товары для дома и подарки,,False
527116,Подарочный пакет «сердца»,Товары для дома и подарки,,False
527122,"Подарочный пакет "" Зимняя сказка """,Товары для дома и подарки,,False
527123,"Подарочный пакет "" Новогоднее волшебство "" """,Товары для дома и подарки,,False
527124,"Подарочный пакет "" Дух волшебства """,Товары для дома и подарки,,False
527128,Подарочный пакет (женский),Товары для дома и подарки,,False
527129,Подарочный пакет (мужской),Товары для дома и подарки,,False
527130,Подарочный пакет благотворительный,Товары для дома и подарки,,False
527131,Подарочный пакет для декоративной косметики,Товары для дома и подарки,,False
527143,Подарочный пакет женский,Товары для дома и подарки,,False
527144,Подарочный пакет мужской,Товары для дома и подарки,,False
530040,Карандаш-подводка для глаз «каллиграфия» giordani gold - синий,Товары для дома и подарки,,False
530042,Карандаш-подводка для глаз «каллиграфия» giordani gold - коричневый,Товары для дома и подарки,,False
530094,"Комплекс "" Мультивитамины и минералы "" Для женщин",Wellness и питание,,False
530119,Туалетная вода elvie firefly,Парфюмерия,,False
530137,Парфюмерная вода giordani gold white original,Парфюмерия,,False
530166,Компактные румяна giordani gold heritage - бронзовое сияние,Макияж,,False
530167,Компактные румяна giordani gold heritage - естественное сияние,Макияж,,False
530300,Туалетная вода wonderflower,Парфюмерия,,False
530327,Ультралегкая губная помада 5-в-1 the one colour stylist featherlight - ежевичный мусс,Макияж,,False
530421,Разделяющая тушь для ресниц the one featherlight - черный,Макияж,,False
530422,Разделяющая тушь для ресниц the one featherlight - сливовый,Макияж,,False
530438,Туалетная вода women's collection white lilac,Парфюмерия,,False
530440,Туалетная вода women's collection cherry blossom,Парфюмерия,,False
530445,"Губная помада "" Икона стиля "" Giordani gold - перламутровый беж",Макияж,,False
530448,"Губная помада "" Икона стиля "" Giordani gold - нежный розовый",Макияж,,False
530449,"Губная помада "" Икона стиля "" Giordani gold - классический розовый",Макияж,,False
530450,"Губная помада "" Икона стиля "" Giordani gold - персиковый розовый",Макияж,,False
530451,"Губная помада "" Икона стиля "" Giordani gold - коралловый розовый",Макияж,,False
530452,"Губная помада "" Икона стиля "" Giordani gold - натуральный малиновый",Макияж,,False
530453,"Губная помада "" Икона стиля "" Giordani gold - яркая фуксия",Макияж,,False
530454,"Губная помада "" Икона стиля "" Giordani gold - классический красный",Макияж,,False
530455,"Губная помада "" Икона стиля "" Giordani gold - яркий алый",Макияж,,False
530456,"Губная помада "" Икона стиля "" Giordani gold - кремовый сливовый",Макияж,,False
530457,"Губная помада "" Икона стиля "" Giordani gold - перламутровый лавандовый",Макияж,,False
530458,"Губная помада "" Икона стиля "" Giordani gold - золотистый медный",Макияж,,False
530459,"Губная помада "" Икона стиля "" Giordani gold - шоколадный вишнёвый",Макияж,,False
530495,Парфюмерная вода volare forever,Парфюмерия,,False
530504,Парфюмерная вода amazing paradise,Парфюмерия,,False
530535,Парфюмерная вода my destiny,Парфюмерия,,False
530583,Рассыпчатые тени для век the one featherlight - холодное серебро,Макияж,,False
530584,Рассыпчатые тени для век the one featherlight - золотистая корица,Макияж,,False
530585,Рассыпчатые тени для век the one featherlight - морозная бронза,Макияж,,False
530586,Рассыпчатые тени для век the one featherlight - сияющая лаванда,Макияж,,False
530587,Рассыпчатые тени для век the one featherlight - прохладная мята,Макияж,,False
530611,Маска для волос eleo,Уход за волосами,,False
530613,Восстанавливающее масло для волос eleo,Уход за волосами,,False
530686,Рассыпчатые румяна the one featherlight - роза,Макияж,,False
530687,Рассыпчатые румяна the one featherlight - персик,Макияж,,False
530688,Рассыпчатые румяна the one featherlight - бронза,Макияж,,False
530712,Ультралегкая губная помада 5-в-1 the one colour stylist featherlight - розовое облако,Макияж,,False
530713,Ультралегкая губная помада 5-в-1 the one colour stylist featherlight - персиковое безе,Макияж,,False
530714,Ультралегкая губная помада 5-в-1 the one colour stylist featherlight - элегантный пион,Макияж,,False
530715,Ультралегкая губная помада 5-в-1 the one colour stylist featherlight - цветущая орхидея,Макияж,,False
530716,Ультралегкая губная помада 5-в-1 the one colour stylist featherlight - нежная фрезия,Макияж,,False
530717,Ультралегкая губная помада 5-в-1 the one colour stylist featherlight - кофейная роза,Макияж,,False
530718,Ультралегкая губная помада 5-в-1 the one colour stylist featherlight - пурпурный бархат,Макияж,,False
530748,Тени для век в шариках giordani gold - теплый кофейный,Макияж,,False
530750,Тени для век в шариках giordani gold - морозный синий,Макияж,,False
530751,Тени для век в шариках giordani gold - таинственный зеленый,Макияж,,False
530756,Универсальная супертушь для ресниц giordani gold - черный,Макияж,,False
530795,"Комплекс "" Мультивитамины и минералы "" Для мужчин",Wellness и питание,,False
530797,Туалетная вода giordani gold notte,Парфюмерия,,False
530825,Мужская туалетная вода possess,Парфюмерия,,False
530871,Туалетная вода eclat mademoiselle,Парфюмерия,,False
530950,Туалетная вода eclat lui,Парфюмерия,,False
530998,Парфюмерная вода vip only,Парфюмерия,,False
531268,Губная помада «икона стиля» giordani gold heritage - сатиновый беж,Макияж,,False
531269,Губная помада «икона стиля» giordani gold heritage - сияющий пионовый,Макияж,,False
531270,Губная помада «икона стиля» giordani gold heritage - нежный коралловый,Макияж,,False
531271,Губная помада «икона стиля» giordani gold heritage - элегантный красный,Макияж,,False
531272,Губная помада «икона стиля» giordani gold heritage - глубокий винный,Макияж,,False
531446,"Губная помада "" Икона стиля "" Giordani gold - кремовый беж",Макияж,,False
531447,"Губная помада "" Икона стиля "" Giordani gold - розовый беж",Макияж,,False
531493,Парфюмерная вода love potion secrets,Парфюмерия,,False
531609,Шампунь eleo,Уход за волосами,,False
531610,Кондиционер для волос eleo,Уход за волосами,,False
531636,Туалетная вода s8 icon,Парфюмерия,,False
532159,Мужская туалетная вода happydisiac man,Парфюмерия,,False
532283,Ультрастойкая корректирующая тональная основа spf 30 the one everlasting - ванильный,Макияж,,False
532284,Ультрастойкая корректирующая тональная основа spf 30 the one everlasting - фарфоровый,Макияж,,False
532285,Ультрастойкая корректирующая тональная основа spf 30 the one everlasting - бежево-розовый,Макияж,,False
532286,Ультрастойкая корректирующая тональная основа spf 30 the one everlasting - натуральный беж,Макияж,,False
532287,Ультрастойкая корректирующая тональная основа spf 30 the one everlasting - слоновая кость,Макияж,,False
532288,Ультрастойкая корректирующая тональная основа spf 30 the one everlasting - тёплый беж,Макияж,,False
532317,Матовая губная помада «икона стиля» giordani gold - чайная роза,Макияж,,False
532318,Матовая губная помада «икона стиля» giordani gold - пыльная роза,Макияж,,False
532319,Матовая губная помада «икона стиля» giordani gold - освежающий розовый,Макияж,,False
532320,Матовая губная помада «икона стиля» giordani gold - коралловый розовый,Макияж,,False
532321,Матовая губная помада «икона стиля» giordani gold - оранжевый коралл,Макияж,,False
532322,Матовая губная помада «икона стиля» giordani gold - лиловая орхидея,Макияж,,False
532323,Матовая губная помада «икона стиля» giordani gold - насыщенный ягодный,Макияж,,False
532324,Матовая губная помада «икона стиля» giordani gold - сумеречная роза,Макияж,,False
532325,Матовая губная помада «икона стиля» giordani gold - глубокий малиновый,Макияж,,False
532326,Матовая губная помада «икона стиля» giordani gold - терпкий бордовый,Макияж,,False
532435,Тушь с эффектом накладных ресниц the one hypnotic depth - глубокий черный,Макияж,,False
532436,Тушь с эффектом накладных ресниц the one hypnotic depth - глубокий синий,Макияж,,False
532614,Защитное масло для волос eleo,Уход за волосами,,False
532615,Разглаживающее масло для волос eleo,Уход за волосами,,False
545496,Набор пробников novage ultimate lift (10 наборов),Наборы,,False
545497,Набор пробников novage ecollagen (10 наборов),Наборы,,False
545498,Набор пробников novage true perfection (10 наборов),Наборы,,False
545539,Коробка красоты Oriflame Beauty Box,Товары для дома и подарки,medium,True
545677,Коробка красоты Oriflame Beauty Box №2,Товары для дома и подарки,medium,True
545700,Набор пробников novage time restore,Наборы,,False
545710,Набор пробников novage men,Наборы,,False
545711,Набор пробников novage ultimate lift (5 наборов),Наборы,,False
545712,Набор пробников novage time restore (5 наборов),Наборы,,False
545780,Набор пробников novage ultimate lift (5 наборов),Наборы,,False
545781,Набор пробников novage true perfection (5 наборов),Наборы,,False
545782,Набор пробников novage bright sublime,Наборы,,False
545783,Набор пробников novage ecollagen wrinkle,Наборы,,False
545784,Набор пробников novage time restore,Наборы,,False
545795,Набор пробников novage ecollagen (10 наборов),Наборы,,False
545976,Набор пробников novage skinergise,Наборы,,False
546222,Набор пробник + карточка для пробника amber elixir mystery,Наборы,,False
546292,"Набор "" Включай суперсилу """,Наборы,,False
546322,Набор пробников novage ultimate lift,Наборы,,False
546763,Набор be happy,Наборы,,False
546764,Набор loved up,Наборы,,False
546765,Набор «безмятежность природы»,Наборы,,False
546766,Набор lucia,Наборы,,False
546767,Набор «парфюмерные бестселлеры»,Наборы,,False
546768,Набор north for men,Наборы,,False
546769,Набор glacier,Наборы,,False
546770,Набор «стихия свежести»,Наборы,,False
546771,Набор possess the secret man,Наборы,,False
546772,Набор для макияжа глаз the one,Наборы,,False
546773,Набор для укрепления волос и ногтей,Наборы,,False
546774,Освежающий набор scents & moments,Наборы,,False
546775,Бодрящий набор scents & moments,Наборы,,False
546776,Чувственный набор scents & moments,Наборы,,False
546777,Набор «драгоценные масла»,Наборы,,False
547129,"Набор "" Стиль города """,Наборы,,False
547136,Набор с органическим маслом авокадо love nature,Наборы,,False
547137,Набор north for men subzero,Наборы,,False
547166,Крем для век + тушь для ресниц за 999 руб.,Макияж,,False
547167,Дневной крем + ночной крем за 2199 руб.,Уход за лицом,,False
547168,Крем для рук и тела + крем для душа + крем-мыло за 999 руб.,Уход за руками и ногами,,False
547169,Крем для рук + туалетная вода за 899 руб.,Парфюмерия,,False
547170,Тушь для ресниц + крем для тела за 999 руб.,Макияж,,False
547171,Парфюмерная вода + крем для тела за 2699 руб.,Парфюмерия,,False
547172,Тушь для ресниц + духи за 3499 руб.,Парфюмерия,,False
547173,Тушь для ресниц + духи за 3499 руб.,Парфюмерия,,False
547174,Дневной крем + крем для кожи вокруг глаз за 1299 руб.,Уход за лицом,,False
547175,Крем для кожи вокруг глаз + база под макияж за 1799 руб.,Макияж,,False
547176,Крем для лица + гель-сыворотка для лица + роликовый массажёр за 3299 руб.,Уход за лицом,,False
547177,Крем для лица + маска для лица + специальное смягчающее средство за 599 руб.,Уход за лицом,,False
547178,Средство 3-в-1 + мыло + массажная перчатка за 699 руб.,Уход за телом,,False
547179,Шампунь для волос и тела + мыло за 429 руб.,Уход за волосами,,False
547180,Крем для рук + мыло за 319 руб.,Уход за руками и ногами,,False
547181,Крем для рук + мыло за 319 руб.,Уход за руками и ногами,,False
547190,Крем для тела + женские духи за 3799 руб.,Парфюмерия,,False
547191,Губная помада + женские духи за 3799 руб.,Парфюмерия,,False
547204,Набор milk & honey gold,Наборы,,False
547205,"Набор love nature "" Кокос и какао """,Наборы,,False
547206,"Набор love nature "" Какао и мята """,Наборы,,False
547207,Набор для ухода за руками,Наборы,,False
547208,"Набор love nature "" Цветы и малина """,Наборы,,False
547209,Набор beyoutiful,Наборы,,False
547210,Набор ray of sunshine,Наборы,,False
547252,"Набор "" Летняя мечта """,Наборы,,False
547269,"Набор "" Уверенная свежесть """,Наборы,,False
547284,"Набор "" Магия праздника """,Наборы,,False
547285,"Набор "" Лето круглый год """,Наборы,,False
547286,"Набор "" С чистого листа """,Наборы,,False
547287,"Набор "" В гармонии с природой """,Наборы,,False
547288,"Набор для ухода за кожей "" Нежность и молодость """,Наборы,,False
547289,"Набор для ухода за кожей "" Тонус и энергия """,Наборы,,False
547290,Набор для ухода за губами и руками,Наборы,,False
547291,"Набор для тела "" North for men ultimate balance """,Наборы,,False
547292,"Набор для волос и тела "" North for men subzero """,Наборы,,False
547296,"Набор для рук "" Love nature """,Наборы,,False
547299,Набор springtime stroll,Наборы,,False
547323,"Набор "" Love nature с органической тыквой и корицей """,Наборы,,False
547324,"Набор "" Essense&co с лотосом и кедром """,Наборы,,False
547325,Мыло frosted dreams + туалетная вода lucia + подарочный пакет за 1399 руб.,Товары для дома и подарки,,False
547326,Туалетная вода elvie + мини-крем для рук + подарочный пакет за 1299 руб.,Товары для дома и подарки,,False
547327,Туалетная вода women's collection cherry blossom + чувственный гель для душа + подарочный пакет за 1299 руб.,Товары для дома и подарки,,False
547328,Туалетная вода ascendant + шариковый дезодорант-антиперспирант + подарочный пакет за 1699 руб.,Товары для дома и подарки,,False
547329,Туалетная вода venture power + освежающий гель для душа + подарочный пакет за 1299 руб.,Товары для дома и подарки,,False
547330,Мини-крем для рук + специальное смягчающее средство за 249 руб.,Уход за руками и ногами,,False
547331,Детский шампунь + детское мыло за 399 руб.,Уход за волосами,,False
547332,Набор springtime stroll,Наборы,,False
547333,Набор milk & honey gold,Наборы,,False
547335,Набор пробников wellosophy,Наборы,,False
547339,"Набор для ухода за кожей "" Glow essentials """,Наборы,,False
547350,Набор essense & co.,Наборы,,False
547388,"Набор "" Нежные руки """,Наборы,,False
548013,Набор пробников optimals age revive,Наборы,,False
548014,Набор пробников royal velvet,Наборы,,False
548035,Набор карточка + пробники туалетных вод lost in you,Наборы,,False
548036,Набор карточка + пробник парфюмерной воды gg essenza blossom,Наборы,,False
548037,Набор карточка + пробники парфюмерных вод .se,Наборы,,False
548038,Набор карточка + пробник парфюмерной воды divine original (пробник),Наборы,,False
548039,Набор карточка + пробник парфюмерной воды ascendant intense,Наборы,,False
548040,Парфюмерная вода divine exclusive (пробник),Парфюмерия,,False
548041,Набор карточка + пробники парфюмерных вод signature for him и signature for her,Наборы,,False
548042,Набор пробников novage brilliance infinite luminosity,Наборы,,False
548043,Набор пробников novage skinrelief,Наборы,,False
548052,Набор пробников novage 3.0 lifting,Наборы,,False
548053,Набор пробников novage 3.0 brightening,Наборы,,False
548054,Набор пробников novage 3.0 anti-acne,Наборы,,False
548055,Набор пробников waunt,Наборы,,False
548072,Набор карточка + пробник помады the one - морозная сирень (пробник),Наборы,,False
548104,Набор карточка + пробник стойкой суперматовой губной помады the one colour unlimited - тёмный румянец,Наборы,,False
548112,Набор карточка + пробник стойкой сатиновой губной помады giordani gold iconic - кремовый беж,Наборы,,False
548123,Набор карточка + пробник гармонизирующей тон. основы с эффектом сияния pure úforia giordani gold - фарфоровый,Наборы,,False
548124,Набор карточка + пробник гармонизирующей тон. основы с эффектом сияния pure úforia giordani gold - слоновая кость,Наборы,,False
548125,Набор карточка + пробник гармонизирующей тон. основы с эффектом сияния pure úforia giordani gold - ванильный,Наборы,,False
548126,Набор карточка + пробник гармонизирующей тон. основы с эффектом сияния pure úforia giordani gold - бежевый,Наборы,,False
548127,Набор карточка + пробник гармонизирующей тон. основы с эффектом сияния pure úforia giordani gold - песочный,Наборы,,False
548128,Набор карточка + пробник гармонизирующей тон. основы с эффектом сияния pure úforia giordani gold - миндаль,Наборы,,False
548132,Набор пробников optimals urban guard 3d,Наборы,,False
548133,Набор пробников optimals age revive,Наборы,,False
548134,Набор пробников optimals hydra radiance для комбинированной кожи,Наборы,,False
548135,Набор пробников optimals hydra radiance для сухой кожи,Наборы,,False
548136,Набор пробников optimals even out,Наборы,,False
548176,Набор карточка с пробником тональной основы ever sync stress free - ванильный,Наборы,,False
548177,Набор карточка с пробником тональной основы ever sync stress free - светлый беж,Наборы,,False
548178,Набор карточка с пробником тональной основы ever sync stress free - теплый беж,Наборы,,False
548201,Набор пробник + карточка eclat homme weekend azur для него,Наборы,,False
548202,Карточка + пробник Divine Dark Velvet,Прочее,medium,True
548203,Набор пробник + карточка infinita you,Наборы,,False
548204,Пробник аромата в карточке Rose Mode,Парфюмерия,medium,True
548205,Пробник аромата в карточке Top Scents Oud,Парфюмерия,medium,True
548260,Набор пробников novage+ restore,Наборы,,False
548268,Набор пробников novage 3.0 wrinkle,Наборы,,False
7714,Туалетная вода miss o,Парфюмерия,,False
8020,Мужская туалетная вода s8,Парфюмерия,,False
8124,Туалетная вода free attitude,Парфюмерия,,False
8150,Туалетная вода glacier,Парфюмерия,,False
8590,Мочалка для душа,Уход за телом,,False
8617,Губка для удаления макияжа,Уход за телом,,False
9507,Щеточка для лица,Уход за лицом,,False
9522,Контейнер для ваты,Аксессуары,,False
9587,Щетка-пемза для ног,Уход за руками и ногами,,False
9588,Шлифовальная пилка для ног,Уход за руками и ногами,,False
